graph_id,seed_id,country,scenario_name,density_label,interbank_liability_scale,shock_multiplier,baseline_stable
seed_000_Brazil_orderly_transition_p30_ibx1_0_shockx0_75_no_liquidity_uniform_sector_distribution,seed_000,Brazil,orderly_transition,p30,1.0,0.75,True
seed_000_Brazil_disorderly_transition_p30_ibx1_0_shockx0_75_no_liquidity_uniform_sector_distribution,seed_000,Brazil,disorderly_transition,p30,1.0,0.75,True
seed_000_Brazil_severe_disorderly_transition_p30_ibx1_0_shockx0_75_no_liquidity_uniform_sector_distribution,seed_000,Brazil,severe_disorderly_transition,p30,1.0,0.75,True
seed_000_Brazil_acute_physical_risk_p30_ibx1_0_shockx0_75_no_liquidity_uniform_sector_distribution,seed_000,Brazil,acute_physical_risk,p30,1.0,0.75,True
seed_000_Brazil_combined_transition_physical_p30_ibx1_0_shockx0_75_no_liquidity_uniform_sector_distribution,seed_000,Brazil,combined_transition_physical,p30,1.0,0.75,True
seed_000_Germany_orderly_transition_p30_ibx1_0_shockx0_75_no_liquidity_uniform_sector_distribution,seed_000,Germany,orderly_transition,p30,1.0,0.75,True
seed_000_Germany_disorderly_transition_p30_ibx1_0_shockx0_75_no_liquidity_uniform_sector_distribution,seed_000,Germany,disorderly_transition,p30,1.0,0.75,True
seed_000_Germany_severe_disorderly_transition_p30_ibx1_0_shockx0_75_no_liquidity_uniform_sector_distribution,seed_000,Germany,severe_disorderly_transition,p30,1.0,0.75,True
seed_000_Germany_acute_physical_risk_p30_ibx1_0_shockx0_75_no_liquidity_uniform_sector_distribution,seed_000,Germany,acute_physical_risk,p30,1.0,0.75,True
seed_000_Germany_combined_transition_physical_p30_ibx1_0_shockx0_75_no_liquidity_uniform_sector_distribution,seed_000,Germany,combined_transition_physical,p30,1.0,0.75,True
seed_000_Italy_orderly_transition_p30_ibx1_0_shockx0_75_no_liquidity_uniform_sector_distribution,seed_000,Italy,orderly_transition,p30,1.0,0.75,True
seed_000_Italy_disorderly_transition_p30_ibx1_0_shockx0_75_no_liquidity_uniform_sector_distribution,seed_000,Italy,disorderly_transition,p30,1.0,0.75,True
seed_000_Italy_severe_disorderly_transition_p30_ibx1_0_shockx0_75_no_liquidity_uniform_sector_distribution,seed_000,Italy,severe_disorderly_transition,p30,1.0,0.75,True
seed_000_Italy_acute_physical_risk_p30_ibx1_0_shockx0_75_no_liquidity_uniform_sector_distribution,seed_000,Italy,acute_physical_risk,p30,1.0,0.75,True
seed_000_Italy_combined_transition_physical_p30_ibx1_0_shockx0_75_no_liquidity_uniform_sector_distribution,seed_000,Italy,combined_transition_physical,p30,1.0,0.75,True
seed_000_Spain_orderly_transition_p30_ibx1_0_shockx0_75_no_liquidity_uniform_sector_distribution,seed_000,Spain,orderly_transition,p30,1.0,0.75,True
seed_000_Spain_disorderly_transition_p30_ibx1_0_shockx0_75_no_liquidity_uniform_sector_distribution,seed_000,Spain,disorderly_transition,p30,1.0,0.75,True
seed_000_Spain_severe_disorderly_transition_p30_ibx1_0_shockx0_75_no_liquidity_uniform_sector_distribution,seed_000,Spain,severe_disorderly_transition,p30,1.0,0.75,True
seed_000_Spain_acute_physical_risk_p30_ibx1_0_shockx0_75_no_liquidity_uniform_sector_distribution,seed_000,Spain,acute_physical_risk,p30,1.0,0.75,True
seed_000_Spain_combined_transition_physical_p30_ibx1_0_shockx0_75_no_liquidity_uniform_sector_distribution,seed_000,Spain,combined_transition_physical,p30,1.0,0.75,True
seed_000_Ukraine_orderly_transition_p30_ibx1_0_shockx0_75_no_liquidity_uniform_sector_distribution,seed_000,Ukraine,orderly_transition,p30,1.0,0.75,True
seed_000_Ukraine_disorderly_transition_p30_ibx1_0_shockx0_75_no_liquidity_uniform_sector_distribution,seed_000,Ukraine,disorderly_transition,p30,1.0,0.75,True
seed_000_Ukraine_severe_disorderly_transition_p30_ibx1_0_shockx0_75_no_liquidity_uniform_sector_distribution,seed_000,Ukraine,severe_disorderly_transition,p30,1.0,0.75,True
seed_000_Ukraine_acute_physical_risk_p30_ibx1_0_shockx0_75_no_liquidity_uniform_sector_distribution,seed_000,Ukraine,acute_physical_risk,p30,1.0,0.75,True
seed_000_Ukraine_combined_transition_physical_p30_ibx1_0_shockx0_75_no_liquidity_uniform_sector_distribution,seed_000,Ukraine,combined_transition_physical,p30,1.0,0.75,True
seed_000_United_States_of_America_orderly_transition_p30_ibx1_0_shockx0_75_no_liquidity_uniform_sector_distribution,seed_000,United States of America,orderly_transition,p30,1.0,0.75,True
seed_000_United_States_of_America_disorderly_transition_p30_ibx1_0_shockx0_75_no_liquidity_uniform_sector_distribution,seed_000,United States of America,disorderly_transition,p30,1.0,0.75,True
seed_000_United_States_of_America_severe_disorderly_transition_p30_ibx1_0_shockx0_75_no_liquidity_uniform_sector_distribution,seed_000,United States of America,severe_disorderly_transition,p30,1.0,0.75,True
seed_000_United_States_of_America_acute_physical_risk_p30_ibx1_0_shockx0_75_no_liquidity_uniform_sector_distribution,seed_000,United States of America,acute_physical_risk,p30,1.0,0.75,True
seed_000_United_States_of_America_combined_transition_physical_p30_ibx1_0_shockx0_75_no_liquidity_uniform_sector_distribution,seed_000,United States of America,combined_transition_physical,p30,1.0,0.75,True
seed_000_Brazil_orderly_transition_p30_ibx1_0_shockx1_0_no_liquidity_uniform_sector_distribution,seed_000,Brazil,orderly_transition,p30,1.0,1.0,True
seed_000_Brazil_disorderly_transition_p30_ibx1_0_shockx1_0_no_liquidity_uniform_sector_distribution,seed_000,Brazil,disorderly_transition,p30,1.0,1.0,True
seed_000_Brazil_severe_disorderly_transition_p30_ibx1_0_shockx1_0_no_liquidity_uniform_sector_distribution,seed_000,Brazil,severe_disorderly_transition,p30,1.0,1.0,True
seed_000_Brazil_acute_physical_risk_p30_ibx1_0_shockx1_0_no_liquidity_uniform_sector_distribution,seed_000,Brazil,acute_physical_risk,p30,1.0,1.0,True
seed_000_Brazil_combined_transition_physical_p30_ibx1_0_shockx1_0_no_liquidity_uniform_sector_distribution,seed_000,Brazil,combined_transition_physical,p30,1.0,1.0,True
seed_000_Germany_orderly_transition_p30_ibx1_0_shockx1_0_no_liquidity_uniform_sector_distribution,seed_000,Germany,orderly_transition,p30,1.0,1.0,True
seed_000_Germany_disorderly_transition_p30_ibx1_0_shockx1_0_no_liquidity_uniform_sector_distribution,seed_000,Germany,disorderly_transition,p30,1.0,1.0,True
seed_000_Germany_severe_disorderly_transition_p30_ibx1_0_shockx1_0_no_liquidity_uniform_sector_distribution,seed_000,Germany,severe_disorderly_transition,p30,1.0,1.0,True
seed_000_Germany_acute_physical_risk_p30_ibx1_0_shockx1_0_no_liquidity_uniform_sector_distribution,seed_000,Germany,acute_physical_risk,p30,1.0,1.0,True
seed_000_Germany_combined_transition_physical_p30_ibx1_0_shockx1_0_no_liquidity_uniform_sector_distribution,seed_000,Germany,combined_transition_physical,p30,1.0,1.0,True
seed_000_Italy_orderly_transition_p30_ibx1_0_shockx1_0_no_liquidity_uniform_sector_distribution,seed_000,Italy,orderly_transition,p30,1.0,1.0,True
seed_000_Italy_disorderly_transition_p30_ibx1_0_shockx1_0_no_liquidity_uniform_sector_distribution,seed_000,Italy,disorderly_transition,p30,1.0,1.0,True
seed_000_Italy_severe_disorderly_transition_p30_ibx1_0_shockx1_0_no_liquidity_uniform_sector_distribution,seed_000,Italy,severe_disorderly_transition,p30,1.0,1.0,True
seed_000_Italy_acute_physical_risk_p30_ibx1_0_shockx1_0_no_liquidity_uniform_sector_distribution,seed_000,Italy,acute_physical_risk,p30,1.0,1.0,True
seed_000_Italy_combined_transition_physical_p30_ibx1_0_shockx1_0_no_liquidity_uniform_sector_distribution,seed_000,Italy,combined_transition_physical,p30,1.0,1.0,True
seed_000_Spain_orderly_transition_p30_ibx1_0_shockx1_0_no_liquidity_uniform_sector_distribution,seed_000,Spain,orderly_transition,p30,1.0,1.0,True
seed_000_Spain_disorderly_transition_p30_ibx1_0_shockx1_0_no_liquidity_uniform_sector_distribution,seed_000,Spain,disorderly_transition,p30,1.0,1.0,True
seed_000_Spain_severe_disorderly_transition_p30_ibx1_0_shockx1_0_no_liquidity_uniform_sector_distribution,seed_000,Spain,severe_disorderly_transition,p30,1.0,1.0,True
seed_000_Spain_acute_physical_risk_p30_ibx1_0_shockx1_0_no_liquidity_uniform_sector_distribution,seed_000,Spain,acute_physical_risk,p30,1.0,1.0,True
seed_000_Spain_combined_transition_physical_p30_ibx1_0_shockx1_0_no_liquidity_uniform_sector_distribution,seed_000,Spain,combined_transition_physical,p30,1.0,1.0,True
seed_000_Ukraine_orderly_transition_p30_ibx1_0_shockx1_0_no_liquidity_uniform_sector_distribution,seed_000,Ukraine,orderly_transition,p30,1.0,1.0,True
seed_000_Ukraine_disorderly_transition_p30_ibx1_0_shockx1_0_no_liquidity_uniform_sector_distribution,seed_000,Ukraine,disorderly_transition,p30,1.0,1.0,True
seed_000_Ukraine_severe_disorderly_transition_p30_ibx1_0_shockx1_0_no_liquidity_uniform_sector_distribution,seed_000,Ukraine,severe_disorderly_transition,p30,1.0,1.0,True
seed_000_Ukraine_acute_physical_risk_p30_ibx1_0_shockx1_0_no_liquidity_uniform_sector_distribution,seed_000,Ukraine,acute_physical_risk,p30,1.0,1.0,True
seed_000_Ukraine_combined_transition_physical_p30_ibx1_0_shockx1_0_no_liquidity_uniform_sector_distribution,seed_000,Ukraine,combined_transition_physical,p30,1.0,1.0,True
seed_000_United_States_of_America_orderly_transition_p30_ibx1_0_shockx1_0_no_liquidity_uniform_sector_distribution,seed_000,United States of America,orderly_transition,p30,1.0,1.0,True
seed_000_United_States_of_America_disorderly_transition_p30_ibx1_0_shockx1_0_no_liquidity_uniform_sector_distribution,seed_000,United States of America,disorderly_transition,p30,1.0,1.0,True
seed_000_United_States_of_America_severe_disorderly_transition_p30_ibx1_0_shockx1_0_no_liquidity_uniform_sector_distribution,seed_000,United States of America,severe_disorderly_transition,p30,1.0,1.0,True
seed_000_United_States_of_America_acute_physical_risk_p30_ibx1_0_shockx1_0_no_liquidity_uniform_sector_distribution,seed_000,United States of America,acute_physical_risk,p30,1.0,1.0,True
seed_000_United_States_of_America_combined_transition_physical_p30_ibx1_0_shockx1_0_no_liquidity_uniform_sector_distribution,seed_000,United States of America,combined_transition_physical,p30,1.0,1.0,True
seed_000_Brazil_orderly_transition_p30_ibx1_0_shockx1_25_no_liquidity_uniform_sector_distribution,seed_000,Brazil,orderly_transition,p30,1.0,1.25,True
seed_000_Brazil_disorderly_transition_p30_ibx1_0_shockx1_25_no_liquidity_uniform_sector_distribution,seed_000,Brazil,disorderly_transition,p30,1.0,1.25,True
seed_000_Brazil_severe_disorderly_transition_p30_ibx1_0_shockx1_25_no_liquidity_uniform_sector_distribution,seed_000,Brazil,severe_disorderly_transition,p30,1.0,1.25,True
seed_000_Brazil_acute_physical_risk_p30_ibx1_0_shockx1_25_no_liquidity_uniform_sector_distribution,seed_000,Brazil,acute_physical_risk,p30,1.0,1.25,True
seed_000_Brazil_combined_transition_physical_p30_ibx1_0_shockx1_25_no_liquidity_uniform_sector_distribution,seed_000,Brazil,combined_transition_physical,p30,1.0,1.25,True
seed_000_Germany_orderly_transition_p30_ibx1_0_shockx1_25_no_liquidity_uniform_sector_distribution,seed_000,Germany,orderly_transition,p30,1.0,1.25,True
seed_000_Germany_disorderly_transition_p30_ibx1_0_shockx1_25_no_liquidity_uniform_sector_distribution,seed_000,Germany,disorderly_transition,p30,1.0,1.25,True
seed_000_Germany_severe_disorderly_transition_p30_ibx1_0_shockx1_25_no_liquidity_uniform_sector_distribution,seed_000,Germany,severe_disorderly_transition,p30,1.0,1.25,True
seed_000_Germany_acute_physical_risk_p30_ibx1_0_shockx1_25_no_liquidity_uniform_sector_distribution,seed_000,Germany,acute_physical_risk,p30,1.0,1.25,True
seed_000_Germany_combined_transition_physical_p30_ibx1_0_shockx1_25_no_liquidity_uniform_sector_distribution,seed_000,Germany,combined_transition_physical,p30,1.0,1.25,True
seed_000_Italy_orderly_transition_p30_ibx1_0_shockx1_25_no_liquidity_uniform_sector_distribution,seed_000,Italy,orderly_transition,p30,1.0,1.25,True
seed_000_Italy_disorderly_transition_p30_ibx1_0_shockx1_25_no_liquidity_uniform_sector_distribution,seed_000,Italy,disorderly_transition,p30,1.0,1.25,True
seed_000_Italy_severe_disorderly_transition_p30_ibx1_0_shockx1_25_no_liquidity_uniform_sector_distribution,seed_000,Italy,severe_disorderly_transition,p30,1.0,1.25,True
seed_000_Italy_acute_physical_risk_p30_ibx1_0_shockx1_25_no_liquidity_uniform_sector_distribution,seed_000,Italy,acute_physical_risk,p30,1.0,1.25,True
seed_000_Italy_combined_transition_physical_p30_ibx1_0_shockx1_25_no_liquidity_uniform_sector_distribution,seed_000,Italy,combined_transition_physical,p30,1.0,1.25,True
seed_000_Spain_orderly_transition_p30_ibx1_0_shockx1_25_no_liquidity_uniform_sector_distribution,seed_000,Spain,orderly_transition,p30,1.0,1.25,True
seed_000_Spain_disorderly_transition_p30_ibx1_0_shockx1_25_no_liquidity_uniform_sector_distribution,seed_000,Spain,disorderly_transition,p30,1.0,1.25,True
seed_000_Spain_severe_disorderly_transition_p30_ibx1_0_shockx1_25_no_liquidity_uniform_sector_distribution,seed_000,Spain,severe_disorderly_transition,p30,1.0,1.25,True
seed_000_Spain_acute_physical_risk_p30_ibx1_0_shockx1_25_no_liquidity_uniform_sector_distribution,seed_000,Spain,acute_physical_risk,p30,1.0,1.25,True
seed_000_Spain_combined_transition_physical_p30_ibx1_0_shockx1_25_no_liquidity_uniform_sector_distribution,seed_000,Spain,combined_transition_physical,p30,1.0,1.25,True
seed_000_Ukraine_orderly_transition_p30_ibx1_0_shockx1_25_no_liquidity_uniform_sector_distribution,seed_000,Ukraine,orderly_transition,p30,1.0,1.25,True
seed_000_Ukraine_disorderly_transition_p30_ibx1_0_shockx1_25_no_liquidity_uniform_sector_distribution,seed_000,Ukraine,disorderly_transition,p30,1.0,1.25,True
seed_000_Ukraine_severe_disorderly_transition_p30_ibx1_0_shockx1_25_no_liquidity_uniform_sector_distribution,seed_000,Ukraine,severe_disorderly_transition,p30,1.0,1.25,True
seed_000_Ukraine_acute_physical_risk_p30_ibx1_0_shockx1_25_no_liquidity_uniform_sector_distribution,seed_000,Ukraine,acute_physical_risk,p30,1.0,1.25,True
seed_000_Ukraine_combined_transition_physical_p30_ibx1_0_shockx1_25_no_liquidity_uniform_sector_distribution,seed_000,Ukraine,combined_transition_physical,p30,1.0,1.25,True
seed_000_United_States_of_America_orderly_transition_p30_ibx1_0_shockx1_25_no_liquidity_uniform_sector_distribution,seed_000,United States of America,orderly_transition,p30,1.0,1.25,True
seed_000_United_States_of_America_disorderly_transition_p30_ibx1_0_shockx1_25_no_liquidity_uniform_sector_distribution,seed_000,United States of America,disorderly_transition,p30,1.0,1.25,True
seed_000_United_States_of_America_severe_disorderly_transition_p30_ibx1_0_shockx1_25_no_liquidity_uniform_sector_distribution,seed_000,United States of America,severe_disorderly_transition,p30,1.0,1.25,True
seed_000_United_States_of_America_acute_physical_risk_p30_ibx1_0_shockx1_25_no_liquidity_uniform_sector_distribution,seed_000,United States of America,acute_physical_risk,p30,1.0,1.25,True
seed_000_United_States_of_America_combined_transition_physical_p30_ibx1_0_shockx1_25_no_liquidity_uniform_sector_distribution,seed_000,United States of America,combined_transition_physical,p30,1.0,1.25,True
seed_000_Brazil_orderly_transition_p30_ibx1_0_shockx1_5_no_liquidity_uniform_sector_distribution,seed_000,Brazil,orderly_transition,p30,1.0,1.5,True
seed_000_Brazil_disorderly_transition_p30_ibx1_0_shockx1_5_no_liquidity_uniform_sector_distribution,seed_000,Brazil,disorderly_transition,p30,1.0,1.5,True
seed_000_Brazil_severe_disorderly_transition_p30_ibx1_0_shockx1_5_no_liquidity_uniform_sector_distribution,seed_000,Brazil,severe_disorderly_transition,p30,1.0,1.5,True
seed_000_Brazil_acute_physical_risk_p30_ibx1_0_shockx1_5_no_liquidity_uniform_sector_distribution,seed_000,Brazil,acute_physical_risk,p30,1.0,1.5,True
seed_000_Brazil_combined_transition_physical_p30_ibx1_0_shockx1_5_no_liquidity_uniform_sector_distribution,seed_000,Brazil,combined_transition_physical,p30,1.0,1.5,True
seed_000_Germany_orderly_transition_p30_ibx1_0_shockx1_5_no_liquidity_uniform_sector_distribution,seed_000,Germany,orderly_transition,p30,1.0,1.5,True
seed_000_Germany_disorderly_transition_p30_ibx1_0_shockx1_5_no_liquidity_uniform_sector_distribution,seed_000,Germany,disorderly_transition,p30,1.0,1.5,True
seed_000_Germany_severe_disorderly_transition_p30_ibx1_0_shockx1_5_no_liquidity_uniform_sector_distribution,seed_000,Germany,severe_disorderly_transition,p30,1.0,1.5,True
seed_000_Germany_acute_physical_risk_p30_ibx1_0_shockx1_5_no_liquidity_uniform_sector_distribution,seed_000,Germany,acute_physical_risk,p30,1.0,1.5,True
seed_000_Germany_combined_transition_physical_p30_ibx1_0_shockx1_5_no_liquidity_uniform_sector_distribution,seed_000,Germany,combined_transition_physical,p30,1.0,1.5,True
seed_000_Italy_orderly_transition_p30_ibx1_0_shockx1_5_no_liquidity_uniform_sector_distribution,seed_000,Italy,orderly_transition,p30,1.0,1.5,True
seed_000_Italy_disorderly_transition_p30_ibx1_0_shockx1_5_no_liquidity_uniform_sector_distribution,seed_000,Italy,disorderly_transition,p30,1.0,1.5,True
seed_000_Italy_severe_disorderly_transition_p30_ibx1_0_shockx1_5_no_liquidity_uniform_sector_distribution,seed_000,Italy,severe_disorderly_transition,p30,1.0,1.5,True
seed_000_Italy_acute_physical_risk_p30_ibx1_0_shockx1_5_no_liquidity_uniform_sector_distribution,seed_000,Italy,acute_physical_risk,p30,1.0,1.5,True
seed_000_Italy_combined_transition_physical_p30_ibx1_0_shockx1_5_no_liquidity_uniform_sector_distribution,seed_000,Italy,combined_transition_physical,p30,1.0,1.5,True
seed_000_Spain_orderly_transition_p30_ibx1_0_shockx1_5_no_liquidity_uniform_sector_distribution,seed_000,Spain,orderly_transition,p30,1.0,1.5,True
seed_000_Spain_disorderly_transition_p30_ibx1_0_shockx1_5_no_liquidity_uniform_sector_distribution,seed_000,Spain,disorderly_transition,p30,1.0,1.5,True
seed_000_Spain_severe_disorderly_transition_p30_ibx1_0_shockx1_5_no_liquidity_uniform_sector_distribution,seed_000,Spain,severe_disorderly_transition,p30,1.0,1.5,True
seed_000_Spain_acute_physical_risk_p30_ibx1_0_shockx1_5_no_liquidity_uniform_sector_distribution,seed_000,Spain,acute_physical_risk,p30,1.0,1.5,True
seed_000_Spain_combined_transition_physical_p30_ibx1_0_shockx1_5_no_liquidity_uniform_sector_distribution,seed_000,Spain,combined_transition_physical,p30,1.0,1.5,True
seed_000_Ukraine_orderly_transition_p30_ibx1_0_shockx1_5_no_liquidity_uniform_sector_distribution,seed_000,Ukraine,orderly_transition,p30,1.0,1.5,True
seed_000_Ukraine_disorderly_transition_p30_ibx1_0_shockx1_5_no_liquidity_uniform_sector_distribution,seed_000,Ukraine,disorderly_transition,p30,1.0,1.5,True
seed_000_Ukraine_severe_disorderly_transition_p30_ibx1_0_shockx1_5_no_liquidity_uniform_sector_distribution,seed_000,Ukraine,severe_disorderly_transition,p30,1.0,1.5,True
seed_000_Ukraine_acute_physical_risk_p30_ibx1_0_shockx1_5_no_liquidity_uniform_sector_distribution,seed_000,Ukraine,acute_physical_risk,p30,1.0,1.5,True
seed_000_Ukraine_combined_transition_physical_p30_ibx1_0_shockx1_5_no_liquidity_uniform_sector_distribution,seed_000,Ukraine,combined_transition_physical,p30,1.0,1.5,True
seed_000_United_States_of_America_orderly_transition_p30_ibx1_0_shockx1_5_no_liquidity_uniform_sector_distribution,seed_000,United States of America,orderly_transition,p30,1.0,1.5,True
seed_000_United_States_of_America_disorderly_transition_p30_ibx1_0_shockx1_5_no_liquidity_uniform_sector_distribution,seed_000,United States of America,disorderly_transition,p30,1.0,1.5,True
seed_000_United_States_of_America_severe_disorderly_transition_p30_ibx1_0_shockx1_5_no_liquidity_uniform_sector_distribution,seed_000,United States of America,severe_disorderly_transition,p30,1.0,1.5,True
seed_000_United_States_of_America_acute_physical_risk_p30_ibx1_0_shockx1_5_no_liquidity_uniform_sector_distribution,seed_000,United States of America,acute_physical_risk,p30,1.0,1.5,True
seed_000_United_States_of_America_combined_transition_physical_p30_ibx1_0_shockx1_5_no_liquidity_uniform_sector_distribution,seed_000,United States of America,combined_transition_physical,p30,1.0,1.5,True
seed_001_Brazil_orderly_transition_p30_ibx1_0_shockx0_75_no_liquidity_uniform_sector_distribution,seed_001,Brazil,orderly_transition,p30,1.0,0.75,True
seed_001_Brazil_disorderly_transition_p30_ibx1_0_shockx0_75_no_liquidity_uniform_sector_distribution,seed_001,Brazil,disorderly_transition,p30,1.0,0.75,True
seed_001_Brazil_severe_disorderly_transition_p30_ibx1_0_shockx0_75_no_liquidity_uniform_sector_distribution,seed_001,Brazil,severe_disorderly_transition,p30,1.0,0.75,True
seed_001_Brazil_acute_physical_risk_p30_ibx1_0_shockx0_75_no_liquidity_uniform_sector_distribution,seed_001,Brazil,acute_physical_risk,p30,1.0,0.75,True
seed_001_Brazil_combined_transition_physical_p30_ibx1_0_shockx0_75_no_liquidity_uniform_sector_distribution,seed_001,Brazil,combined_transition_physical,p30,1.0,0.75,True
seed_001_Germany_orderly_transition_p30_ibx1_0_shockx0_75_no_liquidity_uniform_sector_distribution,seed_001,Germany,orderly_transition,p30,1.0,0.75,True
seed_001_Germany_disorderly_transition_p30_ibx1_0_shockx0_75_no_liquidity_uniform_sector_distribution,seed_001,Germany,disorderly_transition,p30,1.0,0.75,True
seed_001_Germany_severe_disorderly_transition_p30_ibx1_0_shockx0_75_no_liquidity_uniform_sector_distribution,seed_001,Germany,severe_disorderly_transition,p30,1.0,0.75,True
seed_001_Germany_acute_physical_risk_p30_ibx1_0_shockx0_75_no_liquidity_uniform_sector_distribution,seed_001,Germany,acute_physical_risk,p30,1.0,0.75,True
seed_001_Germany_combined_transition_physical_p30_ibx1_0_shockx0_75_no_liquidity_uniform_sector_distribution,seed_001,Germany,combined_transition_physical,p30,1.0,0.75,True
seed_001_Italy_orderly_transition_p30_ibx1_0_shockx0_75_no_liquidity_uniform_sector_distribution,seed_001,Italy,orderly_transition,p30,1.0,0.75,True
seed_001_Italy_disorderly_transition_p30_ibx1_0_shockx0_75_no_liquidity_uniform_sector_distribution,seed_001,Italy,disorderly_transition,p30,1.0,0.75,True
seed_001_Italy_severe_disorderly_transition_p30_ibx1_0_shockx0_75_no_liquidity_uniform_sector_distribution,seed_001,Italy,severe_disorderly_transition,p30,1.0,0.75,True
seed_001_Italy_acute_physical_risk_p30_ibx1_0_shockx0_75_no_liquidity_uniform_sector_distribution,seed_001,Italy,acute_physical_risk,p30,1.0,0.75,True
seed_001_Italy_combined_transition_physical_p30_ibx1_0_shockx0_75_no_liquidity_uniform_sector_distribution,seed_001,Italy,combined_transition_physical,p30,1.0,0.75,True
seed_001_Spain_orderly_transition_p30_ibx1_0_shockx0_75_no_liquidity_uniform_sector_distribution,seed_001,Spain,orderly_transition,p30,1.0,0.75,True
seed_001_Spain_disorderly_transition_p30_ibx1_0_shockx0_75_no_liquidity_uniform_sector_distribution,seed_001,Spain,disorderly_transition,p30,1.0,0.75,True
seed_001_Spain_severe_disorderly_transition_p30_ibx1_0_shockx0_75_no_liquidity_uniform_sector_distribution,seed_001,Spain,severe_disorderly_transition,p30,1.0,0.75,True
seed_001_Spain_acute_physical_risk_p30_ibx1_0_shockx0_75_no_liquidity_uniform_sector_distribution,seed_001,Spain,acute_physical_risk,p30,1.0,0.75,True
seed_001_Spain_combined_transition_physical_p30_ibx1_0_shockx0_75_no_liquidity_uniform_sector_distribution,seed_001,Spain,combined_transition_physical,p30,1.0,0.75,True
seed_001_Ukraine_orderly_transition_p30_ibx1_0_shockx0_75_no_liquidity_uniform_sector_distribution,seed_001,Ukraine,orderly_transition,p30,1.0,0.75,True
seed_001_Ukraine_disorderly_transition_p30_ibx1_0_shockx0_75_no_liquidity_uniform_sector_distribution,seed_001,Ukraine,disorderly_transition,p30,1.0,0.75,True
seed_001_Ukraine_severe_disorderly_transition_p30_ibx1_0_shockx0_75_no_liquidity_uniform_sector_distribution,seed_001,Ukraine,severe_disorderly_transition,p30,1.0,0.75,True
seed_001_Ukraine_acute_physical_risk_p30_ibx1_0_shockx0_75_no_liquidity_uniform_sector_distribution,seed_001,Ukraine,acute_physical_risk,p30,1.0,0.75,True
seed_001_Ukraine_combined_transition_physical_p30_ibx1_0_shockx0_75_no_liquidity_uniform_sector_distribution,seed_001,Ukraine,combined_transition_physical,p30,1.0,0.75,True
seed_001_United_States_of_America_orderly_transition_p30_ibx1_0_shockx0_75_no_liquidity_uniform_sector_distribution,seed_001,United States of America,orderly_transition,p30,1.0,0.75,True
seed_001_United_States_of_America_disorderly_transition_p30_ibx1_0_shockx0_75_no_liquidity_uniform_sector_distribution,seed_001,United States of America,disorderly_transition,p30,1.0,0.75,True
seed_001_United_States_of_America_severe_disorderly_transition_p30_ibx1_0_shockx0_75_no_liquidity_uniform_sector_distribution,seed_001,United States of America,severe_disorderly_transition,p30,1.0,0.75,True
seed_001_United_States_of_America_acute_physical_risk_p30_ibx1_0_shockx0_75_no_liquidity_uniform_sector_distribution,seed_001,United States of America,acute_physical_risk,p30,1.0,0.75,True
seed_001_United_States_of_America_combined_transition_physical_p30_ibx1_0_shockx0_75_no_liquidity_uniform_sector_distribution,seed_001,United States of America,combined_transition_physical,p30,1.0,0.75,True
seed_001_Brazil_orderly_transition_p30_ibx1_0_shockx1_0_no_liquidity_uniform_sector_distribution,seed_001,Brazil,orderly_transition,p30,1.0,1.0,True
seed_001_Brazil_disorderly_transition_p30_ibx1_0_shockx1_0_no_liquidity_uniform_sector_distribution,seed_001,Brazil,disorderly_transition,p30,1.0,1.0,True
seed_001_Brazil_severe_disorderly_transition_p30_ibx1_0_shockx1_0_no_liquidity_uniform_sector_distribution,seed_001,Brazil,severe_disorderly_transition,p30,1.0,1.0,True
seed_001_Brazil_acute_physical_risk_p30_ibx1_0_shockx1_0_no_liquidity_uniform_sector_distribution,seed_001,Brazil,acute_physical_risk,p30,1.0,1.0,True
seed_001_Brazil_combined_transition_physical_p30_ibx1_0_shockx1_0_no_liquidity_uniform_sector_distribution,seed_001,Brazil,combined_transition_physical,p30,1.0,1.0,True
seed_001_Germany_orderly_transition_p30_ibx1_0_shockx1_0_no_liquidity_uniform_sector_distribution,seed_001,Germany,orderly_transition,p30,1.0,1.0,True
seed_001_Germany_disorderly_transition_p30_ibx1_0_shockx1_0_no_liquidity_uniform_sector_distribution,seed_001,Germany,disorderly_transition,p30,1.0,1.0,True
seed_001_Germany_severe_disorderly_transition_p30_ibx1_0_shockx1_0_no_liquidity_uniform_sector_distribution,seed_001,Germany,severe_disorderly_transition,p30,1.0,1.0,True
seed_001_Germany_acute_physical_risk_p30_ibx1_0_shockx1_0_no_liquidity_uniform_sector_distribution,seed_001,Germany,acute_physical_risk,p30,1.0,1.0,True
seed_001_Germany_combined_transition_physical_p30_ibx1_0_shockx1_0_no_liquidity_uniform_sector_distribution,seed_001,Germany,combined_transition_physical,p30,1.0,1.0,True
seed_001_Italy_orderly_transition_p30_ibx1_0_shockx1_0_no_liquidity_uniform_sector_distribution,seed_001,Italy,orderly_transition,p30,1.0,1.0,True
seed_001_Italy_disorderly_transition_p30_ibx1_0_shockx1_0_no_liquidity_uniform_sector_distribution,seed_001,Italy,disorderly_transition,p30,1.0,1.0,True
seed_001_Italy_severe_disorderly_transition_p30_ibx1_0_shockx1_0_no_liquidity_uniform_sector_distribution,seed_001,Italy,severe_disorderly_transition,p30,1.0,1.0,True
seed_001_Italy_acute_physical_risk_p30_ibx1_0_shockx1_0_no_liquidity_uniform_sector_distribution,seed_001,Italy,acute_physical_risk,p30,1.0,1.0,True
seed_001_Italy_combined_transition_physical_p30_ibx1_0_shockx1_0_no_liquidity_uniform_sector_distribution,seed_001,Italy,combined_transition_physical,p30,1.0,1.0,True
seed_001_Spain_orderly_transition_p30_ibx1_0_shockx1_0_no_liquidity_uniform_sector_distribution,seed_001,Spain,orderly_transition,p30,1.0,1.0,True
seed_001_Spain_disorderly_transition_p30_ibx1_0_shockx1_0_no_liquidity_uniform_sector_distribution,seed_001,Spain,disorderly_transition,p30,1.0,1.0,True
seed_001_Spain_severe_disorderly_transition_p30_ibx1_0_shockx1_0_no_liquidity_uniform_sector_distribution,seed_001,Spain,severe_disorderly_transition,p30,1.0,1.0,True
seed_001_Spain_acute_physical_risk_p30_ibx1_0_shockx1_0_no_liquidity_uniform_sector_distribution,seed_001,Spain,acute_physical_risk,p30,1.0,1.0,True
seed_001_Spain_combined_transition_physical_p30_ibx1_0_shockx1_0_no_liquidity_uniform_sector_distribution,seed_001,Spain,combined_transition_physical,p30,1.0,1.0,True
seed_001_Ukraine_orderly_transition_p30_ibx1_0_shockx1_0_no_liquidity_uniform_sector_distribution,seed_001,Ukraine,orderly_transition,p30,1.0,1.0,True
seed_001_Ukraine_disorderly_transition_p30_ibx1_0_shockx1_0_no_liquidity_uniform_sector_distribution,seed_001,Ukraine,disorderly_transition,p30,1.0,1.0,True
seed_001_Ukraine_severe_disorderly_transition_p30_ibx1_0_shockx1_0_no_liquidity_uniform_sector_distribution,seed_001,Ukraine,severe_disorderly_transition,p30,1.0,1.0,True
seed_001_Ukraine_acute_physical_risk_p30_ibx1_0_shockx1_0_no_liquidity_uniform_sector_distribution,seed_001,Ukraine,acute_physical_risk,p30,1.0,1.0,True
seed_001_Ukraine_combined_transition_physical_p30_ibx1_0_shockx1_0_no_liquidity_uniform_sector_distribution,seed_001,Ukraine,combined_transition_physical,p30,1.0,1.0,True
seed_001_United_States_of_America_orderly_transition_p30_ibx1_0_shockx1_0_no_liquidity_uniform_sector_distribution,seed_001,United States of America,orderly_transition,p30,1.0,1.0,True
seed_001_United_States_of_America_disorderly_transition_p30_ibx1_0_shockx1_0_no_liquidity_uniform_sector_distribution,seed_001,United States of America,disorderly_transition,p30,1.0,1.0,True
seed_001_United_States_of_America_severe_disorderly_transition_p30_ibx1_0_shockx1_0_no_liquidity_uniform_sector_distribution,seed_001,United States of America,severe_disorderly_transition,p30,1.0,1.0,True
seed_001_United_States_of_America_acute_physical_risk_p30_ibx1_0_shockx1_0_no_liquidity_uniform_sector_distribution,seed_001,United States of America,acute_physical_risk,p30,1.0,1.0,True
seed_001_United_States_of_America_combined_transition_physical_p30_ibx1_0_shockx1_0_no_liquidity_uniform_sector_distribution,seed_001,United States of America,combined_transition_physical,p30,1.0,1.0,True
seed_001_Brazil_orderly_transition_p30_ibx1_0_shockx1_25_no_liquidity_uniform_sector_distribution,seed_001,Brazil,orderly_transition,p30,1.0,1.25,True
seed_001_Brazil_disorderly_transition_p30_ibx1_0_shockx1_25_no_liquidity_uniform_sector_distribution,seed_001,Brazil,disorderly_transition,p30,1.0,1.25,True
seed_001_Brazil_severe_disorderly_transition_p30_ibx1_0_shockx1_25_no_liquidity_uniform_sector_distribution,seed_001,Brazil,severe_disorderly_transition,p30,1.0,1.25,True
seed_001_Brazil_acute_physical_risk_p30_ibx1_0_shockx1_25_no_liquidity_uniform_sector_distribution,seed_001,Brazil,acute_physical_risk,p30,1.0,1.25,True
seed_001_Brazil_combined_transition_physical_p30_ibx1_0_shockx1_25_no_liquidity_uniform_sector_distribution,seed_001,Brazil,combined_transition_physical,p30,1.0,1.25,True
seed_001_Germany_orderly_transition_p30_ibx1_0_shockx1_25_no_liquidity_uniform_sector_distribution,seed_001,Germany,orderly_transition,p30,1.0,1.25,True
seed_001_Germany_disorderly_transition_p30_ibx1_0_shockx1_25_no_liquidity_uniform_sector_distribution,seed_001,Germany,disorderly_transition,p30,1.0,1.25,True
seed_001_Germany_severe_disorderly_transition_p30_ibx1_0_shockx1_25_no_liquidity_uniform_sector_distribution,seed_001,Germany,severe_disorderly_transition,p30,1.0,1.25,True
seed_001_Germany_acute_physical_risk_p30_ibx1_0_shockx1_25_no_liquidity_uniform_sector_distribution,seed_001,Germany,acute_physical_risk,p30,1.0,1.25,True
seed_001_Germany_combined_transition_physical_p30_ibx1_0_shockx1_25_no_liquidity_uniform_sector_distribution,seed_001,Germany,combined_transition_physical,p30,1.0,1.25,True
seed_001_Italy_orderly_transition_p30_ibx1_0_shockx1_25_no_liquidity_uniform_sector_distribution,seed_001,Italy,orderly_transition,p30,1.0,1.25,True
seed_001_Italy_disorderly_transition_p30_ibx1_0_shockx1_25_no_liquidity_uniform_sector_distribution,seed_001,Italy,disorderly_transition,p30,1.0,1.25,True
seed_001_Italy_severe_disorderly_transition_p30_ibx1_0_shockx1_25_no_liquidity_uniform_sector_distribution,seed_001,Italy,severe_disorderly_transition,p30,1.0,1.25,True
seed_001_Italy_acute_physical_risk_p30_ibx1_0_shockx1_25_no_liquidity_uniform_sector_distribution,seed_001,Italy,acute_physical_risk,p30,1.0,1.25,True
seed_001_Italy_combined_transition_physical_p30_ibx1_0_shockx1_25_no_liquidity_uniform_sector_distribution,seed_001,Italy,combined_transition_physical,p30,1.0,1.25,True
seed_001_Spain_orderly_transition_p30_ibx1_0_shockx1_25_no_liquidity_uniform_sector_distribution,seed_001,Spain,orderly_transition,p30,1.0,1.25,True
seed_001_Spain_disorderly_transition_p30_ibx1_0_shockx1_25_no_liquidity_uniform_sector_distribution,seed_001,Spain,disorderly_transition,p30,1.0,1.25,True
seed_001_Spain_severe_disorderly_transition_p30_ibx1_0_shockx1_25_no_liquidity_uniform_sector_distribution,seed_001,Spain,severe_disorderly_transition,p30,1.0,1.25,True
seed_001_Spain_acute_physical_risk_p30_ibx1_0_shockx1_25_no_liquidity_uniform_sector_distribution,seed_001,Spain,acute_physical_risk,p30,1.0,1.25,True
seed_001_Spain_combined_transition_physical_p30_ibx1_0_shockx1_25_no_liquidity_uniform_sector_distribution,seed_001,Spain,combined_transition_physical,p30,1.0,1.25,True
seed_001_Ukraine_orderly_transition_p30_ibx1_0_shockx1_25_no_liquidity_uniform_sector_distribution,seed_001,Ukraine,orderly_transition,p30,1.0,1.25,True
seed_001_Ukraine_disorderly_transition_p30_ibx1_0_shockx1_25_no_liquidity_uniform_sector_distribution,seed_001,Ukraine,disorderly_transition,p30,1.0,1.25,True
seed_001_Ukraine_severe_disorderly_transition_p30_ibx1_0_shockx1_25_no_liquidity_uniform_sector_distribution,seed_001,Ukraine,severe_disorderly_transition,p30,1.0,1.25,True
seed_001_Ukraine_acute_physical_risk_p30_ibx1_0_shockx1_25_no_liquidity_uniform_sector_distribution,seed_001,Ukraine,acute_physical_risk,p30,1.0,1.25,True
seed_001_Ukraine_combined_transition_physical_p30_ibx1_0_shockx1_25_no_liquidity_uniform_sector_distribution,seed_001,Ukraine,combined_transition_physical,p30,1.0,1.25,True
seed_001_United_States_of_America_orderly_transition_p30_ibx1_0_shockx1_25_no_liquidity_uniform_sector_distribution,seed_001,United States of America,orderly_transition,p30,1.0,1.25,True
seed_001_United_States_of_America_disorderly_transition_p30_ibx1_0_shockx1_25_no_liquidity_uniform_sector_distribution,seed_001,United States of America,disorderly_transition,p30,1.0,1.25,True
seed_001_United_States_of_America_severe_disorderly_transition_p30_ibx1_0_shockx1_25_no_liquidity_uniform_sector_distribution,seed_001,United States of America,severe_disorderly_transition,p30,1.0,1.25,True
seed_001_United_States_of_America_acute_physical_risk_p30_ibx1_0_shockx1_25_no_liquidity_uniform_sector_distribution,seed_001,United States of America,acute_physical_risk,p30,1.0,1.25,True
seed_001_United_States_of_America_combined_transition_physical_p30_ibx1_0_shockx1_25_no_liquidity_uniform_sector_distribution,seed_001,United States of America,combined_transition_physical,p30,1.0,1.25,True
seed_001_Brazil_orderly_transition_p30_ibx1_0_shockx1_5_no_liquidity_uniform_sector_distribution,seed_001,Brazil,orderly_transition,p30,1.0,1.5,True
seed_001_Brazil_disorderly_transition_p30_ibx1_0_shockx1_5_no_liquidity_uniform_sector_distribution,seed_001,Brazil,disorderly_transition,p30,1.0,1.5,True
seed_001_Brazil_severe_disorderly_transition_p30_ibx1_0_shockx1_5_no_liquidity_uniform_sector_distribution,seed_001,Brazil,severe_disorderly_transition,p30,1.0,1.5,True
seed_001_Brazil_acute_physical_risk_p30_ibx1_0_shockx1_5_no_liquidity_uniform_sector_distribution,seed_001,Brazil,acute_physical_risk,p30,1.0,1.5,True
seed_001_Brazil_combined_transition_physical_p30_ibx1_0_shockx1_5_no_liquidity_uniform_sector_distribution,seed_001,Brazil,combined_transition_physical,p30,1.0,1.5,True
seed_001_Germany_orderly_transition_p30_ibx1_0_shockx1_5_no_liquidity_uniform_sector_distribution,seed_001,Germany,orderly_transition,p30,1.0,1.5,True
seed_001_Germany_disorderly_transition_p30_ibx1_0_shockx1_5_no_liquidity_uniform_sector_distribution,seed_001,Germany,disorderly_transition,p30,1.0,1.5,True
seed_001_Germany_severe_disorderly_transition_p30_ibx1_0_shockx1_5_no_liquidity_uniform_sector_distribution,seed_001,Germany,severe_disorderly_transition,p30,1.0,1.5,True
seed_001_Germany_acute_physical_risk_p30_ibx1_0_shockx1_5_no_liquidity_uniform_sector_distribution,seed_001,Germany,acute_physical_risk,p30,1.0,1.5,True
seed_001_Germany_combined_transition_physical_p30_ibx1_0_shockx1_5_no_liquidity_uniform_sector_distribution,seed_001,Germany,combined_transition_physical,p30,1.0,1.5,True
seed_001_Italy_orderly_transition_p30_ibx1_0_shockx1_5_no_liquidity_uniform_sector_distribution,seed_001,Italy,orderly_transition,p30,1.0,1.5,True
seed_001_Italy_disorderly_transition_p30_ibx1_0_shockx1_5_no_liquidity_uniform_sector_distribution,seed_001,Italy,disorderly_transition,p30,1.0,1.5,True
seed_001_Italy_severe_disorderly_transition_p30_ibx1_0_shockx1_5_no_liquidity_uniform_sector_distribution,seed_001,Italy,severe_disorderly_transition,p30,1.0,1.5,True
seed_001_Italy_acute_physical_risk_p30_ibx1_0_shockx1_5_no_liquidity_uniform_sector_distribution,seed_001,Italy,acute_physical_risk,p30,1.0,1.5,True
seed_001_Italy_combined_transition_physical_p30_ibx1_0_shockx1_5_no_liquidity_uniform_sector_distribution,seed_001,Italy,combined_transition_physical,p30,1.0,1.5,True
seed_001_Spain_orderly_transition_p30_ibx1_0_shockx1_5_no_liquidity_uniform_sector_distribution,seed_001,Spain,orderly_transition,p30,1.0,1.5,True
seed_001_Spain_disorderly_transition_p30_ibx1_0_shockx1_5_no_liquidity_uniform_sector_distribution,seed_001,Spain,disorderly_transition,p30,1.0,1.5,True
seed_001_Spain_severe_disorderly_transition_p30_ibx1_0_shockx1_5_no_liquidity_uniform_sector_distribution,seed_001,Spain,severe_disorderly_transition,p30,1.0,1.5,True
seed_001_Spain_acute_physical_risk_p30_ibx1_0_shockx1_5_no_liquidity_uniform_sector_distribution,seed_001,Spain,acute_physical_risk,p30,1.0,1.5,True
seed_001_Spain_combined_transition_physical_p30_ibx1_0_shockx1_5_no_liquidity_uniform_sector_distribution,seed_001,Spain,combined_transition_physical,p30,1.0,1.5,True
seed_001_Ukraine_orderly_transition_p30_ibx1_0_shockx1_5_no_liquidity_uniform_sector_distribution,seed_001,Ukraine,orderly_transition,p30,1.0,1.5,True
seed_001_Ukraine_disorderly_transition_p30_ibx1_0_shockx1_5_no_liquidity_uniform_sector_distribution,seed_001,Ukraine,disorderly_transition,p30,1.0,1.5,True
seed_001_Ukraine_severe_disorderly_transition_p30_ibx1_0_shockx1_5_no_liquidity_uniform_sector_distribution,seed_001,Ukraine,severe_disorderly_transition,p30,1.0,1.5,True
seed_001_Ukraine_acute_physical_risk_p30_ibx1_0_shockx1_5_no_liquidity_uniform_sector_distribution,seed_001,Ukraine,acute_physical_risk,p30,1.0,1.5,True
seed_001_Ukraine_combined_transition_physical_p30_ibx1_0_shockx1_5_no_liquidity_uniform_sector_distribution,seed_001,Ukraine,combined_transition_physical,p30,1.0,1.5,True
seed_001_United_States_of_America_orderly_transition_p30_ibx1_0_shockx1_5_no_liquidity_uniform_sector_distribution,seed_001,United States of America,orderly_transition,p30,1.0,1.5,True
seed_001_United_States_of_America_disorderly_transition_p30_ibx1_0_shockx1_5_no_liquidity_uniform_sector_distribution,seed_001,United States of America,disorderly_transition,p30,1.0,1.5,True
seed_001_United_States_of_America_severe_disorderly_transition_p30_ibx1_0_shockx1_5_no_liquidity_uniform_sector_distribution,seed_001,United States of America,severe_disorderly_transition,p30,1.0,1.5,True
seed_001_United_States_of_America_acute_physical_risk_p30_ibx1_0_shockx1_5_no_liquidity_uniform_sector_distribution,seed_001,United States of America,acute_physical_risk,p30,1.0,1.5,True
seed_001_United_States_of_America_combined_transition_physical_p30_ibx1_0_shockx1_5_no_liquidity_uniform_sector_distribution,seed_001,United States of America,combined_transition_physical,p30,1.0,1.5,True
seed_002_Brazil_orderly_transition_p30_ibx1_0_shockx0_75_no_liquidity_uniform_sector_distribution,seed_002,Brazil,orderly_transition,p30,1.0,0.75,True
seed_002_Brazil_disorderly_transition_p30_ibx1_0_shockx0_75_no_liquidity_uniform_sector_distribution,seed_002,Brazil,disorderly_transition,p30,1.0,0.75,True
seed_002_Brazil_severe_disorderly_transition_p30_ibx1_0_shockx0_75_no_liquidity_uniform_sector_distribution,seed_002,Brazil,severe_disorderly_transition,p30,1.0,0.75,True
seed_002_Brazil_acute_physical_risk_p30_ibx1_0_shockx0_75_no_liquidity_uniform_sector_distribution,seed_002,Brazil,acute_physical_risk,p30,1.0,0.75,True
seed_002_Brazil_combined_transition_physical_p30_ibx1_0_shockx0_75_no_liquidity_uniform_sector_distribution,seed_002,Brazil,combined_transition_physical,p30,1.0,0.75,True
seed_002_Germany_orderly_transition_p30_ibx1_0_shockx0_75_no_liquidity_uniform_sector_distribution,seed_002,Germany,orderly_transition,p30,1.0,0.75,True
seed_002_Germany_disorderly_transition_p30_ibx1_0_shockx0_75_no_liquidity_uniform_sector_distribution,seed_002,Germany,disorderly_transition,p30,1.0,0.75,True
seed_002_Germany_severe_disorderly_transition_p30_ibx1_0_shockx0_75_no_liquidity_uniform_sector_distribution,seed_002,Germany,severe_disorderly_transition,p30,1.0,0.75,True
seed_002_Germany_acute_physical_risk_p30_ibx1_0_shockx0_75_no_liquidity_uniform_sector_distribution,seed_002,Germany,acute_physical_risk,p30,1.0,0.75,True
seed_002_Germany_combined_transition_physical_p30_ibx1_0_shockx0_75_no_liquidity_uniform_sector_distribution,seed_002,Germany,combined_transition_physical,p30,1.0,0.75,True
seed_002_Italy_orderly_transition_p30_ibx1_0_shockx0_75_no_liquidity_uniform_sector_distribution,seed_002,Italy,orderly_transition,p30,1.0,0.75,True
seed_002_Italy_disorderly_transition_p30_ibx1_0_shockx0_75_no_liquidity_uniform_sector_distribution,seed_002,Italy,disorderly_transition,p30,1.0,0.75,True
seed_002_Italy_severe_disorderly_transition_p30_ibx1_0_shockx0_75_no_liquidity_uniform_sector_distribution,seed_002,Italy,severe_disorderly_transition,p30,1.0,0.75,True
seed_002_Italy_acute_physical_risk_p30_ibx1_0_shockx0_75_no_liquidity_uniform_sector_distribution,seed_002,Italy,acute_physical_risk,p30,1.0,0.75,True
seed_002_Italy_combined_transition_physical_p30_ibx1_0_shockx0_75_no_liquidity_uniform_sector_distribution,seed_002,Italy,combined_transition_physical,p30,1.0,0.75,True
seed_002_Spain_orderly_transition_p30_ibx1_0_shockx0_75_no_liquidity_uniform_sector_distribution,seed_002,Spain,orderly_transition,p30,1.0,0.75,True
seed_002_Spain_disorderly_transition_p30_ibx1_0_shockx0_75_no_liquidity_uniform_sector_distribution,seed_002,Spain,disorderly_transition,p30,1.0,0.75,True
seed_002_Spain_severe_disorderly_transition_p30_ibx1_0_shockx0_75_no_liquidity_uniform_sector_distribution,seed_002,Spain,severe_disorderly_transition,p30,1.0,0.75,True
seed_002_Spain_acute_physical_risk_p30_ibx1_0_shockx0_75_no_liquidity_uniform_sector_distribution,seed_002,Spain,acute_physical_risk,p30,1.0,0.75,True
seed_002_Spain_combined_transition_physical_p30_ibx1_0_shockx0_75_no_liquidity_uniform_sector_distribution,seed_002,Spain,combined_transition_physical,p30,1.0,0.75,True
seed_002_Ukraine_orderly_transition_p30_ibx1_0_shockx0_75_no_liquidity_uniform_sector_distribution,seed_002,Ukraine,orderly_transition,p30,1.0,0.75,True
seed_002_Ukraine_disorderly_transition_p30_ibx1_0_shockx0_75_no_liquidity_uniform_sector_distribution,seed_002,Ukraine,disorderly_transition,p30,1.0,0.75,True
seed_002_Ukraine_severe_disorderly_transition_p30_ibx1_0_shockx0_75_no_liquidity_uniform_sector_distribution,seed_002,Ukraine,severe_disorderly_transition,p30,1.0,0.75,True
seed_002_Ukraine_acute_physical_risk_p30_ibx1_0_shockx0_75_no_liquidity_uniform_sector_distribution,seed_002,Ukraine,acute_physical_risk,p30,1.0,0.75,True
seed_002_Ukraine_combined_transition_physical_p30_ibx1_0_shockx0_75_no_liquidity_uniform_sector_distribution,seed_002,Ukraine,combined_transition_physical,p30,1.0,0.75,True
seed_002_United_States_of_America_orderly_transition_p30_ibx1_0_shockx0_75_no_liquidity_uniform_sector_distribution,seed_002,United States of America,orderly_transition,p30,1.0,0.75,True
seed_002_United_States_of_America_disorderly_transition_p30_ibx1_0_shockx0_75_no_liquidity_uniform_sector_distribution,seed_002,United States of America,disorderly_transition,p30,1.0,0.75,True
seed_002_United_States_of_America_severe_disorderly_transition_p30_ibx1_0_shockx0_75_no_liquidity_uniform_sector_distribution,seed_002,United States of America,severe_disorderly_transition,p30,1.0,0.75,True
seed_002_United_States_of_America_acute_physical_risk_p30_ibx1_0_shockx0_75_no_liquidity_uniform_sector_distribution,seed_002,United States of America,acute_physical_risk,p30,1.0,0.75,True
seed_002_United_States_of_America_combined_transition_physical_p30_ibx1_0_shockx0_75_no_liquidity_uniform_sector_distribution,seed_002,United States of America,combined_transition_physical,p30,1.0,0.75,True
seed_002_Brazil_orderly_transition_p30_ibx1_0_shockx1_0_no_liquidity_uniform_sector_distribution,seed_002,Brazil,orderly_transition,p30,1.0,1.0,True
seed_002_Brazil_disorderly_transition_p30_ibx1_0_shockx1_0_no_liquidity_uniform_sector_distribution,seed_002,Brazil,disorderly_transition,p30,1.0,1.0,True
seed_002_Brazil_severe_disorderly_transition_p30_ibx1_0_shockx1_0_no_liquidity_uniform_sector_distribution,seed_002,Brazil,severe_disorderly_transition,p30,1.0,1.0,True
seed_002_Brazil_acute_physical_risk_p30_ibx1_0_shockx1_0_no_liquidity_uniform_sector_distribution,seed_002,Brazil,acute_physical_risk,p30,1.0,1.0,True
seed_002_Brazil_combined_transition_physical_p30_ibx1_0_shockx1_0_no_liquidity_uniform_sector_distribution,seed_002,Brazil,combined_transition_physical,p30,1.0,1.0,True
seed_002_Germany_orderly_transition_p30_ibx1_0_shockx1_0_no_liquidity_uniform_sector_distribution,seed_002,Germany,orderly_transition,p30,1.0,1.0,True
seed_002_Germany_disorderly_transition_p30_ibx1_0_shockx1_0_no_liquidity_uniform_sector_distribution,seed_002,Germany,disorderly_transition,p30,1.0,1.0,True
seed_002_Germany_severe_disorderly_transition_p30_ibx1_0_shockx1_0_no_liquidity_uniform_sector_distribution,seed_002,Germany,severe_disorderly_transition,p30,1.0,1.0,True
seed_002_Germany_acute_physical_risk_p30_ibx1_0_shockx1_0_no_liquidity_uniform_sector_distribution,seed_002,Germany,acute_physical_risk,p30,1.0,1.0,True
seed_002_Germany_combined_transition_physical_p30_ibx1_0_shockx1_0_no_liquidity_uniform_sector_distribution,seed_002,Germany,combined_transition_physical,p30,1.0,1.0,True
seed_002_Italy_orderly_transition_p30_ibx1_0_shockx1_0_no_liquidity_uniform_sector_distribution,seed_002,Italy,orderly_transition,p30,1.0,1.0,True
seed_002_Italy_disorderly_transition_p30_ibx1_0_shockx1_0_no_liquidity_uniform_sector_distribution,seed_002,Italy,disorderly_transition,p30,1.0,1.0,True
seed_002_Italy_severe_disorderly_transition_p30_ibx1_0_shockx1_0_no_liquidity_uniform_sector_distribution,seed_002,Italy,severe_disorderly_transition,p30,1.0,1.0,True
seed_002_Italy_acute_physical_risk_p30_ibx1_0_shockx1_0_no_liquidity_uniform_sector_distribution,seed_002,Italy,acute_physical_risk,p30,1.0,1.0,True
seed_002_Italy_combined_transition_physical_p30_ibx1_0_shockx1_0_no_liquidity_uniform_sector_distribution,seed_002,Italy,combined_transition_physical,p30,1.0,1.0,True
seed_002_Spain_orderly_transition_p30_ibx1_0_shockx1_0_no_liquidity_uniform_sector_distribution,seed_002,Spain,orderly_transition,p30,1.0,1.0,True
seed_002_Spain_disorderly_transition_p30_ibx1_0_shockx1_0_no_liquidity_uniform_sector_distribution,seed_002,Spain,disorderly_transition,p30,1.0,1.0,True
seed_002_Spain_severe_disorderly_transition_p30_ibx1_0_shockx1_0_no_liquidity_uniform_sector_distribution,seed_002,Spain,severe_disorderly_transition,p30,1.0,1.0,True
seed_002_Spain_acute_physical_risk_p30_ibx1_0_shockx1_0_no_liquidity_uniform_sector_distribution,seed_002,Spain,acute_physical_risk,p30,1.0,1.0,True
seed_002_Spain_combined_transition_physical_p30_ibx1_0_shockx1_0_no_liquidity_uniform_sector_distribution,seed_002,Spain,combined_transition_physical,p30,1.0,1.0,True
seed_002_Ukraine_orderly_transition_p30_ibx1_0_shockx1_0_no_liquidity_uniform_sector_distribution,seed_002,Ukraine,orderly_transition,p30,1.0,1.0,True
seed_002_Ukraine_disorderly_transition_p30_ibx1_0_shockx1_0_no_liquidity_uniform_sector_distribution,seed_002,Ukraine,disorderly_transition,p30,1.0,1.0,True
seed_002_Ukraine_severe_disorderly_transition_p30_ibx1_0_shockx1_0_no_liquidity_uniform_sector_distribution,seed_002,Ukraine,severe_disorderly_transition,p30,1.0,1.0,True
seed_002_Ukraine_acute_physical_risk_p30_ibx1_0_shockx1_0_no_liquidity_uniform_sector_distribution,seed_002,Ukraine,acute_physical_risk,p30,1.0,1.0,True
seed_002_Ukraine_combined_transition_physical_p30_ibx1_0_shockx1_0_no_liquidity_uniform_sector_distribution,seed_002,Ukraine,combined_transition_physical,p30,1.0,1.0,True
seed_002_United_States_of_America_orderly_transition_p30_ibx1_0_shockx1_0_no_liquidity_uniform_sector_distribution,seed_002,United States of America,orderly_transition,p30,1.0,1.0,True
seed_002_United_States_of_America_disorderly_transition_p30_ibx1_0_shockx1_0_no_liquidity_uniform_sector_distribution,seed_002,United States of America,disorderly_transition,p30,1.0,1.0,True
seed_002_United_States_of_America_severe_disorderly_transition_p30_ibx1_0_shockx1_0_no_liquidity_uniform_sector_distribution,seed_002,United States of America,severe_disorderly_transition,p30,1.0,1.0,True
seed_002_United_States_of_America_acute_physical_risk_p30_ibx1_0_shockx1_0_no_liquidity_uniform_sector_distribution,seed_002,United States of America,acute_physical_risk,p30,1.0,1.0,True
seed_002_United_States_of_America_combined_transition_physical_p30_ibx1_0_shockx1_0_no_liquidity_uniform_sector_distribution,seed_002,United States of America,combined_transition_physical,p30,1.0,1.0,True
seed_002_Brazil_orderly_transition_p30_ibx1_0_shockx1_25_no_liquidity_uniform_sector_distribution,seed_002,Brazil,orderly_transition,p30,1.0,1.25,True
seed_002_Brazil_disorderly_transition_p30_ibx1_0_shockx1_25_no_liquidity_uniform_sector_distribution,seed_002,Brazil,disorderly_transition,p30,1.0,1.25,True
seed_002_Brazil_severe_disorderly_transition_p30_ibx1_0_shockx1_25_no_liquidity_uniform_sector_distribution,seed_002,Brazil,severe_disorderly_transition,p30,1.0,1.25,True
seed_002_Brazil_acute_physical_risk_p30_ibx1_0_shockx1_25_no_liquidity_uniform_sector_distribution,seed_002,Brazil,acute_physical_risk,p30,1.0,1.25,True
seed_002_Brazil_combined_transition_physical_p30_ibx1_0_shockx1_25_no_liquidity_uniform_sector_distribution,seed_002,Brazil,combined_transition_physical,p30,1.0,1.25,True
seed_002_Germany_orderly_transition_p30_ibx1_0_shockx1_25_no_liquidity_uniform_sector_distribution,seed_002,Germany,orderly_transition,p30,1.0,1.25,True
seed_002_Germany_disorderly_transition_p30_ibx1_0_shockx1_25_no_liquidity_uniform_sector_distribution,seed_002,Germany,disorderly_transition,p30,1.0,1.25,True
seed_002_Germany_severe_disorderly_transition_p30_ibx1_0_shockx1_25_no_liquidity_uniform_sector_distribution,seed_002,Germany,severe_disorderly_transition,p30,1.0,1.25,True
seed_002_Germany_acute_physical_risk_p30_ibx1_0_shockx1_25_no_liquidity_uniform_sector_distribution,seed_002,Germany,acute_physical_risk,p30,1.0,1.25,True
seed_002_Germany_combined_transition_physical_p30_ibx1_0_shockx1_25_no_liquidity_uniform_sector_distribution,seed_002,Germany,combined_transition_physical,p30,1.0,1.25,True
seed_002_Italy_orderly_transition_p30_ibx1_0_shockx1_25_no_liquidity_uniform_sector_distribution,seed_002,Italy,orderly_transition,p30,1.0,1.25,True
seed_002_Italy_disorderly_transition_p30_ibx1_0_shockx1_25_no_liquidity_uniform_sector_distribution,seed_002,Italy,disorderly_transition,p30,1.0,1.25,True
seed_002_Italy_severe_disorderly_transition_p30_ibx1_0_shockx1_25_no_liquidity_uniform_sector_distribution,seed_002,Italy,severe_disorderly_transition,p30,1.0,1.25,True
seed_002_Italy_acute_physical_risk_p30_ibx1_0_shockx1_25_no_liquidity_uniform_sector_distribution,seed_002,Italy,acute_physical_risk,p30,1.0,1.25,True
seed_002_Italy_combined_transition_physical_p30_ibx1_0_shockx1_25_no_liquidity_uniform_sector_distribution,seed_002,Italy,combined_transition_physical,p30,1.0,1.25,True
seed_002_Spain_orderly_transition_p30_ibx1_0_shockx1_25_no_liquidity_uniform_sector_distribution,seed_002,Spain,orderly_transition,p30,1.0,1.25,True
seed_002_Spain_disorderly_transition_p30_ibx1_0_shockx1_25_no_liquidity_uniform_sector_distribution,seed_002,Spain,disorderly_transition,p30,1.0,1.25,True
seed_002_Spain_severe_disorderly_transition_p30_ibx1_0_shockx1_25_no_liquidity_uniform_sector_distribution,seed_002,Spain,severe_disorderly_transition,p30,1.0,1.25,True
seed_002_Spain_acute_physical_risk_p30_ibx1_0_shockx1_25_no_liquidity_uniform_sector_distribution,seed_002,Spain,acute_physical_risk,p30,1.0,1.25,True
seed_002_Spain_combined_transition_physical_p30_ibx1_0_shockx1_25_no_liquidity_uniform_sector_distribution,seed_002,Spain,combined_transition_physical,p30,1.0,1.25,True
seed_002_Ukraine_orderly_transition_p30_ibx1_0_shockx1_25_no_liquidity_uniform_sector_distribution,seed_002,Ukraine,orderly_transition,p30,1.0,1.25,True
seed_002_Ukraine_disorderly_transition_p30_ibx1_0_shockx1_25_no_liquidity_uniform_sector_distribution,seed_002,Ukraine,disorderly_transition,p30,1.0,1.25,True
seed_002_Ukraine_severe_disorderly_transition_p30_ibx1_0_shockx1_25_no_liquidity_uniform_sector_distribution,seed_002,Ukraine,severe_disorderly_transition,p30,1.0,1.25,True
seed_002_Ukraine_acute_physical_risk_p30_ibx1_0_shockx1_25_no_liquidity_uniform_sector_distribution,seed_002,Ukraine,acute_physical_risk,p30,1.0,1.25,True
seed_002_Ukraine_combined_transition_physical_p30_ibx1_0_shockx1_25_no_liquidity_uniform_sector_distribution,seed_002,Ukraine,combined_transition_physical,p30,1.0,1.25,True
seed_002_United_States_of_America_orderly_transition_p30_ibx1_0_shockx1_25_no_liquidity_uniform_sector_distribution,seed_002,United States of America,orderly_transition,p30,1.0,1.25,True
seed_002_United_States_of_America_disorderly_transition_p30_ibx1_0_shockx1_25_no_liquidity_uniform_sector_distribution,seed_002,United States of America,disorderly_transition,p30,1.0,1.25,True
seed_002_United_States_of_America_severe_disorderly_transition_p30_ibx1_0_shockx1_25_no_liquidity_uniform_sector_distribution,seed_002,United States of America,severe_disorderly_transition,p30,1.0,1.25,True
seed_002_United_States_of_America_acute_physical_risk_p30_ibx1_0_shockx1_25_no_liquidity_uniform_sector_distribution,seed_002,United States of America,acute_physical_risk,p30,1.0,1.25,True
seed_002_United_States_of_America_combined_transition_physical_p30_ibx1_0_shockx1_25_no_liquidity_uniform_sector_distribution,seed_002,United States of America,combined_transition_physical,p30,1.0,1.25,True
seed_002_Brazil_orderly_transition_p30_ibx1_0_shockx1_5_no_liquidity_uniform_sector_distribution,seed_002,Brazil,orderly_transition,p30,1.0,1.5,True
seed_002_Brazil_disorderly_transition_p30_ibx1_0_shockx1_5_no_liquidity_uniform_sector_distribution,seed_002,Brazil,disorderly_transition,p30,1.0,1.5,True
seed_002_Brazil_severe_disorderly_transition_p30_ibx1_0_shockx1_5_no_liquidity_uniform_sector_distribution,seed_002,Brazil,severe_disorderly_transition,p30,1.0,1.5,True
seed_002_Brazil_acute_physical_risk_p30_ibx1_0_shockx1_5_no_liquidity_uniform_sector_distribution,seed_002,Brazil,acute_physical_risk,p30,1.0,1.5,True
seed_002_Brazil_combined_transition_physical_p30_ibx1_0_shockx1_5_no_liquidity_uniform_sector_distribution,seed_002,Brazil,combined_transition_physical,p30,1.0,1.5,True
seed_002_Germany_orderly_transition_p30_ibx1_0_shockx1_5_no_liquidity_uniform_sector_distribution,seed_002,Germany,orderly_transition,p30,1.0,1.5,True
seed_002_Germany_disorderly_transition_p30_ibx1_0_shockx1_5_no_liquidity_uniform_sector_distribution,seed_002,Germany,disorderly_transition,p30,1.0,1.5,True
seed_002_Germany_severe_disorderly_transition_p30_ibx1_0_shockx1_5_no_liquidity_uniform_sector_distribution,seed_002,Germany,severe_disorderly_transition,p30,1.0,1.5,True
seed_002_Germany_acute_physical_risk_p30_ibx1_0_shockx1_5_no_liquidity_uniform_sector_distribution,seed_002,Germany,acute_physical_risk,p30,1.0,1.5,True
seed_002_Germany_combined_transition_physical_p30_ibx1_0_shockx1_5_no_liquidity_uniform_sector_distribution,seed_002,Germany,combined_transition_physical,p30,1.0,1.5,True
seed_002_Italy_orderly_transition_p30_ibx1_0_shockx1_5_no_liquidity_uniform_sector_distribution,seed_002,Italy,orderly_transition,p30,1.0,1.5,True
seed_002_Italy_disorderly_transition_p30_ibx1_0_shockx1_5_no_liquidity_uniform_sector_distribution,seed_002,Italy,disorderly_transition,p30,1.0,1.5,True
seed_002_Italy_severe_disorderly_transition_p30_ibx1_0_shockx1_5_no_liquidity_uniform_sector_distribution,seed_002,Italy,severe_disorderly_transition,p30,1.0,1.5,True
seed_002_Italy_acute_physical_risk_p30_ibx1_0_shockx1_5_no_liquidity_uniform_sector_distribution,seed_002,Italy,acute_physical_risk,p30,1.0,1.5,True
seed_002_Italy_combined_transition_physical_p30_ibx1_0_shockx1_5_no_liquidity_uniform_sector_distribution,seed_002,Italy,combined_transition_physical,p30,1.0,1.5,True
seed_002_Spain_orderly_transition_p30_ibx1_0_shockx1_5_no_liquidity_uniform_sector_distribution,seed_002,Spain,orderly_transition,p30,1.0,1.5,True
seed_002_Spain_disorderly_transition_p30_ibx1_0_shockx1_5_no_liquidity_uniform_sector_distribution,seed_002,Spain,disorderly_transition,p30,1.0,1.5,True
seed_002_Spain_severe_disorderly_transition_p30_ibx1_0_shockx1_5_no_liquidity_uniform_sector_distribution,seed_002,Spain,severe_disorderly_transition,p30,1.0,1.5,True
seed_002_Spain_acute_physical_risk_p30_ibx1_0_shockx1_5_no_liquidity_uniform_sector_distribution,seed_002,Spain,acute_physical_risk,p30,1.0,1.5,True
seed_002_Spain_combined_transition_physical_p30_ibx1_0_shockx1_5_no_liquidity_uniform_sector_distribution,seed_002,Spain,combined_transition_physical,p30,1.0,1.5,True
seed_002_Ukraine_orderly_transition_p30_ibx1_0_shockx1_5_no_liquidity_uniform_sector_distribution,seed_002,Ukraine,orderly_transition,p30,1.0,1.5,True
seed_002_Ukraine_disorderly_transition_p30_ibx1_0_shockx1_5_no_liquidity_uniform_sector_distribution,seed_002,Ukraine,disorderly_transition,p30,1.0,1.5,True
seed_002_Ukraine_severe_disorderly_transition_p30_ibx1_0_shockx1_5_no_liquidity_uniform_sector_distribution,seed_002,Ukraine,severe_disorderly_transition,p30,1.0,1.5,True
seed_002_Ukraine_acute_physical_risk_p30_ibx1_0_shockx1_5_no_liquidity_uniform_sector_distribution,seed_002,Ukraine,acute_physical_risk,p30,1.0,1.5,True
seed_002_Ukraine_combined_transition_physical_p30_ibx1_0_shockx1_5_no_liquidity_uniform_sector_distribution,seed_002,Ukraine,combined_transition_physical,p30,1.0,1.5,True
seed_002_United_States_of_America_orderly_transition_p30_ibx1_0_shockx1_5_no_liquidity_uniform_sector_distribution,seed_002,United States of America,orderly_transition,p30,1.0,1.5,True
seed_002_United_States_of_America_disorderly_transition_p30_ibx1_0_shockx1_5_no_liquidity_uniform_sector_distribution,seed_002,United States of America,disorderly_transition,p30,1.0,1.5,True
seed_002_United_States_of_America_severe_disorderly_transition_p30_ibx1_0_shockx1_5_no_liquidity_uniform_sector_distribution,seed_002,United States of America,severe_disorderly_transition,p30,1.0,1.5,True
seed_002_United_States_of_America_acute_physical_risk_p30_ibx1_0_shockx1_5_no_liquidity_uniform_sector_distribution,seed_002,United States of America,acute_physical_risk,p30,1.0,1.5,True
seed_002_United_States_of_America_combined_transition_physical_p30_ibx1_0_shockx1_5_no_liquidity_uniform_sector_distribution,seed_002,United States of America,combined_transition_physical,p30,1.0,1.5,True
seed_003_Brazil_orderly_transition_p30_ibx1_0_shockx0_75_no_liquidity_uniform_sector_distribution,seed_003,Brazil,orderly_transition,p30,1.0,0.75,True
seed_003_Brazil_disorderly_transition_p30_ibx1_0_shockx0_75_no_liquidity_uniform_sector_distribution,seed_003,Brazil,disorderly_transition,p30,1.0,0.75,True
seed_003_Brazil_severe_disorderly_transition_p30_ibx1_0_shockx0_75_no_liquidity_uniform_sector_distribution,seed_003,Brazil,severe_disorderly_transition,p30,1.0,0.75,True
seed_003_Brazil_acute_physical_risk_p30_ibx1_0_shockx0_75_no_liquidity_uniform_sector_distribution,seed_003,Brazil,acute_physical_risk,p30,1.0,0.75,True
seed_003_Brazil_combined_transition_physical_p30_ibx1_0_shockx0_75_no_liquidity_uniform_sector_distribution,seed_003,Brazil,combined_transition_physical,p30,1.0,0.75,True
seed_003_Germany_orderly_transition_p30_ibx1_0_shockx0_75_no_liquidity_uniform_sector_distribution,seed_003,Germany,orderly_transition,p30,1.0,0.75,True
seed_003_Germany_disorderly_transition_p30_ibx1_0_shockx0_75_no_liquidity_uniform_sector_distribution,seed_003,Germany,disorderly_transition,p30,1.0,0.75,True
seed_003_Germany_severe_disorderly_transition_p30_ibx1_0_shockx0_75_no_liquidity_uniform_sector_distribution,seed_003,Germany,severe_disorderly_transition,p30,1.0,0.75,True
seed_003_Germany_acute_physical_risk_p30_ibx1_0_shockx0_75_no_liquidity_uniform_sector_distribution,seed_003,Germany,acute_physical_risk,p30,1.0,0.75,True
seed_003_Germany_combined_transition_physical_p30_ibx1_0_shockx0_75_no_liquidity_uniform_sector_distribution,seed_003,Germany,combined_transition_physical,p30,1.0,0.75,True
seed_003_Italy_orderly_transition_p30_ibx1_0_shockx0_75_no_liquidity_uniform_sector_distribution,seed_003,Italy,orderly_transition,p30,1.0,0.75,True
seed_003_Italy_disorderly_transition_p30_ibx1_0_shockx0_75_no_liquidity_uniform_sector_distribution,seed_003,Italy,disorderly_transition,p30,1.0,0.75,True
seed_003_Italy_severe_disorderly_transition_p30_ibx1_0_shockx0_75_no_liquidity_uniform_sector_distribution,seed_003,Italy,severe_disorderly_transition,p30,1.0,0.75,True
seed_003_Italy_acute_physical_risk_p30_ibx1_0_shockx0_75_no_liquidity_uniform_sector_distribution,seed_003,Italy,acute_physical_risk,p30,1.0,0.75,True
seed_003_Italy_combined_transition_physical_p30_ibx1_0_shockx0_75_no_liquidity_uniform_sector_distribution,seed_003,Italy,combined_transition_physical,p30,1.0,0.75,True
seed_003_Spain_orderly_transition_p30_ibx1_0_shockx0_75_no_liquidity_uniform_sector_distribution,seed_003,Spain,orderly_transition,p30,1.0,0.75,True
seed_003_Spain_disorderly_transition_p30_ibx1_0_shockx0_75_no_liquidity_uniform_sector_distribution,seed_003,Spain,disorderly_transition,p30,1.0,0.75,True
seed_003_Spain_severe_disorderly_transition_p30_ibx1_0_shockx0_75_no_liquidity_uniform_sector_distribution,seed_003,Spain,severe_disorderly_transition,p30,1.0,0.75,True
seed_003_Spain_acute_physical_risk_p30_ibx1_0_shockx0_75_no_liquidity_uniform_sector_distribution,seed_003,Spain,acute_physical_risk,p30,1.0,0.75,True
seed_003_Spain_combined_transition_physical_p30_ibx1_0_shockx0_75_no_liquidity_uniform_sector_distribution,seed_003,Spain,combined_transition_physical,p30,1.0,0.75,True
seed_003_Ukraine_orderly_transition_p30_ibx1_0_shockx0_75_no_liquidity_uniform_sector_distribution,seed_003,Ukraine,orderly_transition,p30,1.0,0.75,True
seed_003_Ukraine_disorderly_transition_p30_ibx1_0_shockx0_75_no_liquidity_uniform_sector_distribution,seed_003,Ukraine,disorderly_transition,p30,1.0,0.75,True
seed_003_Ukraine_severe_disorderly_transition_p30_ibx1_0_shockx0_75_no_liquidity_uniform_sector_distribution,seed_003,Ukraine,severe_disorderly_transition,p30,1.0,0.75,True
seed_003_Ukraine_acute_physical_risk_p30_ibx1_0_shockx0_75_no_liquidity_uniform_sector_distribution,seed_003,Ukraine,acute_physical_risk,p30,1.0,0.75,True
seed_003_Ukraine_combined_transition_physical_p30_ibx1_0_shockx0_75_no_liquidity_uniform_sector_distribution,seed_003,Ukraine,combined_transition_physical,p30,1.0,0.75,True
seed_003_United_States_of_America_orderly_transition_p30_ibx1_0_shockx0_75_no_liquidity_uniform_sector_distribution,seed_003,United States of America,orderly_transition,p30,1.0,0.75,True
seed_003_United_States_of_America_disorderly_transition_p30_ibx1_0_shockx0_75_no_liquidity_uniform_sector_distribution,seed_003,United States of America,disorderly_transition,p30,1.0,0.75,True
seed_003_United_States_of_America_severe_disorderly_transition_p30_ibx1_0_shockx0_75_no_liquidity_uniform_sector_distribution,seed_003,United States of America,severe_disorderly_transition,p30,1.0,0.75,True
seed_003_United_States_of_America_acute_physical_risk_p30_ibx1_0_shockx0_75_no_liquidity_uniform_sector_distribution,seed_003,United States of America,acute_physical_risk,p30,1.0,0.75,True
seed_003_United_States_of_America_combined_transition_physical_p30_ibx1_0_shockx0_75_no_liquidity_uniform_sector_distribution,seed_003,United States of America,combined_transition_physical,p30,1.0,0.75,True
seed_003_Brazil_orderly_transition_p30_ibx1_0_shockx1_0_no_liquidity_uniform_sector_distribution,seed_003,Brazil,orderly_transition,p30,1.0,1.0,True
seed_003_Brazil_disorderly_transition_p30_ibx1_0_shockx1_0_no_liquidity_uniform_sector_distribution,seed_003,Brazil,disorderly_transition,p30,1.0,1.0,True
seed_003_Brazil_severe_disorderly_transition_p30_ibx1_0_shockx1_0_no_liquidity_uniform_sector_distribution,seed_003,Brazil,severe_disorderly_transition,p30,1.0,1.0,True
seed_003_Brazil_acute_physical_risk_p30_ibx1_0_shockx1_0_no_liquidity_uniform_sector_distribution,seed_003,Brazil,acute_physical_risk,p30,1.0,1.0,True
seed_003_Brazil_combined_transition_physical_p30_ibx1_0_shockx1_0_no_liquidity_uniform_sector_distribution,seed_003,Brazil,combined_transition_physical,p30,1.0,1.0,True
seed_003_Germany_orderly_transition_p30_ibx1_0_shockx1_0_no_liquidity_uniform_sector_distribution,seed_003,Germany,orderly_transition,p30,1.0,1.0,True
seed_003_Germany_disorderly_transition_p30_ibx1_0_shockx1_0_no_liquidity_uniform_sector_distribution,seed_003,Germany,disorderly_transition,p30,1.0,1.0,True
seed_003_Germany_severe_disorderly_transition_p30_ibx1_0_shockx1_0_no_liquidity_uniform_sector_distribution,seed_003,Germany,severe_disorderly_transition,p30,1.0,1.0,True
seed_003_Germany_acute_physical_risk_p30_ibx1_0_shockx1_0_no_liquidity_uniform_sector_distribution,seed_003,Germany,acute_physical_risk,p30,1.0,1.0,True
seed_003_Germany_combined_transition_physical_p30_ibx1_0_shockx1_0_no_liquidity_uniform_sector_distribution,seed_003,Germany,combined_transition_physical,p30,1.0,1.0,True
seed_003_Italy_orderly_transition_p30_ibx1_0_shockx1_0_no_liquidity_uniform_sector_distribution,seed_003,Italy,orderly_transition,p30,1.0,1.0,True
seed_003_Italy_disorderly_transition_p30_ibx1_0_shockx1_0_no_liquidity_uniform_sector_distribution,seed_003,Italy,disorderly_transition,p30,1.0,1.0,True
seed_003_Italy_severe_disorderly_transition_p30_ibx1_0_shockx1_0_no_liquidity_uniform_sector_distribution,seed_003,Italy,severe_disorderly_transition,p30,1.0,1.0,True
seed_003_Italy_acute_physical_risk_p30_ibx1_0_shockx1_0_no_liquidity_uniform_sector_distribution,seed_003,Italy,acute_physical_risk,p30,1.0,1.0,True
seed_003_Italy_combined_transition_physical_p30_ibx1_0_shockx1_0_no_liquidity_uniform_sector_distribution,seed_003,Italy,combined_transition_physical,p30,1.0,1.0,True
seed_003_Spain_orderly_transition_p30_ibx1_0_shockx1_0_no_liquidity_uniform_sector_distribution,seed_003,Spain,orderly_transition,p30,1.0,1.0,True
seed_003_Spain_disorderly_transition_p30_ibx1_0_shockx1_0_no_liquidity_uniform_sector_distribution,seed_003,Spain,disorderly_transition,p30,1.0,1.0,True
seed_003_Spain_severe_disorderly_transition_p30_ibx1_0_shockx1_0_no_liquidity_uniform_sector_distribution,seed_003,Spain,severe_disorderly_transition,p30,1.0,1.0,True
seed_003_Spain_acute_physical_risk_p30_ibx1_0_shockx1_0_no_liquidity_uniform_sector_distribution,seed_003,Spain,acute_physical_risk,p30,1.0,1.0,True
seed_003_Spain_combined_transition_physical_p30_ibx1_0_shockx1_0_no_liquidity_uniform_sector_distribution,seed_003,Spain,combined_transition_physical,p30,1.0,1.0,True
seed_003_Ukraine_orderly_transition_p30_ibx1_0_shockx1_0_no_liquidity_uniform_sector_distribution,seed_003,Ukraine,orderly_transition,p30,1.0,1.0,True
seed_003_Ukraine_disorderly_transition_p30_ibx1_0_shockx1_0_no_liquidity_uniform_sector_distribution,seed_003,Ukraine,disorderly_transition,p30,1.0,1.0,True
seed_003_Ukraine_severe_disorderly_transition_p30_ibx1_0_shockx1_0_no_liquidity_uniform_sector_distribution,seed_003,Ukraine,severe_disorderly_transition,p30,1.0,1.0,True
seed_003_Ukraine_acute_physical_risk_p30_ibx1_0_shockx1_0_no_liquidity_uniform_sector_distribution,seed_003,Ukraine,acute_physical_risk,p30,1.0,1.0,True
seed_003_Ukraine_combined_transition_physical_p30_ibx1_0_shockx1_0_no_liquidity_uniform_sector_distribution,seed_003,Ukraine,combined_transition_physical,p30,1.0,1.0,True
seed_003_United_States_of_America_orderly_transition_p30_ibx1_0_shockx1_0_no_liquidity_uniform_sector_distribution,seed_003,United States of America,orderly_transition,p30,1.0,1.0,True
seed_003_United_States_of_America_disorderly_transition_p30_ibx1_0_shockx1_0_no_liquidity_uniform_sector_distribution,seed_003,United States of America,disorderly_transition,p30,1.0,1.0,True
seed_003_United_States_of_America_severe_disorderly_transition_p30_ibx1_0_shockx1_0_no_liquidity_uniform_sector_distribution,seed_003,United States of America,severe_disorderly_transition,p30,1.0,1.0,True
seed_003_United_States_of_America_acute_physical_risk_p30_ibx1_0_shockx1_0_no_liquidity_uniform_sector_distribution,seed_003,United States of America,acute_physical_risk,p30,1.0,1.0,True
seed_003_United_States_of_America_combined_transition_physical_p30_ibx1_0_shockx1_0_no_liquidity_uniform_sector_distribution,seed_003,United States of America,combined_transition_physical,p30,1.0,1.0,True
seed_003_Brazil_orderly_transition_p30_ibx1_0_shockx1_25_no_liquidity_uniform_sector_distribution,seed_003,Brazil,orderly_transition,p30,1.0,1.25,True
seed_003_Brazil_disorderly_transition_p30_ibx1_0_shockx1_25_no_liquidity_uniform_sector_distribution,seed_003,Brazil,disorderly_transition,p30,1.0,1.25,True
seed_003_Brazil_severe_disorderly_transition_p30_ibx1_0_shockx1_25_no_liquidity_uniform_sector_distribution,seed_003,Brazil,severe_disorderly_transition,p30,1.0,1.25,True
seed_003_Brazil_acute_physical_risk_p30_ibx1_0_shockx1_25_no_liquidity_uniform_sector_distribution,seed_003,Brazil,acute_physical_risk,p30,1.0,1.25,True
seed_003_Brazil_combined_transition_physical_p30_ibx1_0_shockx1_25_no_liquidity_uniform_sector_distribution,seed_003,Brazil,combined_transition_physical,p30,1.0,1.25,True
seed_003_Germany_orderly_transition_p30_ibx1_0_shockx1_25_no_liquidity_uniform_sector_distribution,seed_003,Germany,orderly_transition,p30,1.0,1.25,True
seed_003_Germany_disorderly_transition_p30_ibx1_0_shockx1_25_no_liquidity_uniform_sector_distribution,seed_003,Germany,disorderly_transition,p30,1.0,1.25,True
seed_003_Germany_severe_disorderly_transition_p30_ibx1_0_shockx1_25_no_liquidity_uniform_sector_distribution,seed_003,Germany,severe_disorderly_transition,p30,1.0,1.25,True
seed_003_Germany_acute_physical_risk_p30_ibx1_0_shockx1_25_no_liquidity_uniform_sector_distribution,seed_003,Germany,acute_physical_risk,p30,1.0,1.25,True
seed_003_Germany_combined_transition_physical_p30_ibx1_0_shockx1_25_no_liquidity_uniform_sector_distribution,seed_003,Germany,combined_transition_physical,p30,1.0,1.25,True
seed_003_Italy_orderly_transition_p30_ibx1_0_shockx1_25_no_liquidity_uniform_sector_distribution,seed_003,Italy,orderly_transition,p30,1.0,1.25,True
seed_003_Italy_disorderly_transition_p30_ibx1_0_shockx1_25_no_liquidity_uniform_sector_distribution,seed_003,Italy,disorderly_transition,p30,1.0,1.25,True
seed_003_Italy_severe_disorderly_transition_p30_ibx1_0_shockx1_25_no_liquidity_uniform_sector_distribution,seed_003,Italy,severe_disorderly_transition,p30,1.0,1.25,True
seed_003_Italy_acute_physical_risk_p30_ibx1_0_shockx1_25_no_liquidity_uniform_sector_distribution,seed_003,Italy,acute_physical_risk,p30,1.0,1.25,True
seed_003_Italy_combined_transition_physical_p30_ibx1_0_shockx1_25_no_liquidity_uniform_sector_distribution,seed_003,Italy,combined_transition_physical,p30,1.0,1.25,True
seed_003_Spain_orderly_transition_p30_ibx1_0_shockx1_25_no_liquidity_uniform_sector_distribution,seed_003,Spain,orderly_transition,p30,1.0,1.25,True
seed_003_Spain_disorderly_transition_p30_ibx1_0_shockx1_25_no_liquidity_uniform_sector_distribution,seed_003,Spain,disorderly_transition,p30,1.0,1.25,True
seed_003_Spain_severe_disorderly_transition_p30_ibx1_0_shockx1_25_no_liquidity_uniform_sector_distribution,seed_003,Spain,severe_disorderly_transition,p30,1.0,1.25,True
seed_003_Spain_acute_physical_risk_p30_ibx1_0_shockx1_25_no_liquidity_uniform_sector_distribution,seed_003,Spain,acute_physical_risk,p30,1.0,1.25,True
seed_003_Spain_combined_transition_physical_p30_ibx1_0_shockx1_25_no_liquidity_uniform_sector_distribution,seed_003,Spain,combined_transition_physical,p30,1.0,1.25,True
seed_003_Ukraine_orderly_transition_p30_ibx1_0_shockx1_25_no_liquidity_uniform_sector_distribution,seed_003,Ukraine,orderly_transition,p30,1.0,1.25,True
seed_003_Ukraine_disorderly_transition_p30_ibx1_0_shockx1_25_no_liquidity_uniform_sector_distribution,seed_003,Ukraine,disorderly_transition,p30,1.0,1.25,True
seed_003_Ukraine_severe_disorderly_transition_p30_ibx1_0_shockx1_25_no_liquidity_uniform_sector_distribution,seed_003,Ukraine,severe_disorderly_transition,p30,1.0,1.25,True
seed_003_Ukraine_acute_physical_risk_p30_ibx1_0_shockx1_25_no_liquidity_uniform_sector_distribution,seed_003,Ukraine,acute_physical_risk,p30,1.0,1.25,True
seed_003_Ukraine_combined_transition_physical_p30_ibx1_0_shockx1_25_no_liquidity_uniform_sector_distribution,seed_003,Ukraine,combined_transition_physical,p30,1.0,1.25,True
seed_003_United_States_of_America_orderly_transition_p30_ibx1_0_shockx1_25_no_liquidity_uniform_sector_distribution,seed_003,United States of America,orderly_transition,p30,1.0,1.25,True
seed_003_United_States_of_America_disorderly_transition_p30_ibx1_0_shockx1_25_no_liquidity_uniform_sector_distribution,seed_003,United States of America,disorderly_transition,p30,1.0,1.25,True
seed_003_United_States_of_America_severe_disorderly_transition_p30_ibx1_0_shockx1_25_no_liquidity_uniform_sector_distribution,seed_003,United States of America,severe_disorderly_transition,p30,1.0,1.25,True
seed_003_United_States_of_America_acute_physical_risk_p30_ibx1_0_shockx1_25_no_liquidity_uniform_sector_distribution,seed_003,United States of America,acute_physical_risk,p30,1.0,1.25,True
seed_003_United_States_of_America_combined_transition_physical_p30_ibx1_0_shockx1_25_no_liquidity_uniform_sector_distribution,seed_003,United States of America,combined_transition_physical,p30,1.0,1.25,True
seed_003_Brazil_orderly_transition_p30_ibx1_0_shockx1_5_no_liquidity_uniform_sector_distribution,seed_003,Brazil,orderly_transition,p30,1.0,1.5,True
seed_003_Brazil_disorderly_transition_p30_ibx1_0_shockx1_5_no_liquidity_uniform_sector_distribution,seed_003,Brazil,disorderly_transition,p30,1.0,1.5,True
seed_003_Brazil_severe_disorderly_transition_p30_ibx1_0_shockx1_5_no_liquidity_uniform_sector_distribution,seed_003,Brazil,severe_disorderly_transition,p30,1.0,1.5,True
seed_003_Brazil_acute_physical_risk_p30_ibx1_0_shockx1_5_no_liquidity_uniform_sector_distribution,seed_003,Brazil,acute_physical_risk,p30,1.0,1.5,True
seed_003_Brazil_combined_transition_physical_p30_ibx1_0_shockx1_5_no_liquidity_uniform_sector_distribution,seed_003,Brazil,combined_transition_physical,p30,1.0,1.5,True
seed_003_Germany_orderly_transition_p30_ibx1_0_shockx1_5_no_liquidity_uniform_sector_distribution,seed_003,Germany,orderly_transition,p30,1.0,1.5,True
seed_003_Germany_disorderly_transition_p30_ibx1_0_shockx1_5_no_liquidity_uniform_sector_distribution,seed_003,Germany,disorderly_transition,p30,1.0,1.5,True
seed_003_Germany_severe_disorderly_transition_p30_ibx1_0_shockx1_5_no_liquidity_uniform_sector_distribution,seed_003,Germany,severe_disorderly_transition,p30,1.0,1.5,True
seed_003_Germany_acute_physical_risk_p30_ibx1_0_shockx1_5_no_liquidity_uniform_sector_distribution,seed_003,Germany,acute_physical_risk,p30,1.0,1.5,True
seed_003_Germany_combined_transition_physical_p30_ibx1_0_shockx1_5_no_liquidity_uniform_sector_distribution,seed_003,Germany,combined_transition_physical,p30,1.0,1.5,True
seed_003_Italy_orderly_transition_p30_ibx1_0_shockx1_5_no_liquidity_uniform_sector_distribution,seed_003,Italy,orderly_transition,p30,1.0,1.5,True
seed_003_Italy_disorderly_transition_p30_ibx1_0_shockx1_5_no_liquidity_uniform_sector_distribution,seed_003,Italy,disorderly_transition,p30,1.0,1.5,True
seed_003_Italy_severe_disorderly_transition_p30_ibx1_0_shockx1_5_no_liquidity_uniform_sector_distribution,seed_003,Italy,severe_disorderly_transition,p30,1.0,1.5,True
seed_003_Italy_acute_physical_risk_p30_ibx1_0_shockx1_5_no_liquidity_uniform_sector_distribution,seed_003,Italy,acute_physical_risk,p30,1.0,1.5,True
seed_003_Italy_combined_transition_physical_p30_ibx1_0_shockx1_5_no_liquidity_uniform_sector_distribution,seed_003,Italy,combined_transition_physical,p30,1.0,1.5,True
seed_003_Spain_orderly_transition_p30_ibx1_0_shockx1_5_no_liquidity_uniform_sector_distribution,seed_003,Spain,orderly_transition,p30,1.0,1.5,True
seed_003_Spain_disorderly_transition_p30_ibx1_0_shockx1_5_no_liquidity_uniform_sector_distribution,seed_003,Spain,disorderly_transition,p30,1.0,1.5,True
seed_003_Spain_severe_disorderly_transition_p30_ibx1_0_shockx1_5_no_liquidity_uniform_sector_distribution,seed_003,Spain,severe_disorderly_transition,p30,1.0,1.5,True
seed_003_Spain_acute_physical_risk_p30_ibx1_0_shockx1_5_no_liquidity_uniform_sector_distribution,seed_003,Spain,acute_physical_risk,p30,1.0,1.5,True
seed_003_Spain_combined_transition_physical_p30_ibx1_0_shockx1_5_no_liquidity_uniform_sector_distribution,seed_003,Spain,combined_transition_physical,p30,1.0,1.5,True
seed_003_Ukraine_orderly_transition_p30_ibx1_0_shockx1_5_no_liquidity_uniform_sector_distribution,seed_003,Ukraine,orderly_transition,p30,1.0,1.5,True
seed_003_Ukraine_disorderly_transition_p30_ibx1_0_shockx1_5_no_liquidity_uniform_sector_distribution,seed_003,Ukraine,disorderly_transition,p30,1.0,1.5,True
seed_003_Ukraine_severe_disorderly_transition_p30_ibx1_0_shockx1_5_no_liquidity_uniform_sector_distribution,seed_003,Ukraine,severe_disorderly_transition,p30,1.0,1.5,True
seed_003_Ukraine_acute_physical_risk_p30_ibx1_0_shockx1_5_no_liquidity_uniform_sector_distribution,seed_003,Ukraine,acute_physical_risk,p30,1.0,1.5,True
seed_003_Ukraine_combined_transition_physical_p30_ibx1_0_shockx1_5_no_liquidity_uniform_sector_distribution,seed_003,Ukraine,combined_transition_physical,p30,1.0,1.5,True
seed_003_United_States_of_America_orderly_transition_p30_ibx1_0_shockx1_5_no_liquidity_uniform_sector_distribution,seed_003,United States of America,orderly_transition,p30,1.0,1.5,True
seed_003_United_States_of_America_disorderly_transition_p30_ibx1_0_shockx1_5_no_liquidity_uniform_sector_distribution,seed_003,United States of America,disorderly_transition,p30,1.0,1.5,True
seed_003_United_States_of_America_severe_disorderly_transition_p30_ibx1_0_shockx1_5_no_liquidity_uniform_sector_distribution,seed_003,United States of America,severe_disorderly_transition,p30,1.0,1.5,True
seed_003_United_States_of_America_acute_physical_risk_p30_ibx1_0_shockx1_5_no_liquidity_uniform_sector_distribution,seed_003,United States of America,acute_physical_risk,p30,1.0,1.5,True
seed_003_United_States_of_America_combined_transition_physical_p30_ibx1_0_shockx1_5_no_liquidity_uniform_sector_distribution,seed_003,United States of America,combined_transition_physical,p30,1.0,1.5,True
seed_004_Brazil_orderly_transition_p30_ibx1_0_shockx0_75_no_liquidity_uniform_sector_distribution,seed_004,Brazil,orderly_transition,p30,1.0,0.75,True
seed_004_Brazil_disorderly_transition_p30_ibx1_0_shockx0_75_no_liquidity_uniform_sector_distribution,seed_004,Brazil,disorderly_transition,p30,1.0,0.75,True
seed_004_Brazil_severe_disorderly_transition_p30_ibx1_0_shockx0_75_no_liquidity_uniform_sector_distribution,seed_004,Brazil,severe_disorderly_transition,p30,1.0,0.75,True
seed_004_Brazil_acute_physical_risk_p30_ibx1_0_shockx0_75_no_liquidity_uniform_sector_distribution,seed_004,Brazil,acute_physical_risk,p30,1.0,0.75,True
seed_004_Brazil_combined_transition_physical_p30_ibx1_0_shockx0_75_no_liquidity_uniform_sector_distribution,seed_004,Brazil,combined_transition_physical,p30,1.0,0.75,True
seed_004_Germany_orderly_transition_p30_ibx1_0_shockx0_75_no_liquidity_uniform_sector_distribution,seed_004,Germany,orderly_transition,p30,1.0,0.75,True
seed_004_Germany_disorderly_transition_p30_ibx1_0_shockx0_75_no_liquidity_uniform_sector_distribution,seed_004,Germany,disorderly_transition,p30,1.0,0.75,True
seed_004_Germany_severe_disorderly_transition_p30_ibx1_0_shockx0_75_no_liquidity_uniform_sector_distribution,seed_004,Germany,severe_disorderly_transition,p30,1.0,0.75,True
seed_004_Germany_acute_physical_risk_p30_ibx1_0_shockx0_75_no_liquidity_uniform_sector_distribution,seed_004,Germany,acute_physical_risk,p30,1.0,0.75,True
seed_004_Germany_combined_transition_physical_p30_ibx1_0_shockx0_75_no_liquidity_uniform_sector_distribution,seed_004,Germany,combined_transition_physical,p30,1.0,0.75,True
seed_004_Italy_orderly_transition_p30_ibx1_0_shockx0_75_no_liquidity_uniform_sector_distribution,seed_004,Italy,orderly_transition,p30,1.0,0.75,True
seed_004_Italy_disorderly_transition_p30_ibx1_0_shockx0_75_no_liquidity_uniform_sector_distribution,seed_004,Italy,disorderly_transition,p30,1.0,0.75,True
seed_004_Italy_severe_disorderly_transition_p30_ibx1_0_shockx0_75_no_liquidity_uniform_sector_distribution,seed_004,Italy,severe_disorderly_transition,p30,1.0,0.75,True
seed_004_Italy_acute_physical_risk_p30_ibx1_0_shockx0_75_no_liquidity_uniform_sector_distribution,seed_004,Italy,acute_physical_risk,p30,1.0,0.75,True
seed_004_Italy_combined_transition_physical_p30_ibx1_0_shockx0_75_no_liquidity_uniform_sector_distribution,seed_004,Italy,combined_transition_physical,p30,1.0,0.75,True
seed_004_Spain_orderly_transition_p30_ibx1_0_shockx0_75_no_liquidity_uniform_sector_distribution,seed_004,Spain,orderly_transition,p30,1.0,0.75,True
seed_004_Spain_disorderly_transition_p30_ibx1_0_shockx0_75_no_liquidity_uniform_sector_distribution,seed_004,Spain,disorderly_transition,p30,1.0,0.75,True
seed_004_Spain_severe_disorderly_transition_p30_ibx1_0_shockx0_75_no_liquidity_uniform_sector_distribution,seed_004,Spain,severe_disorderly_transition,p30,1.0,0.75,True
seed_004_Spain_acute_physical_risk_p30_ibx1_0_shockx0_75_no_liquidity_uniform_sector_distribution,seed_004,Spain,acute_physical_risk,p30,1.0,0.75,True
seed_004_Spain_combined_transition_physical_p30_ibx1_0_shockx0_75_no_liquidity_uniform_sector_distribution,seed_004,Spain,combined_transition_physical,p30,1.0,0.75,True
seed_004_Ukraine_orderly_transition_p30_ibx1_0_shockx0_75_no_liquidity_uniform_sector_distribution,seed_004,Ukraine,orderly_transition,p30,1.0,0.75,True
seed_004_Ukraine_disorderly_transition_p30_ibx1_0_shockx0_75_no_liquidity_uniform_sector_distribution,seed_004,Ukraine,disorderly_transition,p30,1.0,0.75,True
seed_004_Ukraine_severe_disorderly_transition_p30_ibx1_0_shockx0_75_no_liquidity_uniform_sector_distribution,seed_004,Ukraine,severe_disorderly_transition,p30,1.0,0.75,True
seed_004_Ukraine_acute_physical_risk_p30_ibx1_0_shockx0_75_no_liquidity_uniform_sector_distribution,seed_004,Ukraine,acute_physical_risk,p30,1.0,0.75,True
seed_004_Ukraine_combined_transition_physical_p30_ibx1_0_shockx0_75_no_liquidity_uniform_sector_distribution,seed_004,Ukraine,combined_transition_physical,p30,1.0,0.75,True
seed_004_United_States_of_America_orderly_transition_p30_ibx1_0_shockx0_75_no_liquidity_uniform_sector_distribution,seed_004,United States of America,orderly_transition,p30,1.0,0.75,True
seed_004_United_States_of_America_disorderly_transition_p30_ibx1_0_shockx0_75_no_liquidity_uniform_sector_distribution,seed_004,United States of America,disorderly_transition,p30,1.0,0.75,True
seed_004_United_States_of_America_severe_disorderly_transition_p30_ibx1_0_shockx0_75_no_liquidity_uniform_sector_distribution,seed_004,United States of America,severe_disorderly_transition,p30,1.0,0.75,True
seed_004_United_States_of_America_acute_physical_risk_p30_ibx1_0_shockx0_75_no_liquidity_uniform_sector_distribution,seed_004,United States of America,acute_physical_risk,p30,1.0,0.75,True
seed_004_United_States_of_America_combined_transition_physical_p30_ibx1_0_shockx0_75_no_liquidity_uniform_sector_distribution,seed_004,United States of America,combined_transition_physical,p30,1.0,0.75,True
seed_004_Brazil_orderly_transition_p30_ibx1_0_shockx1_0_no_liquidity_uniform_sector_distribution,seed_004,Brazil,orderly_transition,p30,1.0,1.0,True
seed_004_Brazil_disorderly_transition_p30_ibx1_0_shockx1_0_no_liquidity_uniform_sector_distribution,seed_004,Brazil,disorderly_transition,p30,1.0,1.0,True
seed_004_Brazil_severe_disorderly_transition_p30_ibx1_0_shockx1_0_no_liquidity_uniform_sector_distribution,seed_004,Brazil,severe_disorderly_transition,p30,1.0,1.0,True
seed_004_Brazil_acute_physical_risk_p30_ibx1_0_shockx1_0_no_liquidity_uniform_sector_distribution,seed_004,Brazil,acute_physical_risk,p30,1.0,1.0,True
seed_004_Brazil_combined_transition_physical_p30_ibx1_0_shockx1_0_no_liquidity_uniform_sector_distribution,seed_004,Brazil,combined_transition_physical,p30,1.0,1.0,True
seed_004_Germany_orderly_transition_p30_ibx1_0_shockx1_0_no_liquidity_uniform_sector_distribution,seed_004,Germany,orderly_transition,p30,1.0,1.0,True
seed_004_Germany_disorderly_transition_p30_ibx1_0_shockx1_0_no_liquidity_uniform_sector_distribution,seed_004,Germany,disorderly_transition,p30,1.0,1.0,True
seed_004_Germany_severe_disorderly_transition_p30_ibx1_0_shockx1_0_no_liquidity_uniform_sector_distribution,seed_004,Germany,severe_disorderly_transition,p30,1.0,1.0,True
seed_004_Germany_acute_physical_risk_p30_ibx1_0_shockx1_0_no_liquidity_uniform_sector_distribution,seed_004,Germany,acute_physical_risk,p30,1.0,1.0,True
seed_004_Germany_combined_transition_physical_p30_ibx1_0_shockx1_0_no_liquidity_uniform_sector_distribution,seed_004,Germany,combined_transition_physical,p30,1.0,1.0,True
seed_004_Italy_orderly_transition_p30_ibx1_0_shockx1_0_no_liquidity_uniform_sector_distribution,seed_004,Italy,orderly_transition,p30,1.0,1.0,True
seed_004_Italy_disorderly_transition_p30_ibx1_0_shockx1_0_no_liquidity_uniform_sector_distribution,seed_004,Italy,disorderly_transition,p30,1.0,1.0,True
seed_004_Italy_severe_disorderly_transition_p30_ibx1_0_shockx1_0_no_liquidity_uniform_sector_distribution,seed_004,Italy,severe_disorderly_transition,p30,1.0,1.0,True
seed_004_Italy_acute_physical_risk_p30_ibx1_0_shockx1_0_no_liquidity_uniform_sector_distribution,seed_004,Italy,acute_physical_risk,p30,1.0,1.0,True
seed_004_Italy_combined_transition_physical_p30_ibx1_0_shockx1_0_no_liquidity_uniform_sector_distribution,seed_004,Italy,combined_transition_physical,p30,1.0,1.0,True
seed_004_Spain_orderly_transition_p30_ibx1_0_shockx1_0_no_liquidity_uniform_sector_distribution,seed_004,Spain,orderly_transition,p30,1.0,1.0,True
seed_004_Spain_disorderly_transition_p30_ibx1_0_shockx1_0_no_liquidity_uniform_sector_distribution,seed_004,Spain,disorderly_transition,p30,1.0,1.0,True
seed_004_Spain_severe_disorderly_transition_p30_ibx1_0_shockx1_0_no_liquidity_uniform_sector_distribution,seed_004,Spain,severe_disorderly_transition,p30,1.0,1.0,True
seed_004_Spain_acute_physical_risk_p30_ibx1_0_shockx1_0_no_liquidity_uniform_sector_distribution,seed_004,Spain,acute_physical_risk,p30,1.0,1.0,True
seed_004_Spain_combined_transition_physical_p30_ibx1_0_shockx1_0_no_liquidity_uniform_sector_distribution,seed_004,Spain,combined_transition_physical,p30,1.0,1.0,True
seed_004_Ukraine_orderly_transition_p30_ibx1_0_shockx1_0_no_liquidity_uniform_sector_distribution,seed_004,Ukraine,orderly_transition,p30,1.0,1.0,True
seed_004_Ukraine_disorderly_transition_p30_ibx1_0_shockx1_0_no_liquidity_uniform_sector_distribution,seed_004,Ukraine,disorderly_transition,p30,1.0,1.0,True
seed_004_Ukraine_severe_disorderly_transition_p30_ibx1_0_shockx1_0_no_liquidity_uniform_sector_distribution,seed_004,Ukraine,severe_disorderly_transition,p30,1.0,1.0,True
seed_004_Ukraine_acute_physical_risk_p30_ibx1_0_shockx1_0_no_liquidity_uniform_sector_distribution,seed_004,Ukraine,acute_physical_risk,p30,1.0,1.0,True
seed_004_Ukraine_combined_transition_physical_p30_ibx1_0_shockx1_0_no_liquidity_uniform_sector_distribution,seed_004,Ukraine,combined_transition_physical,p30,1.0,1.0,True
seed_004_United_States_of_America_orderly_transition_p30_ibx1_0_shockx1_0_no_liquidity_uniform_sector_distribution,seed_004,United States of America,orderly_transition,p30,1.0,1.0,True
seed_004_United_States_of_America_disorderly_transition_p30_ibx1_0_shockx1_0_no_liquidity_uniform_sector_distribution,seed_004,United States of America,disorderly_transition,p30,1.0,1.0,True
seed_004_United_States_of_America_severe_disorderly_transition_p30_ibx1_0_shockx1_0_no_liquidity_uniform_sector_distribution,seed_004,United States of America,severe_disorderly_transition,p30,1.0,1.0,True
seed_004_United_States_of_America_acute_physical_risk_p30_ibx1_0_shockx1_0_no_liquidity_uniform_sector_distribution,seed_004,United States of America,acute_physical_risk,p30,1.0,1.0,True
seed_004_United_States_of_America_combined_transition_physical_p30_ibx1_0_shockx1_0_no_liquidity_uniform_sector_distribution,seed_004,United States of America,combined_transition_physical,p30,1.0,1.0,True
seed_004_Brazil_orderly_transition_p30_ibx1_0_shockx1_25_no_liquidity_uniform_sector_distribution,seed_004,Brazil,orderly_transition,p30,1.0,1.25,True
seed_004_Brazil_disorderly_transition_p30_ibx1_0_shockx1_25_no_liquidity_uniform_sector_distribution,seed_004,Brazil,disorderly_transition,p30,1.0,1.25,True
seed_004_Brazil_severe_disorderly_transition_p30_ibx1_0_shockx1_25_no_liquidity_uniform_sector_distribution,seed_004,Brazil,severe_disorderly_transition,p30,1.0,1.25,True
seed_004_Brazil_acute_physical_risk_p30_ibx1_0_shockx1_25_no_liquidity_uniform_sector_distribution,seed_004,Brazil,acute_physical_risk,p30,1.0,1.25,True
seed_004_Brazil_combined_transition_physical_p30_ibx1_0_shockx1_25_no_liquidity_uniform_sector_distribution,seed_004,Brazil,combined_transition_physical,p30,1.0,1.25,True
seed_004_Germany_orderly_transition_p30_ibx1_0_shockx1_25_no_liquidity_uniform_sector_distribution,seed_004,Germany,orderly_transition,p30,1.0,1.25,True
seed_004_Germany_disorderly_transition_p30_ibx1_0_shockx1_25_no_liquidity_uniform_sector_distribution,seed_004,Germany,disorderly_transition,p30,1.0,1.25,True
seed_004_Germany_severe_disorderly_transition_p30_ibx1_0_shockx1_25_no_liquidity_uniform_sector_distribution,seed_004,Germany,severe_disorderly_transition,p30,1.0,1.25,True
seed_004_Germany_acute_physical_risk_p30_ibx1_0_shockx1_25_no_liquidity_uniform_sector_distribution,seed_004,Germany,acute_physical_risk,p30,1.0,1.25,True
seed_004_Germany_combined_transition_physical_p30_ibx1_0_shockx1_25_no_liquidity_uniform_sector_distribution,seed_004,Germany,combined_transition_physical,p30,1.0,1.25,True
seed_004_Italy_orderly_transition_p30_ibx1_0_shockx1_25_no_liquidity_uniform_sector_distribution,seed_004,Italy,orderly_transition,p30,1.0,1.25,True
seed_004_Italy_disorderly_transition_p30_ibx1_0_shockx1_25_no_liquidity_uniform_sector_distribution,seed_004,Italy,disorderly_transition,p30,1.0,1.25,True
seed_004_Italy_severe_disorderly_transition_p30_ibx1_0_shockx1_25_no_liquidity_uniform_sector_distribution,seed_004,Italy,severe_disorderly_transition,p30,1.0,1.25,True
seed_004_Italy_acute_physical_risk_p30_ibx1_0_shockx1_25_no_liquidity_uniform_sector_distribution,seed_004,Italy,acute_physical_risk,p30,1.0,1.25,True
seed_004_Italy_combined_transition_physical_p30_ibx1_0_shockx1_25_no_liquidity_uniform_sector_distribution,seed_004,Italy,combined_transition_physical,p30,1.0,1.25,True
seed_004_Spain_orderly_transition_p30_ibx1_0_shockx1_25_no_liquidity_uniform_sector_distribution,seed_004,Spain,orderly_transition,p30,1.0,1.25,True
seed_004_Spain_disorderly_transition_p30_ibx1_0_shockx1_25_no_liquidity_uniform_sector_distribution,seed_004,Spain,disorderly_transition,p30,1.0,1.25,True
seed_004_Spain_severe_disorderly_transition_p30_ibx1_0_shockx1_25_no_liquidity_uniform_sector_distribution,seed_004,Spain,severe_disorderly_transition,p30,1.0,1.25,True
seed_004_Spain_acute_physical_risk_p30_ibx1_0_shockx1_25_no_liquidity_uniform_sector_distribution,seed_004,Spain,acute_physical_risk,p30,1.0,1.25,True
seed_004_Spain_combined_transition_physical_p30_ibx1_0_shockx1_25_no_liquidity_uniform_sector_distribution,seed_004,Spain,combined_transition_physical,p30,1.0,1.25,True
seed_004_Ukraine_orderly_transition_p30_ibx1_0_shockx1_25_no_liquidity_uniform_sector_distribution,seed_004,Ukraine,orderly_transition,p30,1.0,1.25,True
seed_004_Ukraine_disorderly_transition_p30_ibx1_0_shockx1_25_no_liquidity_uniform_sector_distribution,seed_004,Ukraine,disorderly_transition,p30,1.0,1.25,True
seed_004_Ukraine_severe_disorderly_transition_p30_ibx1_0_shockx1_25_no_liquidity_uniform_sector_distribution,seed_004,Ukraine,severe_disorderly_transition,p30,1.0,1.25,True
seed_004_Ukraine_acute_physical_risk_p30_ibx1_0_shockx1_25_no_liquidity_uniform_sector_distribution,seed_004,Ukraine,acute_physical_risk,p30,1.0,1.25,True
seed_004_Ukraine_combined_transition_physical_p30_ibx1_0_shockx1_25_no_liquidity_uniform_sector_distribution,seed_004,Ukraine,combined_transition_physical,p30,1.0,1.25,True
seed_004_United_States_of_America_orderly_transition_p30_ibx1_0_shockx1_25_no_liquidity_uniform_sector_distribution,seed_004,United States of America,orderly_transition,p30,1.0,1.25,True
seed_004_United_States_of_America_disorderly_transition_p30_ibx1_0_shockx1_25_no_liquidity_uniform_sector_distribution,seed_004,United States of America,disorderly_transition,p30,1.0,1.25,True
seed_004_United_States_of_America_severe_disorderly_transition_p30_ibx1_0_shockx1_25_no_liquidity_uniform_sector_distribution,seed_004,United States of America,severe_disorderly_transition,p30,1.0,1.25,True
seed_004_United_States_of_America_acute_physical_risk_p30_ibx1_0_shockx1_25_no_liquidity_uniform_sector_distribution,seed_004,United States of America,acute_physical_risk,p30,1.0,1.25,True
seed_004_United_States_of_America_combined_transition_physical_p30_ibx1_0_shockx1_25_no_liquidity_uniform_sector_distribution,seed_004,United States of America,combined_transition_physical,p30,1.0,1.25,True
seed_004_Brazil_orderly_transition_p30_ibx1_0_shockx1_5_no_liquidity_uniform_sector_distribution,seed_004,Brazil,orderly_transition,p30,1.0,1.5,True
seed_004_Brazil_disorderly_transition_p30_ibx1_0_shockx1_5_no_liquidity_uniform_sector_distribution,seed_004,Brazil,disorderly_transition,p30,1.0,1.5,True
seed_004_Brazil_severe_disorderly_transition_p30_ibx1_0_shockx1_5_no_liquidity_uniform_sector_distribution,seed_004,Brazil,severe_disorderly_transition,p30,1.0,1.5,True
seed_004_Brazil_acute_physical_risk_p30_ibx1_0_shockx1_5_no_liquidity_uniform_sector_distribution,seed_004,Brazil,acute_physical_risk,p30,1.0,1.5,True
seed_004_Brazil_combined_transition_physical_p30_ibx1_0_shockx1_5_no_liquidity_uniform_sector_distribution,seed_004,Brazil,combined_transition_physical,p30,1.0,1.5,True
seed_004_Germany_orderly_transition_p30_ibx1_0_shockx1_5_no_liquidity_uniform_sector_distribution,seed_004,Germany,orderly_transition,p30,1.0,1.5,True
seed_004_Germany_disorderly_transition_p30_ibx1_0_shockx1_5_no_liquidity_uniform_sector_distribution,seed_004,Germany,disorderly_transition,p30,1.0,1.5,True
seed_004_Germany_severe_disorderly_transition_p30_ibx1_0_shockx1_5_no_liquidity_uniform_sector_distribution,seed_004,Germany,severe_disorderly_transition,p30,1.0,1.5,True
seed_004_Germany_acute_physical_risk_p30_ibx1_0_shockx1_5_no_liquidity_uniform_sector_distribution,seed_004,Germany,acute_physical_risk,p30,1.0,1.5,True
seed_004_Germany_combined_transition_physical_p30_ibx1_0_shockx1_5_no_liquidity_uniform_sector_distribution,seed_004,Germany,combined_transition_physical,p30,1.0,1.5,True
seed_004_Italy_orderly_transition_p30_ibx1_0_shockx1_5_no_liquidity_uniform_sector_distribution,seed_004,Italy,orderly_transition,p30,1.0,1.5,True
seed_004_Italy_disorderly_transition_p30_ibx1_0_shockx1_5_no_liquidity_uniform_sector_distribution,seed_004,Italy,disorderly_transition,p30,1.0,1.5,True
seed_004_Italy_severe_disorderly_transition_p30_ibx1_0_shockx1_5_no_liquidity_uniform_sector_distribution,seed_004,Italy,severe_disorderly_transition,p30,1.0,1.5,True
seed_004_Italy_acute_physical_risk_p30_ibx1_0_shockx1_5_no_liquidity_uniform_sector_distribution,seed_004,Italy,acute_physical_risk,p30,1.0,1.5,True
seed_004_Italy_combined_transition_physical_p30_ibx1_0_shockx1_5_no_liquidity_uniform_sector_distribution,seed_004,Italy,combined_transition_physical,p30,1.0,1.5,True
seed_004_Spain_orderly_transition_p30_ibx1_0_shockx1_5_no_liquidity_uniform_sector_distribution,seed_004,Spain,orderly_transition,p30,1.0,1.5,True
seed_004_Spain_disorderly_transition_p30_ibx1_0_shockx1_5_no_liquidity_uniform_sector_distribution,seed_004,Spain,disorderly_transition,p30,1.0,1.5,True
seed_004_Spain_severe_disorderly_transition_p30_ibx1_0_shockx1_5_no_liquidity_uniform_sector_distribution,seed_004,Spain,severe_disorderly_transition,p30,1.0,1.5,True
seed_004_Spain_acute_physical_risk_p30_ibx1_0_shockx1_5_no_liquidity_uniform_sector_distribution,seed_004,Spain,acute_physical_risk,p30,1.0,1.5,True
seed_004_Spain_combined_transition_physical_p30_ibx1_0_shockx1_5_no_liquidity_uniform_sector_distribution,seed_004,Spain,combined_transition_physical,p30,1.0,1.5,True
seed_004_Ukraine_orderly_transition_p30_ibx1_0_shockx1_5_no_liquidity_uniform_sector_distribution,seed_004,Ukraine,orderly_transition,p30,1.0,1.5,True
seed_004_Ukraine_disorderly_transition_p30_ibx1_0_shockx1_5_no_liquidity_uniform_sector_distribution,seed_004,Ukraine,disorderly_transition,p30,1.0,1.5,True
seed_004_Ukraine_severe_disorderly_transition_p30_ibx1_0_shockx1_5_no_liquidity_uniform_sector_distribution,seed_004,Ukraine,severe_disorderly_transition,p30,1.0,1.5,True
seed_004_Ukraine_acute_physical_risk_p30_ibx1_0_shockx1_5_no_liquidity_uniform_sector_distribution,seed_004,Ukraine,acute_physical_risk,p30,1.0,1.5,True
seed_004_Ukraine_combined_transition_physical_p30_ibx1_0_shockx1_5_no_liquidity_uniform_sector_distribution,seed_004,Ukraine,combined_transition_physical,p30,1.0,1.5,True
seed_004_United_States_of_America_orderly_transition_p30_ibx1_0_shockx1_5_no_liquidity_uniform_sector_distribution,seed_004,United States of America,orderly_transition,p30,1.0,1.5,True
seed_004_United_States_of_America_disorderly_transition_p30_ibx1_0_shockx1_5_no_liquidity_uniform_sector_distribution,seed_004,United States of America,disorderly_transition,p30,1.0,1.5,True
seed_004_United_States_of_America_severe_disorderly_transition_p30_ibx1_0_shockx1_5_no_liquidity_uniform_sector_distribution,seed_004,United States of America,severe_disorderly_transition,p30,1.0,1.5,True
seed_004_United_States_of_America_acute_physical_risk_p30_ibx1_0_shockx1_5_no_liquidity_uniform_sector_distribution,seed_004,United States of America,acute_physical_risk,p30,1.0,1.5,True
seed_004_United_States_of_America_combined_transition_physical_p30_ibx1_0_shockx1_5_no_liquidity_uniform_sector_distribution,seed_004,United States of America,combined_transition_physical,p30,1.0,1.5,True
seed_005_Brazil_orderly_transition_p30_ibx1_0_shockx0_75_no_liquidity_uniform_sector_distribution,seed_005,Brazil,orderly_transition,p30,1.0,0.75,True
seed_005_Brazil_disorderly_transition_p30_ibx1_0_shockx0_75_no_liquidity_uniform_sector_distribution,seed_005,Brazil,disorderly_transition,p30,1.0,0.75,True
seed_005_Brazil_severe_disorderly_transition_p30_ibx1_0_shockx0_75_no_liquidity_uniform_sector_distribution,seed_005,Brazil,severe_disorderly_transition,p30,1.0,0.75,True
seed_005_Brazil_acute_physical_risk_p30_ibx1_0_shockx0_75_no_liquidity_uniform_sector_distribution,seed_005,Brazil,acute_physical_risk,p30,1.0,0.75,True
seed_005_Brazil_combined_transition_physical_p30_ibx1_0_shockx0_75_no_liquidity_uniform_sector_distribution,seed_005,Brazil,combined_transition_physical,p30,1.0,0.75,True
seed_005_Germany_orderly_transition_p30_ibx1_0_shockx0_75_no_liquidity_uniform_sector_distribution,seed_005,Germany,orderly_transition,p30,1.0,0.75,True
seed_005_Germany_disorderly_transition_p30_ibx1_0_shockx0_75_no_liquidity_uniform_sector_distribution,seed_005,Germany,disorderly_transition,p30,1.0,0.75,True
seed_005_Germany_severe_disorderly_transition_p30_ibx1_0_shockx0_75_no_liquidity_uniform_sector_distribution,seed_005,Germany,severe_disorderly_transition,p30,1.0,0.75,True
seed_005_Germany_acute_physical_risk_p30_ibx1_0_shockx0_75_no_liquidity_uniform_sector_distribution,seed_005,Germany,acute_physical_risk,p30,1.0,0.75,True
seed_005_Germany_combined_transition_physical_p30_ibx1_0_shockx0_75_no_liquidity_uniform_sector_distribution,seed_005,Germany,combined_transition_physical,p30,1.0,0.75,True
seed_005_Italy_orderly_transition_p30_ibx1_0_shockx0_75_no_liquidity_uniform_sector_distribution,seed_005,Italy,orderly_transition,p30,1.0,0.75,True
seed_005_Italy_disorderly_transition_p30_ibx1_0_shockx0_75_no_liquidity_uniform_sector_distribution,seed_005,Italy,disorderly_transition,p30,1.0,0.75,True
seed_005_Italy_severe_disorderly_transition_p30_ibx1_0_shockx0_75_no_liquidity_uniform_sector_distribution,seed_005,Italy,severe_disorderly_transition,p30,1.0,0.75,True
seed_005_Italy_acute_physical_risk_p30_ibx1_0_shockx0_75_no_liquidity_uniform_sector_distribution,seed_005,Italy,acute_physical_risk,p30,1.0,0.75,True
seed_005_Italy_combined_transition_physical_p30_ibx1_0_shockx0_75_no_liquidity_uniform_sector_distribution,seed_005,Italy,combined_transition_physical,p30,1.0,0.75,True
seed_005_Spain_orderly_transition_p30_ibx1_0_shockx0_75_no_liquidity_uniform_sector_distribution,seed_005,Spain,orderly_transition,p30,1.0,0.75,True
seed_005_Spain_disorderly_transition_p30_ibx1_0_shockx0_75_no_liquidity_uniform_sector_distribution,seed_005,Spain,disorderly_transition,p30,1.0,0.75,True
seed_005_Spain_severe_disorderly_transition_p30_ibx1_0_shockx0_75_no_liquidity_uniform_sector_distribution,seed_005,Spain,severe_disorderly_transition,p30,1.0,0.75,True
seed_005_Spain_acute_physical_risk_p30_ibx1_0_shockx0_75_no_liquidity_uniform_sector_distribution,seed_005,Spain,acute_physical_risk,p30,1.0,0.75,True
seed_005_Spain_combined_transition_physical_p30_ibx1_0_shockx0_75_no_liquidity_uniform_sector_distribution,seed_005,Spain,combined_transition_physical,p30,1.0,0.75,True
seed_005_Ukraine_orderly_transition_p30_ibx1_0_shockx0_75_no_liquidity_uniform_sector_distribution,seed_005,Ukraine,orderly_transition,p30,1.0,0.75,True
seed_005_Ukraine_disorderly_transition_p30_ibx1_0_shockx0_75_no_liquidity_uniform_sector_distribution,seed_005,Ukraine,disorderly_transition,p30,1.0,0.75,True
seed_005_Ukraine_severe_disorderly_transition_p30_ibx1_0_shockx0_75_no_liquidity_uniform_sector_distribution,seed_005,Ukraine,severe_disorderly_transition,p30,1.0,0.75,True
seed_005_Ukraine_acute_physical_risk_p30_ibx1_0_shockx0_75_no_liquidity_uniform_sector_distribution,seed_005,Ukraine,acute_physical_risk,p30,1.0,0.75,True
seed_005_Ukraine_combined_transition_physical_p30_ibx1_0_shockx0_75_no_liquidity_uniform_sector_distribution,seed_005,Ukraine,combined_transition_physical,p30,1.0,0.75,True
seed_005_United_States_of_America_orderly_transition_p30_ibx1_0_shockx0_75_no_liquidity_uniform_sector_distribution,seed_005,United States of America,orderly_transition,p30,1.0,0.75,True
seed_005_United_States_of_America_disorderly_transition_p30_ibx1_0_shockx0_75_no_liquidity_uniform_sector_distribution,seed_005,United States of America,disorderly_transition,p30,1.0,0.75,True
seed_005_United_States_of_America_severe_disorderly_transition_p30_ibx1_0_shockx0_75_no_liquidity_uniform_sector_distribution,seed_005,United States of America,severe_disorderly_transition,p30,1.0,0.75,True
seed_005_United_States_of_America_acute_physical_risk_p30_ibx1_0_shockx0_75_no_liquidity_uniform_sector_distribution,seed_005,United States of America,acute_physical_risk,p30,1.0,0.75,True
seed_005_United_States_of_America_combined_transition_physical_p30_ibx1_0_shockx0_75_no_liquidity_uniform_sector_distribution,seed_005,United States of America,combined_transition_physical,p30,1.0,0.75,True
seed_005_Brazil_orderly_transition_p30_ibx1_0_shockx1_0_no_liquidity_uniform_sector_distribution,seed_005,Brazil,orderly_transition,p30,1.0,1.0,True
seed_005_Brazil_disorderly_transition_p30_ibx1_0_shockx1_0_no_liquidity_uniform_sector_distribution,seed_005,Brazil,disorderly_transition,p30,1.0,1.0,True
seed_005_Brazil_severe_disorderly_transition_p30_ibx1_0_shockx1_0_no_liquidity_uniform_sector_distribution,seed_005,Brazil,severe_disorderly_transition,p30,1.0,1.0,True
seed_005_Brazil_acute_physical_risk_p30_ibx1_0_shockx1_0_no_liquidity_uniform_sector_distribution,seed_005,Brazil,acute_physical_risk,p30,1.0,1.0,True
seed_005_Brazil_combined_transition_physical_p30_ibx1_0_shockx1_0_no_liquidity_uniform_sector_distribution,seed_005,Brazil,combined_transition_physical,p30,1.0,1.0,True
seed_005_Germany_orderly_transition_p30_ibx1_0_shockx1_0_no_liquidity_uniform_sector_distribution,seed_005,Germany,orderly_transition,p30,1.0,1.0,True
seed_005_Germany_disorderly_transition_p30_ibx1_0_shockx1_0_no_liquidity_uniform_sector_distribution,seed_005,Germany,disorderly_transition,p30,1.0,1.0,True
seed_005_Germany_severe_disorderly_transition_p30_ibx1_0_shockx1_0_no_liquidity_uniform_sector_distribution,seed_005,Germany,severe_disorderly_transition,p30,1.0,1.0,True
seed_005_Germany_acute_physical_risk_p30_ibx1_0_shockx1_0_no_liquidity_uniform_sector_distribution,seed_005,Germany,acute_physical_risk,p30,1.0,1.0,True
seed_005_Germany_combined_transition_physical_p30_ibx1_0_shockx1_0_no_liquidity_uniform_sector_distribution,seed_005,Germany,combined_transition_physical,p30,1.0,1.0,True
seed_005_Italy_orderly_transition_p30_ibx1_0_shockx1_0_no_liquidity_uniform_sector_distribution,seed_005,Italy,orderly_transition,p30,1.0,1.0,True
seed_005_Italy_disorderly_transition_p30_ibx1_0_shockx1_0_no_liquidity_uniform_sector_distribution,seed_005,Italy,disorderly_transition,p30,1.0,1.0,True
seed_005_Italy_severe_disorderly_transition_p30_ibx1_0_shockx1_0_no_liquidity_uniform_sector_distribution,seed_005,Italy,severe_disorderly_transition,p30,1.0,1.0,True
seed_005_Italy_acute_physical_risk_p30_ibx1_0_shockx1_0_no_liquidity_uniform_sector_distribution,seed_005,Italy,acute_physical_risk,p30,1.0,1.0,True
seed_005_Italy_combined_transition_physical_p30_ibx1_0_shockx1_0_no_liquidity_uniform_sector_distribution,seed_005,Italy,combined_transition_physical,p30,1.0,1.0,True
seed_005_Spain_orderly_transition_p30_ibx1_0_shockx1_0_no_liquidity_uniform_sector_distribution,seed_005,Spain,orderly_transition,p30,1.0,1.0,True
seed_005_Spain_disorderly_transition_p30_ibx1_0_shockx1_0_no_liquidity_uniform_sector_distribution,seed_005,Spain,disorderly_transition,p30,1.0,1.0,True
seed_005_Spain_severe_disorderly_transition_p30_ibx1_0_shockx1_0_no_liquidity_uniform_sector_distribution,seed_005,Spain,severe_disorderly_transition,p30,1.0,1.0,True
seed_005_Spain_acute_physical_risk_p30_ibx1_0_shockx1_0_no_liquidity_uniform_sector_distribution,seed_005,Spain,acute_physical_risk,p30,1.0,1.0,True
seed_005_Spain_combined_transition_physical_p30_ibx1_0_shockx1_0_no_liquidity_uniform_sector_distribution,seed_005,Spain,combined_transition_physical,p30,1.0,1.0,True
seed_005_Ukraine_orderly_transition_p30_ibx1_0_shockx1_0_no_liquidity_uniform_sector_distribution,seed_005,Ukraine,orderly_transition,p30,1.0,1.0,True
seed_005_Ukraine_disorderly_transition_p30_ibx1_0_shockx1_0_no_liquidity_uniform_sector_distribution,seed_005,Ukraine,disorderly_transition,p30,1.0,1.0,True
seed_005_Ukraine_severe_disorderly_transition_p30_ibx1_0_shockx1_0_no_liquidity_uniform_sector_distribution,seed_005,Ukraine,severe_disorderly_transition,p30,1.0,1.0,True
seed_005_Ukraine_acute_physical_risk_p30_ibx1_0_shockx1_0_no_liquidity_uniform_sector_distribution,seed_005,Ukraine,acute_physical_risk,p30,1.0,1.0,True
seed_005_Ukraine_combined_transition_physical_p30_ibx1_0_shockx1_0_no_liquidity_uniform_sector_distribution,seed_005,Ukraine,combined_transition_physical,p30,1.0,1.0,True
seed_005_United_States_of_America_orderly_transition_p30_ibx1_0_shockx1_0_no_liquidity_uniform_sector_distribution,seed_005,United States of America,orderly_transition,p30,1.0,1.0,True
seed_005_United_States_of_America_disorderly_transition_p30_ibx1_0_shockx1_0_no_liquidity_uniform_sector_distribution,seed_005,United States of America,disorderly_transition,p30,1.0,1.0,True
seed_005_United_States_of_America_severe_disorderly_transition_p30_ibx1_0_shockx1_0_no_liquidity_uniform_sector_distribution,seed_005,United States of America,severe_disorderly_transition,p30,1.0,1.0,True
seed_005_United_States_of_America_acute_physical_risk_p30_ibx1_0_shockx1_0_no_liquidity_uniform_sector_distribution,seed_005,United States of America,acute_physical_risk,p30,1.0,1.0,True
seed_005_United_States_of_America_combined_transition_physical_p30_ibx1_0_shockx1_0_no_liquidity_uniform_sector_distribution,seed_005,United States of America,combined_transition_physical,p30,1.0,1.0,True
seed_005_Brazil_orderly_transition_p30_ibx1_0_shockx1_25_no_liquidity_uniform_sector_distribution,seed_005,Brazil,orderly_transition,p30,1.0,1.25,True
seed_005_Brazil_disorderly_transition_p30_ibx1_0_shockx1_25_no_liquidity_uniform_sector_distribution,seed_005,Brazil,disorderly_transition,p30,1.0,1.25,True
seed_005_Brazil_severe_disorderly_transition_p30_ibx1_0_shockx1_25_no_liquidity_uniform_sector_distribution,seed_005,Brazil,severe_disorderly_transition,p30,1.0,1.25,True
seed_005_Brazil_acute_physical_risk_p30_ibx1_0_shockx1_25_no_liquidity_uniform_sector_distribution,seed_005,Brazil,acute_physical_risk,p30,1.0,1.25,True
seed_005_Brazil_combined_transition_physical_p30_ibx1_0_shockx1_25_no_liquidity_uniform_sector_distribution,seed_005,Brazil,combined_transition_physical,p30,1.0,1.25,True
seed_005_Germany_orderly_transition_p30_ibx1_0_shockx1_25_no_liquidity_uniform_sector_distribution,seed_005,Germany,orderly_transition,p30,1.0,1.25,True
seed_005_Germany_disorderly_transition_p30_ibx1_0_shockx1_25_no_liquidity_uniform_sector_distribution,seed_005,Germany,disorderly_transition,p30,1.0,1.25,True
seed_005_Germany_severe_disorderly_transition_p30_ibx1_0_shockx1_25_no_liquidity_uniform_sector_distribution,seed_005,Germany,severe_disorderly_transition,p30,1.0,1.25,True
seed_005_Germany_acute_physical_risk_p30_ibx1_0_shockx1_25_no_liquidity_uniform_sector_distribution,seed_005,Germany,acute_physical_risk,p30,1.0,1.25,True
seed_005_Germany_combined_transition_physical_p30_ibx1_0_shockx1_25_no_liquidity_uniform_sector_distribution,seed_005,Germany,combined_transition_physical,p30,1.0,1.25,True
seed_005_Italy_orderly_transition_p30_ibx1_0_shockx1_25_no_liquidity_uniform_sector_distribution,seed_005,Italy,orderly_transition,p30,1.0,1.25,True
seed_005_Italy_disorderly_transition_p30_ibx1_0_shockx1_25_no_liquidity_uniform_sector_distribution,seed_005,Italy,disorderly_transition,p30,1.0,1.25,True
seed_005_Italy_severe_disorderly_transition_p30_ibx1_0_shockx1_25_no_liquidity_uniform_sector_distribution,seed_005,Italy,severe_disorderly_transition,p30,1.0,1.25,True
seed_005_Italy_acute_physical_risk_p30_ibx1_0_shockx1_25_no_liquidity_uniform_sector_distribution,seed_005,Italy,acute_physical_risk,p30,1.0,1.25,True
seed_005_Italy_combined_transition_physical_p30_ibx1_0_shockx1_25_no_liquidity_uniform_sector_distribution,seed_005,Italy,combined_transition_physical,p30,1.0,1.25,True
seed_005_Spain_orderly_transition_p30_ibx1_0_shockx1_25_no_liquidity_uniform_sector_distribution,seed_005,Spain,orderly_transition,p30,1.0,1.25,True
seed_005_Spain_disorderly_transition_p30_ibx1_0_shockx1_25_no_liquidity_uniform_sector_distribution,seed_005,Spain,disorderly_transition,p30,1.0,1.25,True
seed_005_Spain_severe_disorderly_transition_p30_ibx1_0_shockx1_25_no_liquidity_uniform_sector_distribution,seed_005,Spain,severe_disorderly_transition,p30,1.0,1.25,True
seed_005_Spain_acute_physical_risk_p30_ibx1_0_shockx1_25_no_liquidity_uniform_sector_distribution,seed_005,Spain,acute_physical_risk,p30,1.0,1.25,True
seed_005_Spain_combined_transition_physical_p30_ibx1_0_shockx1_25_no_liquidity_uniform_sector_distribution,seed_005,Spain,combined_transition_physical,p30,1.0,1.25,True
seed_005_Ukraine_orderly_transition_p30_ibx1_0_shockx1_25_no_liquidity_uniform_sector_distribution,seed_005,Ukraine,orderly_transition,p30,1.0,1.25,True
seed_005_Ukraine_disorderly_transition_p30_ibx1_0_shockx1_25_no_liquidity_uniform_sector_distribution,seed_005,Ukraine,disorderly_transition,p30,1.0,1.25,True
seed_005_Ukraine_severe_disorderly_transition_p30_ibx1_0_shockx1_25_no_liquidity_uniform_sector_distribution,seed_005,Ukraine,severe_disorderly_transition,p30,1.0,1.25,True
seed_005_Ukraine_acute_physical_risk_p30_ibx1_0_shockx1_25_no_liquidity_uniform_sector_distribution,seed_005,Ukraine,acute_physical_risk,p30,1.0,1.25,True
seed_005_Ukraine_combined_transition_physical_p30_ibx1_0_shockx1_25_no_liquidity_uniform_sector_distribution,seed_005,Ukraine,combined_transition_physical,p30,1.0,1.25,True
seed_005_United_States_of_America_orderly_transition_p30_ibx1_0_shockx1_25_no_liquidity_uniform_sector_distribution,seed_005,United States of America,orderly_transition,p30,1.0,1.25,True
seed_005_United_States_of_America_disorderly_transition_p30_ibx1_0_shockx1_25_no_liquidity_uniform_sector_distribution,seed_005,United States of America,disorderly_transition,p30,1.0,1.25,True
seed_005_United_States_of_America_severe_disorderly_transition_p30_ibx1_0_shockx1_25_no_liquidity_uniform_sector_distribution,seed_005,United States of America,severe_disorderly_transition,p30,1.0,1.25,True
seed_005_United_States_of_America_acute_physical_risk_p30_ibx1_0_shockx1_25_no_liquidity_uniform_sector_distribution,seed_005,United States of America,acute_physical_risk,p30,1.0,1.25,True
seed_005_United_States_of_America_combined_transition_physical_p30_ibx1_0_shockx1_25_no_liquidity_uniform_sector_distribution,seed_005,United States of America,combined_transition_physical,p30,1.0,1.25,True
seed_005_Brazil_orderly_transition_p30_ibx1_0_shockx1_5_no_liquidity_uniform_sector_distribution,seed_005,Brazil,orderly_transition,p30,1.0,1.5,True
seed_005_Brazil_disorderly_transition_p30_ibx1_0_shockx1_5_no_liquidity_uniform_sector_distribution,seed_005,Brazil,disorderly_transition,p30,1.0,1.5,True
seed_005_Brazil_severe_disorderly_transition_p30_ibx1_0_shockx1_5_no_liquidity_uniform_sector_distribution,seed_005,Brazil,severe_disorderly_transition,p30,1.0,1.5,True
seed_005_Brazil_acute_physical_risk_p30_ibx1_0_shockx1_5_no_liquidity_uniform_sector_distribution,seed_005,Brazil,acute_physical_risk,p30,1.0,1.5,True
seed_005_Brazil_combined_transition_physical_p30_ibx1_0_shockx1_5_no_liquidity_uniform_sector_distribution,seed_005,Brazil,combined_transition_physical,p30,1.0,1.5,True
seed_005_Germany_orderly_transition_p30_ibx1_0_shockx1_5_no_liquidity_uniform_sector_distribution,seed_005,Germany,orderly_transition,p30,1.0,1.5,True
seed_005_Germany_disorderly_transition_p30_ibx1_0_shockx1_5_no_liquidity_uniform_sector_distribution,seed_005,Germany,disorderly_transition,p30,1.0,1.5,True
seed_005_Germany_severe_disorderly_transition_p30_ibx1_0_shockx1_5_no_liquidity_uniform_sector_distribution,seed_005,Germany,severe_disorderly_transition,p30,1.0,1.5,True
seed_005_Germany_acute_physical_risk_p30_ibx1_0_shockx1_5_no_liquidity_uniform_sector_distribution,seed_005,Germany,acute_physical_risk,p30,1.0,1.5,True
seed_005_Germany_combined_transition_physical_p30_ibx1_0_shockx1_5_no_liquidity_uniform_sector_distribution,seed_005,Germany,combined_transition_physical,p30,1.0,1.5,True
seed_005_Italy_orderly_transition_p30_ibx1_0_shockx1_5_no_liquidity_uniform_sector_distribution,seed_005,Italy,orderly_transition,p30,1.0,1.5,True
seed_005_Italy_disorderly_transition_p30_ibx1_0_shockx1_5_no_liquidity_uniform_sector_distribution,seed_005,Italy,disorderly_transition,p30,1.0,1.5,True
seed_005_Italy_severe_disorderly_transition_p30_ibx1_0_shockx1_5_no_liquidity_uniform_sector_distribution,seed_005,Italy,severe_disorderly_transition,p30,1.0,1.5,True
seed_005_Italy_acute_physical_risk_p30_ibx1_0_shockx1_5_no_liquidity_uniform_sector_distribution,seed_005,Italy,acute_physical_risk,p30,1.0,1.5,True
seed_005_Italy_combined_transition_physical_p30_ibx1_0_shockx1_5_no_liquidity_uniform_sector_distribution,seed_005,Italy,combined_transition_physical,p30,1.0,1.5,True
seed_005_Spain_orderly_transition_p30_ibx1_0_shockx1_5_no_liquidity_uniform_sector_distribution,seed_005,Spain,orderly_transition,p30,1.0,1.5,True
seed_005_Spain_disorderly_transition_p30_ibx1_0_shockx1_5_no_liquidity_uniform_sector_distribution,seed_005,Spain,disorderly_transition,p30,1.0,1.5,True
seed_005_Spain_severe_disorderly_transition_p30_ibx1_0_shockx1_5_no_liquidity_uniform_sector_distribution,seed_005,Spain,severe_disorderly_transition,p30,1.0,1.5,True
seed_005_Spain_acute_physical_risk_p30_ibx1_0_shockx1_5_no_liquidity_uniform_sector_distribution,seed_005,Spain,acute_physical_risk,p30,1.0,1.5,True
seed_005_Spain_combined_transition_physical_p30_ibx1_0_shockx1_5_no_liquidity_uniform_sector_distribution,seed_005,Spain,combined_transition_physical,p30,1.0,1.5,True
seed_005_Ukraine_orderly_transition_p30_ibx1_0_shockx1_5_no_liquidity_uniform_sector_distribution,seed_005,Ukraine,orderly_transition,p30,1.0,1.5,True
seed_005_Ukraine_disorderly_transition_p30_ibx1_0_shockx1_5_no_liquidity_uniform_sector_distribution,seed_005,Ukraine,disorderly_transition,p30,1.0,1.5,True
seed_005_Ukraine_severe_disorderly_transition_p30_ibx1_0_shockx1_5_no_liquidity_uniform_sector_distribution,seed_005,Ukraine,severe_disorderly_transition,p30,1.0,1.5,True
seed_005_Ukraine_acute_physical_risk_p30_ibx1_0_shockx1_5_no_liquidity_uniform_sector_distribution,seed_005,Ukraine,acute_physical_risk,p30,1.0,1.5,True
seed_005_Ukraine_combined_transition_physical_p30_ibx1_0_shockx1_5_no_liquidity_uniform_sector_distribution,seed_005,Ukraine,combined_transition_physical,p30,1.0,1.5,True
seed_005_United_States_of_America_orderly_transition_p30_ibx1_0_shockx1_5_no_liquidity_uniform_sector_distribution,seed_005,United States of America,orderly_transition,p30,1.0,1.5,True
seed_005_United_States_of_America_disorderly_transition_p30_ibx1_0_shockx1_5_no_liquidity_uniform_sector_distribution,seed_005,United States of America,disorderly_transition,p30,1.0,1.5,True
seed_005_United_States_of_America_severe_disorderly_transition_p30_ibx1_0_shockx1_5_no_liquidity_uniform_sector_distribution,seed_005,United States of America,severe_disorderly_transition,p30,1.0,1.5,True
seed_005_United_States_of_America_acute_physical_risk_p30_ibx1_0_shockx1_5_no_liquidity_uniform_sector_distribution,seed_005,United States of America,acute_physical_risk,p30,1.0,1.5,True
seed_005_United_States_of_America_combined_transition_physical_p30_ibx1_0_shockx1_5_no_liquidity_uniform_sector_distribution,seed_005,United States of America,combined_transition_physical,p30,1.0,1.5,True
seed_006_Brazil_orderly_transition_p30_ibx1_0_shockx0_75_no_liquidity_uniform_sector_distribution,seed_006,Brazil,orderly_transition,p30,1.0,0.75,True
seed_006_Brazil_disorderly_transition_p30_ibx1_0_shockx0_75_no_liquidity_uniform_sector_distribution,seed_006,Brazil,disorderly_transition,p30,1.0,0.75,True
seed_006_Brazil_severe_disorderly_transition_p30_ibx1_0_shockx0_75_no_liquidity_uniform_sector_distribution,seed_006,Brazil,severe_disorderly_transition,p30,1.0,0.75,True
seed_006_Brazil_acute_physical_risk_p30_ibx1_0_shockx0_75_no_liquidity_uniform_sector_distribution,seed_006,Brazil,acute_physical_risk,p30,1.0,0.75,True
seed_006_Brazil_combined_transition_physical_p30_ibx1_0_shockx0_75_no_liquidity_uniform_sector_distribution,seed_006,Brazil,combined_transition_physical,p30,1.0,0.75,True
seed_006_Germany_orderly_transition_p30_ibx1_0_shockx0_75_no_liquidity_uniform_sector_distribution,seed_006,Germany,orderly_transition,p30,1.0,0.75,True
seed_006_Germany_disorderly_transition_p30_ibx1_0_shockx0_75_no_liquidity_uniform_sector_distribution,seed_006,Germany,disorderly_transition,p30,1.0,0.75,True
seed_006_Germany_severe_disorderly_transition_p30_ibx1_0_shockx0_75_no_liquidity_uniform_sector_distribution,seed_006,Germany,severe_disorderly_transition,p30,1.0,0.75,True
seed_006_Germany_acute_physical_risk_p30_ibx1_0_shockx0_75_no_liquidity_uniform_sector_distribution,seed_006,Germany,acute_physical_risk,p30,1.0,0.75,True
seed_006_Germany_combined_transition_physical_p30_ibx1_0_shockx0_75_no_liquidity_uniform_sector_distribution,seed_006,Germany,combined_transition_physical,p30,1.0,0.75,True
seed_006_Italy_orderly_transition_p30_ibx1_0_shockx0_75_no_liquidity_uniform_sector_distribution,seed_006,Italy,orderly_transition,p30,1.0,0.75,True
seed_006_Italy_disorderly_transition_p30_ibx1_0_shockx0_75_no_liquidity_uniform_sector_distribution,seed_006,Italy,disorderly_transition,p30,1.0,0.75,True
seed_006_Italy_severe_disorderly_transition_p30_ibx1_0_shockx0_75_no_liquidity_uniform_sector_distribution,seed_006,Italy,severe_disorderly_transition,p30,1.0,0.75,True
seed_006_Italy_acute_physical_risk_p30_ibx1_0_shockx0_75_no_liquidity_uniform_sector_distribution,seed_006,Italy,acute_physical_risk,p30,1.0,0.75,True
seed_006_Italy_combined_transition_physical_p30_ibx1_0_shockx0_75_no_liquidity_uniform_sector_distribution,seed_006,Italy,combined_transition_physical,p30,1.0,0.75,True
seed_006_Spain_orderly_transition_p30_ibx1_0_shockx0_75_no_liquidity_uniform_sector_distribution,seed_006,Spain,orderly_transition,p30,1.0,0.75,True
seed_006_Spain_disorderly_transition_p30_ibx1_0_shockx0_75_no_liquidity_uniform_sector_distribution,seed_006,Spain,disorderly_transition,p30,1.0,0.75,True
seed_006_Spain_severe_disorderly_transition_p30_ibx1_0_shockx0_75_no_liquidity_uniform_sector_distribution,seed_006,Spain,severe_disorderly_transition,p30,1.0,0.75,True
seed_006_Spain_acute_physical_risk_p30_ibx1_0_shockx0_75_no_liquidity_uniform_sector_distribution,seed_006,Spain,acute_physical_risk,p30,1.0,0.75,True
seed_006_Spain_combined_transition_physical_p30_ibx1_0_shockx0_75_no_liquidity_uniform_sector_distribution,seed_006,Spain,combined_transition_physical,p30,1.0,0.75,True
seed_006_Ukraine_orderly_transition_p30_ibx1_0_shockx0_75_no_liquidity_uniform_sector_distribution,seed_006,Ukraine,orderly_transition,p30,1.0,0.75,True
seed_006_Ukraine_disorderly_transition_p30_ibx1_0_shockx0_75_no_liquidity_uniform_sector_distribution,seed_006,Ukraine,disorderly_transition,p30,1.0,0.75,True
seed_006_Ukraine_severe_disorderly_transition_p30_ibx1_0_shockx0_75_no_liquidity_uniform_sector_distribution,seed_006,Ukraine,severe_disorderly_transition,p30,1.0,0.75,True
seed_006_Ukraine_acute_physical_risk_p30_ibx1_0_shockx0_75_no_liquidity_uniform_sector_distribution,seed_006,Ukraine,acute_physical_risk,p30,1.0,0.75,True
seed_006_Ukraine_combined_transition_physical_p30_ibx1_0_shockx0_75_no_liquidity_uniform_sector_distribution,seed_006,Ukraine,combined_transition_physical,p30,1.0,0.75,True
seed_006_United_States_of_America_orderly_transition_p30_ibx1_0_shockx0_75_no_liquidity_uniform_sector_distribution,seed_006,United States of America,orderly_transition,p30,1.0,0.75,True
seed_006_United_States_of_America_disorderly_transition_p30_ibx1_0_shockx0_75_no_liquidity_uniform_sector_distribution,seed_006,United States of America,disorderly_transition,p30,1.0,0.75,True
seed_006_United_States_of_America_severe_disorderly_transition_p30_ibx1_0_shockx0_75_no_liquidity_uniform_sector_distribution,seed_006,United States of America,severe_disorderly_transition,p30,1.0,0.75,True
seed_006_United_States_of_America_acute_physical_risk_p30_ibx1_0_shockx0_75_no_liquidity_uniform_sector_distribution,seed_006,United States of America,acute_physical_risk,p30,1.0,0.75,True
seed_006_United_States_of_America_combined_transition_physical_p30_ibx1_0_shockx0_75_no_liquidity_uniform_sector_distribution,seed_006,United States of America,combined_transition_physical,p30,1.0,0.75,True
seed_006_Brazil_orderly_transition_p30_ibx1_0_shockx1_0_no_liquidity_uniform_sector_distribution,seed_006,Brazil,orderly_transition,p30,1.0,1.0,True
seed_006_Brazil_disorderly_transition_p30_ibx1_0_shockx1_0_no_liquidity_uniform_sector_distribution,seed_006,Brazil,disorderly_transition,p30,1.0,1.0,True
seed_006_Brazil_severe_disorderly_transition_p30_ibx1_0_shockx1_0_no_liquidity_uniform_sector_distribution,seed_006,Brazil,severe_disorderly_transition,p30,1.0,1.0,True
seed_006_Brazil_acute_physical_risk_p30_ibx1_0_shockx1_0_no_liquidity_uniform_sector_distribution,seed_006,Brazil,acute_physical_risk,p30,1.0,1.0,True
seed_006_Brazil_combined_transition_physical_p30_ibx1_0_shockx1_0_no_liquidity_uniform_sector_distribution,seed_006,Brazil,combined_transition_physical,p30,1.0,1.0,True
seed_006_Germany_orderly_transition_p30_ibx1_0_shockx1_0_no_liquidity_uniform_sector_distribution,seed_006,Germany,orderly_transition,p30,1.0,1.0,True
seed_006_Germany_disorderly_transition_p30_ibx1_0_shockx1_0_no_liquidity_uniform_sector_distribution,seed_006,Germany,disorderly_transition,p30,1.0,1.0,True
seed_006_Germany_severe_disorderly_transition_p30_ibx1_0_shockx1_0_no_liquidity_uniform_sector_distribution,seed_006,Germany,severe_disorderly_transition,p30,1.0,1.0,True
seed_006_Germany_acute_physical_risk_p30_ibx1_0_shockx1_0_no_liquidity_uniform_sector_distribution,seed_006,Germany,acute_physical_risk,p30,1.0,1.0,True
seed_006_Germany_combined_transition_physical_p30_ibx1_0_shockx1_0_no_liquidity_uniform_sector_distribution,seed_006,Germany,combined_transition_physical,p30,1.0,1.0,True
seed_006_Italy_orderly_transition_p30_ibx1_0_shockx1_0_no_liquidity_uniform_sector_distribution,seed_006,Italy,orderly_transition,p30,1.0,1.0,True
seed_006_Italy_disorderly_transition_p30_ibx1_0_shockx1_0_no_liquidity_uniform_sector_distribution,seed_006,Italy,disorderly_transition,p30,1.0,1.0,True
seed_006_Italy_severe_disorderly_transition_p30_ibx1_0_shockx1_0_no_liquidity_uniform_sector_distribution,seed_006,Italy,severe_disorderly_transition,p30,1.0,1.0,True
seed_006_Italy_acute_physical_risk_p30_ibx1_0_shockx1_0_no_liquidity_uniform_sector_distribution,seed_006,Italy,acute_physical_risk,p30,1.0,1.0,True
seed_006_Italy_combined_transition_physical_p30_ibx1_0_shockx1_0_no_liquidity_uniform_sector_distribution,seed_006,Italy,combined_transition_physical,p30,1.0,1.0,True
seed_006_Spain_orderly_transition_p30_ibx1_0_shockx1_0_no_liquidity_uniform_sector_distribution,seed_006,Spain,orderly_transition,p30,1.0,1.0,True
seed_006_Spain_disorderly_transition_p30_ibx1_0_shockx1_0_no_liquidity_uniform_sector_distribution,seed_006,Spain,disorderly_transition,p30,1.0,1.0,True
seed_006_Spain_severe_disorderly_transition_p30_ibx1_0_shockx1_0_no_liquidity_uniform_sector_distribution,seed_006,Spain,severe_disorderly_transition,p30,1.0,1.0,True
seed_006_Spain_acute_physical_risk_p30_ibx1_0_shockx1_0_no_liquidity_uniform_sector_distribution,seed_006,Spain,acute_physical_risk,p30,1.0,1.0,True
seed_006_Spain_combined_transition_physical_p30_ibx1_0_shockx1_0_no_liquidity_uniform_sector_distribution,seed_006,Spain,combined_transition_physical,p30,1.0,1.0,True
seed_006_Ukraine_orderly_transition_p30_ibx1_0_shockx1_0_no_liquidity_uniform_sector_distribution,seed_006,Ukraine,orderly_transition,p30,1.0,1.0,True
seed_006_Ukraine_disorderly_transition_p30_ibx1_0_shockx1_0_no_liquidity_uniform_sector_distribution,seed_006,Ukraine,disorderly_transition,p30,1.0,1.0,True
seed_006_Ukraine_severe_disorderly_transition_p30_ibx1_0_shockx1_0_no_liquidity_uniform_sector_distribution,seed_006,Ukraine,severe_disorderly_transition,p30,1.0,1.0,True
seed_006_Ukraine_acute_physical_risk_p30_ibx1_0_shockx1_0_no_liquidity_uniform_sector_distribution,seed_006,Ukraine,acute_physical_risk,p30,1.0,1.0,True
seed_006_Ukraine_combined_transition_physical_p30_ibx1_0_shockx1_0_no_liquidity_uniform_sector_distribution,seed_006,Ukraine,combined_transition_physical,p30,1.0,1.0,True
seed_006_United_States_of_America_orderly_transition_p30_ibx1_0_shockx1_0_no_liquidity_uniform_sector_distribution,seed_006,United States of America,orderly_transition,p30,1.0,1.0,True
seed_006_United_States_of_America_disorderly_transition_p30_ibx1_0_shockx1_0_no_liquidity_uniform_sector_distribution,seed_006,United States of America,disorderly_transition,p30,1.0,1.0,True
seed_006_United_States_of_America_severe_disorderly_transition_p30_ibx1_0_shockx1_0_no_liquidity_uniform_sector_distribution,seed_006,United States of America,severe_disorderly_transition,p30,1.0,1.0,True
seed_006_United_States_of_America_acute_physical_risk_p30_ibx1_0_shockx1_0_no_liquidity_uniform_sector_distribution,seed_006,United States of America,acute_physical_risk,p30,1.0,1.0,True
seed_006_United_States_of_America_combined_transition_physical_p30_ibx1_0_shockx1_0_no_liquidity_uniform_sector_distribution,seed_006,United States of America,combined_transition_physical,p30,1.0,1.0,True
seed_006_Brazil_orderly_transition_p30_ibx1_0_shockx1_25_no_liquidity_uniform_sector_distribution,seed_006,Brazil,orderly_transition,p30,1.0,1.25,True
seed_006_Brazil_disorderly_transition_p30_ibx1_0_shockx1_25_no_liquidity_uniform_sector_distribution,seed_006,Brazil,disorderly_transition,p30,1.0,1.25,True
seed_006_Brazil_severe_disorderly_transition_p30_ibx1_0_shockx1_25_no_liquidity_uniform_sector_distribution,seed_006,Brazil,severe_disorderly_transition,p30,1.0,1.25,True
seed_006_Brazil_acute_physical_risk_p30_ibx1_0_shockx1_25_no_liquidity_uniform_sector_distribution,seed_006,Brazil,acute_physical_risk,p30,1.0,1.25,True
seed_006_Brazil_combined_transition_physical_p30_ibx1_0_shockx1_25_no_liquidity_uniform_sector_distribution,seed_006,Brazil,combined_transition_physical,p30,1.0,1.25,True
seed_006_Germany_orderly_transition_p30_ibx1_0_shockx1_25_no_liquidity_uniform_sector_distribution,seed_006,Germany,orderly_transition,p30,1.0,1.25,True
seed_006_Germany_disorderly_transition_p30_ibx1_0_shockx1_25_no_liquidity_uniform_sector_distribution,seed_006,Germany,disorderly_transition,p30,1.0,1.25,True
seed_006_Germany_severe_disorderly_transition_p30_ibx1_0_shockx1_25_no_liquidity_uniform_sector_distribution,seed_006,Germany,severe_disorderly_transition,p30,1.0,1.25,True
seed_006_Germany_acute_physical_risk_p30_ibx1_0_shockx1_25_no_liquidity_uniform_sector_distribution,seed_006,Germany,acute_physical_risk,p30,1.0,1.25,True
seed_006_Germany_combined_transition_physical_p30_ibx1_0_shockx1_25_no_liquidity_uniform_sector_distribution,seed_006,Germany,combined_transition_physical,p30,1.0,1.25,True
seed_006_Italy_orderly_transition_p30_ibx1_0_shockx1_25_no_liquidity_uniform_sector_distribution,seed_006,Italy,orderly_transition,p30,1.0,1.25,True
seed_006_Italy_disorderly_transition_p30_ibx1_0_shockx1_25_no_liquidity_uniform_sector_distribution,seed_006,Italy,disorderly_transition,p30,1.0,1.25,True
seed_006_Italy_severe_disorderly_transition_p30_ibx1_0_shockx1_25_no_liquidity_uniform_sector_distribution,seed_006,Italy,severe_disorderly_transition,p30,1.0,1.25,True
seed_006_Italy_acute_physical_risk_p30_ibx1_0_shockx1_25_no_liquidity_uniform_sector_distribution,seed_006,Italy,acute_physical_risk,p30,1.0,1.25,True
seed_006_Italy_combined_transition_physical_p30_ibx1_0_shockx1_25_no_liquidity_uniform_sector_distribution,seed_006,Italy,combined_transition_physical,p30,1.0,1.25,True
seed_006_Spain_orderly_transition_p30_ibx1_0_shockx1_25_no_liquidity_uniform_sector_distribution,seed_006,Spain,orderly_transition,p30,1.0,1.25,True
seed_006_Spain_disorderly_transition_p30_ibx1_0_shockx1_25_no_liquidity_uniform_sector_distribution,seed_006,Spain,disorderly_transition,p30,1.0,1.25,True
seed_006_Spain_severe_disorderly_transition_p30_ibx1_0_shockx1_25_no_liquidity_uniform_sector_distribution,seed_006,Spain,severe_disorderly_transition,p30,1.0,1.25,True
seed_006_Spain_acute_physical_risk_p30_ibx1_0_shockx1_25_no_liquidity_uniform_sector_distribution,seed_006,Spain,acute_physical_risk,p30,1.0,1.25,True
seed_006_Spain_combined_transition_physical_p30_ibx1_0_shockx1_25_no_liquidity_uniform_sector_distribution,seed_006,Spain,combined_transition_physical,p30,1.0,1.25,True
seed_006_Ukraine_orderly_transition_p30_ibx1_0_shockx1_25_no_liquidity_uniform_sector_distribution,seed_006,Ukraine,orderly_transition,p30,1.0,1.25,True
seed_006_Ukraine_disorderly_transition_p30_ibx1_0_shockx1_25_no_liquidity_uniform_sector_distribution,seed_006,Ukraine,disorderly_transition,p30,1.0,1.25,True
seed_006_Ukraine_severe_disorderly_transition_p30_ibx1_0_shockx1_25_no_liquidity_uniform_sector_distribution,seed_006,Ukraine,severe_disorderly_transition,p30,1.0,1.25,True
seed_006_Ukraine_acute_physical_risk_p30_ibx1_0_shockx1_25_no_liquidity_uniform_sector_distribution,seed_006,Ukraine,acute_physical_risk,p30,1.0,1.25,True
seed_006_Ukraine_combined_transition_physical_p30_ibx1_0_shockx1_25_no_liquidity_uniform_sector_distribution,seed_006,Ukraine,combined_transition_physical,p30,1.0,1.25,True
seed_006_United_States_of_America_orderly_transition_p30_ibx1_0_shockx1_25_no_liquidity_uniform_sector_distribution,seed_006,United States of America,orderly_transition,p30,1.0,1.25,True
seed_006_United_States_of_America_disorderly_transition_p30_ibx1_0_shockx1_25_no_liquidity_uniform_sector_distribution,seed_006,United States of America,disorderly_transition,p30,1.0,1.25,True
seed_006_United_States_of_America_severe_disorderly_transition_p30_ibx1_0_shockx1_25_no_liquidity_uniform_sector_distribution,seed_006,United States of America,severe_disorderly_transition,p30,1.0,1.25,True
seed_006_United_States_of_America_acute_physical_risk_p30_ibx1_0_shockx1_25_no_liquidity_uniform_sector_distribution,seed_006,United States of America,acute_physical_risk,p30,1.0,1.25,True
seed_006_United_States_of_America_combined_transition_physical_p30_ibx1_0_shockx1_25_no_liquidity_uniform_sector_distribution,seed_006,United States of America,combined_transition_physical,p30,1.0,1.25,True
seed_006_Brazil_orderly_transition_p30_ibx1_0_shockx1_5_no_liquidity_uniform_sector_distribution,seed_006,Brazil,orderly_transition,p30,1.0,1.5,True
seed_006_Brazil_disorderly_transition_p30_ibx1_0_shockx1_5_no_liquidity_uniform_sector_distribution,seed_006,Brazil,disorderly_transition,p30,1.0,1.5,True
seed_006_Brazil_severe_disorderly_transition_p30_ibx1_0_shockx1_5_no_liquidity_uniform_sector_distribution,seed_006,Brazil,severe_disorderly_transition,p30,1.0,1.5,True
seed_006_Brazil_acute_physical_risk_p30_ibx1_0_shockx1_5_no_liquidity_uniform_sector_distribution,seed_006,Brazil,acute_physical_risk,p30,1.0,1.5,True
seed_006_Brazil_combined_transition_physical_p30_ibx1_0_shockx1_5_no_liquidity_uniform_sector_distribution,seed_006,Brazil,combined_transition_physical,p30,1.0,1.5,True
seed_006_Germany_orderly_transition_p30_ibx1_0_shockx1_5_no_liquidity_uniform_sector_distribution,seed_006,Germany,orderly_transition,p30,1.0,1.5,True
seed_006_Germany_disorderly_transition_p30_ibx1_0_shockx1_5_no_liquidity_uniform_sector_distribution,seed_006,Germany,disorderly_transition,p30,1.0,1.5,True
seed_006_Germany_severe_disorderly_transition_p30_ibx1_0_shockx1_5_no_liquidity_uniform_sector_distribution,seed_006,Germany,severe_disorderly_transition,p30,1.0,1.5,True
seed_006_Germany_acute_physical_risk_p30_ibx1_0_shockx1_5_no_liquidity_uniform_sector_distribution,seed_006,Germany,acute_physical_risk,p30,1.0,1.5,True
seed_006_Germany_combined_transition_physical_p30_ibx1_0_shockx1_5_no_liquidity_uniform_sector_distribution,seed_006,Germany,combined_transition_physical,p30,1.0,1.5,True
seed_006_Italy_orderly_transition_p30_ibx1_0_shockx1_5_no_liquidity_uniform_sector_distribution,seed_006,Italy,orderly_transition,p30,1.0,1.5,True
seed_006_Italy_disorderly_transition_p30_ibx1_0_shockx1_5_no_liquidity_uniform_sector_distribution,seed_006,Italy,disorderly_transition,p30,1.0,1.5,True
seed_006_Italy_severe_disorderly_transition_p30_ibx1_0_shockx1_5_no_liquidity_uniform_sector_distribution,seed_006,Italy,severe_disorderly_transition,p30,1.0,1.5,True
seed_006_Italy_acute_physical_risk_p30_ibx1_0_shockx1_5_no_liquidity_uniform_sector_distribution,seed_006,Italy,acute_physical_risk,p30,1.0,1.5,True
seed_006_Italy_combined_transition_physical_p30_ibx1_0_shockx1_5_no_liquidity_uniform_sector_distribution,seed_006,Italy,combined_transition_physical,p30,1.0,1.5,True
seed_006_Spain_orderly_transition_p30_ibx1_0_shockx1_5_no_liquidity_uniform_sector_distribution,seed_006,Spain,orderly_transition,p30,1.0,1.5,True
seed_006_Spain_disorderly_transition_p30_ibx1_0_shockx1_5_no_liquidity_uniform_sector_distribution,seed_006,Spain,disorderly_transition,p30,1.0,1.5,True
seed_006_Spain_severe_disorderly_transition_p30_ibx1_0_shockx1_5_no_liquidity_uniform_sector_distribution,seed_006,Spain,severe_disorderly_transition,p30,1.0,1.5,True
seed_006_Spain_acute_physical_risk_p30_ibx1_0_shockx1_5_no_liquidity_uniform_sector_distribution,seed_006,Spain,acute_physical_risk,p30,1.0,1.5,True
seed_006_Spain_combined_transition_physical_p30_ibx1_0_shockx1_5_no_liquidity_uniform_sector_distribution,seed_006,Spain,combined_transition_physical,p30,1.0,1.5,True
seed_006_Ukraine_orderly_transition_p30_ibx1_0_shockx1_5_no_liquidity_uniform_sector_distribution,seed_006,Ukraine,orderly_transition,p30,1.0,1.5,True
seed_006_Ukraine_disorderly_transition_p30_ibx1_0_shockx1_5_no_liquidity_uniform_sector_distribution,seed_006,Ukraine,disorderly_transition,p30,1.0,1.5,True
seed_006_Ukraine_severe_disorderly_transition_p30_ibx1_0_shockx1_5_no_liquidity_uniform_sector_distribution,seed_006,Ukraine,severe_disorderly_transition,p30,1.0,1.5,True
seed_006_Ukraine_acute_physical_risk_p30_ibx1_0_shockx1_5_no_liquidity_uniform_sector_distribution,seed_006,Ukraine,acute_physical_risk,p30,1.0,1.5,True
seed_006_Ukraine_combined_transition_physical_p30_ibx1_0_shockx1_5_no_liquidity_uniform_sector_distribution,seed_006,Ukraine,combined_transition_physical,p30,1.0,1.5,True
seed_006_United_States_of_America_orderly_transition_p30_ibx1_0_shockx1_5_no_liquidity_uniform_sector_distribution,seed_006,United States of America,orderly_transition,p30,1.0,1.5,True
seed_006_United_States_of_America_disorderly_transition_p30_ibx1_0_shockx1_5_no_liquidity_uniform_sector_distribution,seed_006,United States of America,disorderly_transition,p30,1.0,1.5,True
seed_006_United_States_of_America_severe_disorderly_transition_p30_ibx1_0_shockx1_5_no_liquidity_uniform_sector_distribution,seed_006,United States of America,severe_disorderly_transition,p30,1.0,1.5,True
seed_006_United_States_of_America_acute_physical_risk_p30_ibx1_0_shockx1_5_no_liquidity_uniform_sector_distribution,seed_006,United States of America,acute_physical_risk,p30,1.0,1.5,True
seed_006_United_States_of_America_combined_transition_physical_p30_ibx1_0_shockx1_5_no_liquidity_uniform_sector_distribution,seed_006,United States of America,combined_transition_physical,p30,1.0,1.5,True
seed_007_Brazil_orderly_transition_p30_ibx1_0_shockx0_75_no_liquidity_uniform_sector_distribution,seed_007,Brazil,orderly_transition,p30,1.0,0.75,True
seed_007_Brazil_disorderly_transition_p30_ibx1_0_shockx0_75_no_liquidity_uniform_sector_distribution,seed_007,Brazil,disorderly_transition,p30,1.0,0.75,True
seed_007_Brazil_severe_disorderly_transition_p30_ibx1_0_shockx0_75_no_liquidity_uniform_sector_distribution,seed_007,Brazil,severe_disorderly_transition,p30,1.0,0.75,True
seed_007_Brazil_acute_physical_risk_p30_ibx1_0_shockx0_75_no_liquidity_uniform_sector_distribution,seed_007,Brazil,acute_physical_risk,p30,1.0,0.75,True
seed_007_Brazil_combined_transition_physical_p30_ibx1_0_shockx0_75_no_liquidity_uniform_sector_distribution,seed_007,Brazil,combined_transition_physical,p30,1.0,0.75,True
seed_007_Germany_orderly_transition_p30_ibx1_0_shockx0_75_no_liquidity_uniform_sector_distribution,seed_007,Germany,orderly_transition,p30,1.0,0.75,True
seed_007_Germany_disorderly_transition_p30_ibx1_0_shockx0_75_no_liquidity_uniform_sector_distribution,seed_007,Germany,disorderly_transition,p30,1.0,0.75,True
seed_007_Germany_severe_disorderly_transition_p30_ibx1_0_shockx0_75_no_liquidity_uniform_sector_distribution,seed_007,Germany,severe_disorderly_transition,p30,1.0,0.75,True
seed_007_Germany_acute_physical_risk_p30_ibx1_0_shockx0_75_no_liquidity_uniform_sector_distribution,seed_007,Germany,acute_physical_risk,p30,1.0,0.75,True
seed_007_Germany_combined_transition_physical_p30_ibx1_0_shockx0_75_no_liquidity_uniform_sector_distribution,seed_007,Germany,combined_transition_physical,p30,1.0,0.75,True
seed_007_Italy_orderly_transition_p30_ibx1_0_shockx0_75_no_liquidity_uniform_sector_distribution,seed_007,Italy,orderly_transition,p30,1.0,0.75,True
seed_007_Italy_disorderly_transition_p30_ibx1_0_shockx0_75_no_liquidity_uniform_sector_distribution,seed_007,Italy,disorderly_transition,p30,1.0,0.75,True
seed_007_Italy_severe_disorderly_transition_p30_ibx1_0_shockx0_75_no_liquidity_uniform_sector_distribution,seed_007,Italy,severe_disorderly_transition,p30,1.0,0.75,True
seed_007_Italy_acute_physical_risk_p30_ibx1_0_shockx0_75_no_liquidity_uniform_sector_distribution,seed_007,Italy,acute_physical_risk,p30,1.0,0.75,True
seed_007_Italy_combined_transition_physical_p30_ibx1_0_shockx0_75_no_liquidity_uniform_sector_distribution,seed_007,Italy,combined_transition_physical,p30,1.0,0.75,True
seed_007_Spain_orderly_transition_p30_ibx1_0_shockx0_75_no_liquidity_uniform_sector_distribution,seed_007,Spain,orderly_transition,p30,1.0,0.75,True
seed_007_Spain_disorderly_transition_p30_ibx1_0_shockx0_75_no_liquidity_uniform_sector_distribution,seed_007,Spain,disorderly_transition,p30,1.0,0.75,True
seed_007_Spain_severe_disorderly_transition_p30_ibx1_0_shockx0_75_no_liquidity_uniform_sector_distribution,seed_007,Spain,severe_disorderly_transition,p30,1.0,0.75,True
seed_007_Spain_acute_physical_risk_p30_ibx1_0_shockx0_75_no_liquidity_uniform_sector_distribution,seed_007,Spain,acute_physical_risk,p30,1.0,0.75,True
seed_007_Spain_combined_transition_physical_p30_ibx1_0_shockx0_75_no_liquidity_uniform_sector_distribution,seed_007,Spain,combined_transition_physical,p30,1.0,0.75,True
seed_007_Ukraine_orderly_transition_p30_ibx1_0_shockx0_75_no_liquidity_uniform_sector_distribution,seed_007,Ukraine,orderly_transition,p30,1.0,0.75,True
seed_007_Ukraine_disorderly_transition_p30_ibx1_0_shockx0_75_no_liquidity_uniform_sector_distribution,seed_007,Ukraine,disorderly_transition,p30,1.0,0.75,True
seed_007_Ukraine_severe_disorderly_transition_p30_ibx1_0_shockx0_75_no_liquidity_uniform_sector_distribution,seed_007,Ukraine,severe_disorderly_transition,p30,1.0,0.75,True
seed_007_Ukraine_acute_physical_risk_p30_ibx1_0_shockx0_75_no_liquidity_uniform_sector_distribution,seed_007,Ukraine,acute_physical_risk,p30,1.0,0.75,True
seed_007_Ukraine_combined_transition_physical_p30_ibx1_0_shockx0_75_no_liquidity_uniform_sector_distribution,seed_007,Ukraine,combined_transition_physical,p30,1.0,0.75,True
seed_007_United_States_of_America_orderly_transition_p30_ibx1_0_shockx0_75_no_liquidity_uniform_sector_distribution,seed_007,United States of America,orderly_transition,p30,1.0,0.75,True
seed_007_United_States_of_America_disorderly_transition_p30_ibx1_0_shockx0_75_no_liquidity_uniform_sector_distribution,seed_007,United States of America,disorderly_transition,p30,1.0,0.75,True
seed_007_United_States_of_America_severe_disorderly_transition_p30_ibx1_0_shockx0_75_no_liquidity_uniform_sector_distribution,seed_007,United States of America,severe_disorderly_transition,p30,1.0,0.75,True
seed_007_United_States_of_America_acute_physical_risk_p30_ibx1_0_shockx0_75_no_liquidity_uniform_sector_distribution,seed_007,United States of America,acute_physical_risk,p30,1.0,0.75,True
seed_007_United_States_of_America_combined_transition_physical_p30_ibx1_0_shockx0_75_no_liquidity_uniform_sector_distribution,seed_007,United States of America,combined_transition_physical,p30,1.0,0.75,True
seed_007_Brazil_orderly_transition_p30_ibx1_0_shockx1_0_no_liquidity_uniform_sector_distribution,seed_007,Brazil,orderly_transition,p30,1.0,1.0,True
seed_007_Brazil_disorderly_transition_p30_ibx1_0_shockx1_0_no_liquidity_uniform_sector_distribution,seed_007,Brazil,disorderly_transition,p30,1.0,1.0,True
seed_007_Brazil_severe_disorderly_transition_p30_ibx1_0_shockx1_0_no_liquidity_uniform_sector_distribution,seed_007,Brazil,severe_disorderly_transition,p30,1.0,1.0,True
seed_007_Brazil_acute_physical_risk_p30_ibx1_0_shockx1_0_no_liquidity_uniform_sector_distribution,seed_007,Brazil,acute_physical_risk,p30,1.0,1.0,True
seed_007_Brazil_combined_transition_physical_p30_ibx1_0_shockx1_0_no_liquidity_uniform_sector_distribution,seed_007,Brazil,combined_transition_physical,p30,1.0,1.0,True
seed_007_Germany_orderly_transition_p30_ibx1_0_shockx1_0_no_liquidity_uniform_sector_distribution,seed_007,Germany,orderly_transition,p30,1.0,1.0,True
seed_007_Germany_disorderly_transition_p30_ibx1_0_shockx1_0_no_liquidity_uniform_sector_distribution,seed_007,Germany,disorderly_transition,p30,1.0,1.0,True
seed_007_Germany_severe_disorderly_transition_p30_ibx1_0_shockx1_0_no_liquidity_uniform_sector_distribution,seed_007,Germany,severe_disorderly_transition,p30,1.0,1.0,True
seed_007_Germany_acute_physical_risk_p30_ibx1_0_shockx1_0_no_liquidity_uniform_sector_distribution,seed_007,Germany,acute_physical_risk,p30,1.0,1.0,True
seed_007_Germany_combined_transition_physical_p30_ibx1_0_shockx1_0_no_liquidity_uniform_sector_distribution,seed_007,Germany,combined_transition_physical,p30,1.0,1.0,True
seed_007_Italy_orderly_transition_p30_ibx1_0_shockx1_0_no_liquidity_uniform_sector_distribution,seed_007,Italy,orderly_transition,p30,1.0,1.0,True
seed_007_Italy_disorderly_transition_p30_ibx1_0_shockx1_0_no_liquidity_uniform_sector_distribution,seed_007,Italy,disorderly_transition,p30,1.0,1.0,True
seed_007_Italy_severe_disorderly_transition_p30_ibx1_0_shockx1_0_no_liquidity_uniform_sector_distribution,seed_007,Italy,severe_disorderly_transition,p30,1.0,1.0,True
seed_007_Italy_acute_physical_risk_p30_ibx1_0_shockx1_0_no_liquidity_uniform_sector_distribution,seed_007,Italy,acute_physical_risk,p30,1.0,1.0,True
seed_007_Italy_combined_transition_physical_p30_ibx1_0_shockx1_0_no_liquidity_uniform_sector_distribution,seed_007,Italy,combined_transition_physical,p30,1.0,1.0,True
seed_007_Spain_orderly_transition_p30_ibx1_0_shockx1_0_no_liquidity_uniform_sector_distribution,seed_007,Spain,orderly_transition,p30,1.0,1.0,True
seed_007_Spain_disorderly_transition_p30_ibx1_0_shockx1_0_no_liquidity_uniform_sector_distribution,seed_007,Spain,disorderly_transition,p30,1.0,1.0,True
seed_007_Spain_severe_disorderly_transition_p30_ibx1_0_shockx1_0_no_liquidity_uniform_sector_distribution,seed_007,Spain,severe_disorderly_transition,p30,1.0,1.0,True
seed_007_Spain_acute_physical_risk_p30_ibx1_0_shockx1_0_no_liquidity_uniform_sector_distribution,seed_007,Spain,acute_physical_risk,p30,1.0,1.0,True
seed_007_Spain_combined_transition_physical_p30_ibx1_0_shockx1_0_no_liquidity_uniform_sector_distribution,seed_007,Spain,combined_transition_physical,p30,1.0,1.0,True
seed_007_Ukraine_orderly_transition_p30_ibx1_0_shockx1_0_no_liquidity_uniform_sector_distribution,seed_007,Ukraine,orderly_transition,p30,1.0,1.0,True
seed_007_Ukraine_disorderly_transition_p30_ibx1_0_shockx1_0_no_liquidity_uniform_sector_distribution,seed_007,Ukraine,disorderly_transition,p30,1.0,1.0,True
seed_007_Ukraine_severe_disorderly_transition_p30_ibx1_0_shockx1_0_no_liquidity_uniform_sector_distribution,seed_007,Ukraine,severe_disorderly_transition,p30,1.0,1.0,True
seed_007_Ukraine_acute_physical_risk_p30_ibx1_0_shockx1_0_no_liquidity_uniform_sector_distribution,seed_007,Ukraine,acute_physical_risk,p30,1.0,1.0,True
seed_007_Ukraine_combined_transition_physical_p30_ibx1_0_shockx1_0_no_liquidity_uniform_sector_distribution,seed_007,Ukraine,combined_transition_physical,p30,1.0,1.0,True
seed_007_United_States_of_America_orderly_transition_p30_ibx1_0_shockx1_0_no_liquidity_uniform_sector_distribution,seed_007,United States of America,orderly_transition,p30,1.0,1.0,True
seed_007_United_States_of_America_disorderly_transition_p30_ibx1_0_shockx1_0_no_liquidity_uniform_sector_distribution,seed_007,United States of America,disorderly_transition,p30,1.0,1.0,True
seed_007_United_States_of_America_severe_disorderly_transition_p30_ibx1_0_shockx1_0_no_liquidity_uniform_sector_distribution,seed_007,United States of America,severe_disorderly_transition,p30,1.0,1.0,True
seed_007_United_States_of_America_acute_physical_risk_p30_ibx1_0_shockx1_0_no_liquidity_uniform_sector_distribution,seed_007,United States of America,acute_physical_risk,p30,1.0,1.0,True
seed_007_United_States_of_America_combined_transition_physical_p30_ibx1_0_shockx1_0_no_liquidity_uniform_sector_distribution,seed_007,United States of America,combined_transition_physical,p30,1.0,1.0,True
seed_007_Brazil_orderly_transition_p30_ibx1_0_shockx1_25_no_liquidity_uniform_sector_distribution,seed_007,Brazil,orderly_transition,p30,1.0,1.25,True
seed_007_Brazil_disorderly_transition_p30_ibx1_0_shockx1_25_no_liquidity_uniform_sector_distribution,seed_007,Brazil,disorderly_transition,p30,1.0,1.25,True
seed_007_Brazil_severe_disorderly_transition_p30_ibx1_0_shockx1_25_no_liquidity_uniform_sector_distribution,seed_007,Brazil,severe_disorderly_transition,p30,1.0,1.25,True
seed_007_Brazil_acute_physical_risk_p30_ibx1_0_shockx1_25_no_liquidity_uniform_sector_distribution,seed_007,Brazil,acute_physical_risk,p30,1.0,1.25,True
seed_007_Brazil_combined_transition_physical_p30_ibx1_0_shockx1_25_no_liquidity_uniform_sector_distribution,seed_007,Brazil,combined_transition_physical,p30,1.0,1.25,True
seed_007_Germany_orderly_transition_p30_ibx1_0_shockx1_25_no_liquidity_uniform_sector_distribution,seed_007,Germany,orderly_transition,p30,1.0,1.25,True
seed_007_Germany_disorderly_transition_p30_ibx1_0_shockx1_25_no_liquidity_uniform_sector_distribution,seed_007,Germany,disorderly_transition,p30,1.0,1.25,True
seed_007_Germany_severe_disorderly_transition_p30_ibx1_0_shockx1_25_no_liquidity_uniform_sector_distribution,seed_007,Germany,severe_disorderly_transition,p30,1.0,1.25,True
seed_007_Germany_acute_physical_risk_p30_ibx1_0_shockx1_25_no_liquidity_uniform_sector_distribution,seed_007,Germany,acute_physical_risk,p30,1.0,1.25,True
seed_007_Germany_combined_transition_physical_p30_ibx1_0_shockx1_25_no_liquidity_uniform_sector_distribution,seed_007,Germany,combined_transition_physical,p30,1.0,1.25,True
seed_007_Italy_orderly_transition_p30_ibx1_0_shockx1_25_no_liquidity_uniform_sector_distribution,seed_007,Italy,orderly_transition,p30,1.0,1.25,True
seed_007_Italy_disorderly_transition_p30_ibx1_0_shockx1_25_no_liquidity_uniform_sector_distribution,seed_007,Italy,disorderly_transition,p30,1.0,1.25,True
seed_007_Italy_severe_disorderly_transition_p30_ibx1_0_shockx1_25_no_liquidity_uniform_sector_distribution,seed_007,Italy,severe_disorderly_transition,p30,1.0,1.25,True
seed_007_Italy_acute_physical_risk_p30_ibx1_0_shockx1_25_no_liquidity_uniform_sector_distribution,seed_007,Italy,acute_physical_risk,p30,1.0,1.25,True
seed_007_Italy_combined_transition_physical_p30_ibx1_0_shockx1_25_no_liquidity_uniform_sector_distribution,seed_007,Italy,combined_transition_physical,p30,1.0,1.25,True
seed_007_Spain_orderly_transition_p30_ibx1_0_shockx1_25_no_liquidity_uniform_sector_distribution,seed_007,Spain,orderly_transition,p30,1.0,1.25,True
seed_007_Spain_disorderly_transition_p30_ibx1_0_shockx1_25_no_liquidity_uniform_sector_distribution,seed_007,Spain,disorderly_transition,p30,1.0,1.25,True
seed_007_Spain_severe_disorderly_transition_p30_ibx1_0_shockx1_25_no_liquidity_uniform_sector_distribution,seed_007,Spain,severe_disorderly_transition,p30,1.0,1.25,True
seed_007_Spain_acute_physical_risk_p30_ibx1_0_shockx1_25_no_liquidity_uniform_sector_distribution,seed_007,Spain,acute_physical_risk,p30,1.0,1.25,True
seed_007_Spain_combined_transition_physical_p30_ibx1_0_shockx1_25_no_liquidity_uniform_sector_distribution,seed_007,Spain,combined_transition_physical,p30,1.0,1.25,True
seed_007_Ukraine_orderly_transition_p30_ibx1_0_shockx1_25_no_liquidity_uniform_sector_distribution,seed_007,Ukraine,orderly_transition,p30,1.0,1.25,True
seed_007_Ukraine_disorderly_transition_p30_ibx1_0_shockx1_25_no_liquidity_uniform_sector_distribution,seed_007,Ukraine,disorderly_transition,p30,1.0,1.25,True
seed_007_Ukraine_severe_disorderly_transition_p30_ibx1_0_shockx1_25_no_liquidity_uniform_sector_distribution,seed_007,Ukraine,severe_disorderly_transition,p30,1.0,1.25,True
seed_007_Ukraine_acute_physical_risk_p30_ibx1_0_shockx1_25_no_liquidity_uniform_sector_distribution,seed_007,Ukraine,acute_physical_risk,p30,1.0,1.25,True
seed_007_Ukraine_combined_transition_physical_p30_ibx1_0_shockx1_25_no_liquidity_uniform_sector_distribution,seed_007,Ukraine,combined_transition_physical,p30,1.0,1.25,True
seed_007_United_States_of_America_orderly_transition_p30_ibx1_0_shockx1_25_no_liquidity_uniform_sector_distribution,seed_007,United States of America,orderly_transition,p30,1.0,1.25,True
seed_007_United_States_of_America_disorderly_transition_p30_ibx1_0_shockx1_25_no_liquidity_uniform_sector_distribution,seed_007,United States of America,disorderly_transition,p30,1.0,1.25,True
seed_007_United_States_of_America_severe_disorderly_transition_p30_ibx1_0_shockx1_25_no_liquidity_uniform_sector_distribution,seed_007,United States of America,severe_disorderly_transition,p30,1.0,1.25,True
seed_007_United_States_of_America_acute_physical_risk_p30_ibx1_0_shockx1_25_no_liquidity_uniform_sector_distribution,seed_007,United States of America,acute_physical_risk,p30,1.0,1.25,True
seed_007_United_States_of_America_combined_transition_physical_p30_ibx1_0_shockx1_25_no_liquidity_uniform_sector_distribution,seed_007,United States of America,combined_transition_physical,p30,1.0,1.25,True
seed_007_Brazil_orderly_transition_p30_ibx1_0_shockx1_5_no_liquidity_uniform_sector_distribution,seed_007,Brazil,orderly_transition,p30,1.0,1.5,True
seed_007_Brazil_disorderly_transition_p30_ibx1_0_shockx1_5_no_liquidity_uniform_sector_distribution,seed_007,Brazil,disorderly_transition,p30,1.0,1.5,True
seed_007_Brazil_severe_disorderly_transition_p30_ibx1_0_shockx1_5_no_liquidity_uniform_sector_distribution,seed_007,Brazil,severe_disorderly_transition,p30,1.0,1.5,True
seed_007_Brazil_acute_physical_risk_p30_ibx1_0_shockx1_5_no_liquidity_uniform_sector_distribution,seed_007,Brazil,acute_physical_risk,p30,1.0,1.5,True
seed_007_Brazil_combined_transition_physical_p30_ibx1_0_shockx1_5_no_liquidity_uniform_sector_distribution,seed_007,Brazil,combined_transition_physical,p30,1.0,1.5,True
seed_007_Germany_orderly_transition_p30_ibx1_0_shockx1_5_no_liquidity_uniform_sector_distribution,seed_007,Germany,orderly_transition,p30,1.0,1.5,True
seed_007_Germany_disorderly_transition_p30_ibx1_0_shockx1_5_no_liquidity_uniform_sector_distribution,seed_007,Germany,disorderly_transition,p30,1.0,1.5,True
seed_007_Germany_severe_disorderly_transition_p30_ibx1_0_shockx1_5_no_liquidity_uniform_sector_distribution,seed_007,Germany,severe_disorderly_transition,p30,1.0,1.5,True
seed_007_Germany_acute_physical_risk_p30_ibx1_0_shockx1_5_no_liquidity_uniform_sector_distribution,seed_007,Germany,acute_physical_risk,p30,1.0,1.5,True
seed_007_Germany_combined_transition_physical_p30_ibx1_0_shockx1_5_no_liquidity_uniform_sector_distribution,seed_007,Germany,combined_transition_physical,p30,1.0,1.5,True
seed_007_Italy_orderly_transition_p30_ibx1_0_shockx1_5_no_liquidity_uniform_sector_distribution,seed_007,Italy,orderly_transition,p30,1.0,1.5,True
seed_007_Italy_disorderly_transition_p30_ibx1_0_shockx1_5_no_liquidity_uniform_sector_distribution,seed_007,Italy,disorderly_transition,p30,1.0,1.5,True
seed_007_Italy_severe_disorderly_transition_p30_ibx1_0_shockx1_5_no_liquidity_uniform_sector_distribution,seed_007,Italy,severe_disorderly_transition,p30,1.0,1.5,True
seed_007_Italy_acute_physical_risk_p30_ibx1_0_shockx1_5_no_liquidity_uniform_sector_distribution,seed_007,Italy,acute_physical_risk,p30,1.0,1.5,True
seed_007_Italy_combined_transition_physical_p30_ibx1_0_shockx1_5_no_liquidity_uniform_sector_distribution,seed_007,Italy,combined_transition_physical,p30,1.0,1.5,True
seed_007_Spain_orderly_transition_p30_ibx1_0_shockx1_5_no_liquidity_uniform_sector_distribution,seed_007,Spain,orderly_transition,p30,1.0,1.5,True
seed_007_Spain_disorderly_transition_p30_ibx1_0_shockx1_5_no_liquidity_uniform_sector_distribution,seed_007,Spain,disorderly_transition,p30,1.0,1.5,True
seed_007_Spain_severe_disorderly_transition_p30_ibx1_0_shockx1_5_no_liquidity_uniform_sector_distribution,seed_007,Spain,severe_disorderly_transition,p30,1.0,1.5,True
seed_007_Spain_acute_physical_risk_p30_ibx1_0_shockx1_5_no_liquidity_uniform_sector_distribution,seed_007,Spain,acute_physical_risk,p30,1.0,1.5,True
seed_007_Spain_combined_transition_physical_p30_ibx1_0_shockx1_5_no_liquidity_uniform_sector_distribution,seed_007,Spain,combined_transition_physical,p30,1.0,1.5,True
seed_007_Ukraine_orderly_transition_p30_ibx1_0_shockx1_5_no_liquidity_uniform_sector_distribution,seed_007,Ukraine,orderly_transition,p30,1.0,1.5,True
seed_007_Ukraine_disorderly_transition_p30_ibx1_0_shockx1_5_no_liquidity_uniform_sector_distribution,seed_007,Ukraine,disorderly_transition,p30,1.0,1.5,True
seed_007_Ukraine_severe_disorderly_transition_p30_ibx1_0_shockx1_5_no_liquidity_uniform_sector_distribution,seed_007,Ukraine,severe_disorderly_transition,p30,1.0,1.5,True
seed_007_Ukraine_acute_physical_risk_p30_ibx1_0_shockx1_5_no_liquidity_uniform_sector_distribution,seed_007,Ukraine,acute_physical_risk,p30,1.0,1.5,True
seed_007_Ukraine_combined_transition_physical_p30_ibx1_0_shockx1_5_no_liquidity_uniform_sector_distribution,seed_007,Ukraine,combined_transition_physical,p30,1.0,1.5,True
seed_007_United_States_of_America_orderly_transition_p30_ibx1_0_shockx1_5_no_liquidity_uniform_sector_distribution,seed_007,United States of America,orderly_transition,p30,1.0,1.5,True
seed_007_United_States_of_America_disorderly_transition_p30_ibx1_0_shockx1_5_no_liquidity_uniform_sector_distribution,seed_007,United States of America,disorderly_transition,p30,1.0,1.5,True
seed_007_United_States_of_America_severe_disorderly_transition_p30_ibx1_0_shockx1_5_no_liquidity_uniform_sector_distribution,seed_007,United States of America,severe_disorderly_transition,p30,1.0,1.5,True
seed_007_United_States_of_America_acute_physical_risk_p30_ibx1_0_shockx1_5_no_liquidity_uniform_sector_distribution,seed_007,United States of America,acute_physical_risk,p30,1.0,1.5,True
seed_007_United_States_of_America_combined_transition_physical_p30_ibx1_0_shockx1_5_no_liquidity_uniform_sector_distribution,seed_007,United States of America,combined_transition_physical,p30,1.0,1.5,True
seed_009_Brazil_orderly_transition_p30_ibx1_0_shockx0_75_no_liquidity_uniform_sector_distribution,seed_009,Brazil,orderly_transition,p30,1.0,0.75,True
seed_009_Brazil_disorderly_transition_p30_ibx1_0_shockx0_75_no_liquidity_uniform_sector_distribution,seed_009,Brazil,disorderly_transition,p30,1.0,0.75,True
seed_009_Brazil_severe_disorderly_transition_p30_ibx1_0_shockx0_75_no_liquidity_uniform_sector_distribution,seed_009,Brazil,severe_disorderly_transition,p30,1.0,0.75,True
seed_009_Brazil_acute_physical_risk_p30_ibx1_0_shockx0_75_no_liquidity_uniform_sector_distribution,seed_009,Brazil,acute_physical_risk,p30,1.0,0.75,True
seed_009_Brazil_combined_transition_physical_p30_ibx1_0_shockx0_75_no_liquidity_uniform_sector_distribution,seed_009,Brazil,combined_transition_physical,p30,1.0,0.75,True
seed_009_Germany_orderly_transition_p30_ibx1_0_shockx0_75_no_liquidity_uniform_sector_distribution,seed_009,Germany,orderly_transition,p30,1.0,0.75,True
seed_009_Germany_disorderly_transition_p30_ibx1_0_shockx0_75_no_liquidity_uniform_sector_distribution,seed_009,Germany,disorderly_transition,p30,1.0,0.75,True
seed_009_Germany_severe_disorderly_transition_p30_ibx1_0_shockx0_75_no_liquidity_uniform_sector_distribution,seed_009,Germany,severe_disorderly_transition,p30,1.0,0.75,True
seed_009_Germany_acute_physical_risk_p30_ibx1_0_shockx0_75_no_liquidity_uniform_sector_distribution,seed_009,Germany,acute_physical_risk,p30,1.0,0.75,True
seed_009_Germany_combined_transition_physical_p30_ibx1_0_shockx0_75_no_liquidity_uniform_sector_distribution,seed_009,Germany,combined_transition_physical,p30,1.0,0.75,True
seed_009_Italy_orderly_transition_p30_ibx1_0_shockx0_75_no_liquidity_uniform_sector_distribution,seed_009,Italy,orderly_transition,p30,1.0,0.75,True
seed_009_Italy_disorderly_transition_p30_ibx1_0_shockx0_75_no_liquidity_uniform_sector_distribution,seed_009,Italy,disorderly_transition,p30,1.0,0.75,True
seed_009_Italy_severe_disorderly_transition_p30_ibx1_0_shockx0_75_no_liquidity_uniform_sector_distribution,seed_009,Italy,severe_disorderly_transition,p30,1.0,0.75,True
seed_009_Italy_acute_physical_risk_p30_ibx1_0_shockx0_75_no_liquidity_uniform_sector_distribution,seed_009,Italy,acute_physical_risk,p30,1.0,0.75,True
seed_009_Italy_combined_transition_physical_p30_ibx1_0_shockx0_75_no_liquidity_uniform_sector_distribution,seed_009,Italy,combined_transition_physical,p30,1.0,0.75,True
seed_009_Spain_orderly_transition_p30_ibx1_0_shockx0_75_no_liquidity_uniform_sector_distribution,seed_009,Spain,orderly_transition,p30,1.0,0.75,True
seed_009_Spain_disorderly_transition_p30_ibx1_0_shockx0_75_no_liquidity_uniform_sector_distribution,seed_009,Spain,disorderly_transition,p30,1.0,0.75,True
seed_009_Spain_severe_disorderly_transition_p30_ibx1_0_shockx0_75_no_liquidity_uniform_sector_distribution,seed_009,Spain,severe_disorderly_transition,p30,1.0,0.75,True
seed_009_Spain_acute_physical_risk_p30_ibx1_0_shockx0_75_no_liquidity_uniform_sector_distribution,seed_009,Spain,acute_physical_risk,p30,1.0,0.75,True
seed_009_Spain_combined_transition_physical_p30_ibx1_0_shockx0_75_no_liquidity_uniform_sector_distribution,seed_009,Spain,combined_transition_physical,p30,1.0,0.75,True
seed_009_Ukraine_orderly_transition_p30_ibx1_0_shockx0_75_no_liquidity_uniform_sector_distribution,seed_009,Ukraine,orderly_transition,p30,1.0,0.75,True
seed_009_Ukraine_disorderly_transition_p30_ibx1_0_shockx0_75_no_liquidity_uniform_sector_distribution,seed_009,Ukraine,disorderly_transition,p30,1.0,0.75,True
seed_009_Ukraine_severe_disorderly_transition_p30_ibx1_0_shockx0_75_no_liquidity_uniform_sector_distribution,seed_009,Ukraine,severe_disorderly_transition,p30,1.0,0.75,True
seed_009_Ukraine_acute_physical_risk_p30_ibx1_0_shockx0_75_no_liquidity_uniform_sector_distribution,seed_009,Ukraine,acute_physical_risk,p30,1.0,0.75,True
seed_009_Ukraine_combined_transition_physical_p30_ibx1_0_shockx0_75_no_liquidity_uniform_sector_distribution,seed_009,Ukraine,combined_transition_physical,p30,1.0,0.75,True
seed_009_United_States_of_America_orderly_transition_p30_ibx1_0_shockx0_75_no_liquidity_uniform_sector_distribution,seed_009,United States of America,orderly_transition,p30,1.0,0.75,True
seed_009_United_States_of_America_disorderly_transition_p30_ibx1_0_shockx0_75_no_liquidity_uniform_sector_distribution,seed_009,United States of America,disorderly_transition,p30,1.0,0.75,True
seed_009_United_States_of_America_severe_disorderly_transition_p30_ibx1_0_shockx0_75_no_liquidity_uniform_sector_distribution,seed_009,United States of America,severe_disorderly_transition,p30,1.0,0.75,True
seed_009_United_States_of_America_acute_physical_risk_p30_ibx1_0_shockx0_75_no_liquidity_uniform_sector_distribution,seed_009,United States of America,acute_physical_risk,p30,1.0,0.75,True
seed_009_United_States_of_America_combined_transition_physical_p30_ibx1_0_shockx0_75_no_liquidity_uniform_sector_distribution,seed_009,United States of America,combined_transition_physical,p30,1.0,0.75,True
seed_009_Brazil_orderly_transition_p30_ibx1_0_shockx1_0_no_liquidity_uniform_sector_distribution,seed_009,Brazil,orderly_transition,p30,1.0,1.0,True
seed_009_Brazil_disorderly_transition_p30_ibx1_0_shockx1_0_no_liquidity_uniform_sector_distribution,seed_009,Brazil,disorderly_transition,p30,1.0,1.0,True
seed_009_Brazil_severe_disorderly_transition_p30_ibx1_0_shockx1_0_no_liquidity_uniform_sector_distribution,seed_009,Brazil,severe_disorderly_transition,p30,1.0,1.0,True
seed_009_Brazil_acute_physical_risk_p30_ibx1_0_shockx1_0_no_liquidity_uniform_sector_distribution,seed_009,Brazil,acute_physical_risk,p30,1.0,1.0,True
seed_009_Brazil_combined_transition_physical_p30_ibx1_0_shockx1_0_no_liquidity_uniform_sector_distribution,seed_009,Brazil,combined_transition_physical,p30,1.0,1.0,True
seed_009_Germany_orderly_transition_p30_ibx1_0_shockx1_0_no_liquidity_uniform_sector_distribution,seed_009,Germany,orderly_transition,p30,1.0,1.0,True
seed_009_Germany_disorderly_transition_p30_ibx1_0_shockx1_0_no_liquidity_uniform_sector_distribution,seed_009,Germany,disorderly_transition,p30,1.0,1.0,True
seed_009_Germany_severe_disorderly_transition_p30_ibx1_0_shockx1_0_no_liquidity_uniform_sector_distribution,seed_009,Germany,severe_disorderly_transition,p30,1.0,1.0,True
seed_009_Germany_acute_physical_risk_p30_ibx1_0_shockx1_0_no_liquidity_uniform_sector_distribution,seed_009,Germany,acute_physical_risk,p30,1.0,1.0,True
seed_009_Germany_combined_transition_physical_p30_ibx1_0_shockx1_0_no_liquidity_uniform_sector_distribution,seed_009,Germany,combined_transition_physical,p30,1.0,1.0,True
seed_009_Italy_orderly_transition_p30_ibx1_0_shockx1_0_no_liquidity_uniform_sector_distribution,seed_009,Italy,orderly_transition,p30,1.0,1.0,True
seed_009_Italy_disorderly_transition_p30_ibx1_0_shockx1_0_no_liquidity_uniform_sector_distribution,seed_009,Italy,disorderly_transition,p30,1.0,1.0,True
seed_009_Italy_severe_disorderly_transition_p30_ibx1_0_shockx1_0_no_liquidity_uniform_sector_distribution,seed_009,Italy,severe_disorderly_transition,p30,1.0,1.0,True
seed_009_Italy_acute_physical_risk_p30_ibx1_0_shockx1_0_no_liquidity_uniform_sector_distribution,seed_009,Italy,acute_physical_risk,p30,1.0,1.0,True
seed_009_Italy_combined_transition_physical_p30_ibx1_0_shockx1_0_no_liquidity_uniform_sector_distribution,seed_009,Italy,combined_transition_physical,p30,1.0,1.0,True
seed_009_Spain_orderly_transition_p30_ibx1_0_shockx1_0_no_liquidity_uniform_sector_distribution,seed_009,Spain,orderly_transition,p30,1.0,1.0,True
seed_009_Spain_disorderly_transition_p30_ibx1_0_shockx1_0_no_liquidity_uniform_sector_distribution,seed_009,Spain,disorderly_transition,p30,1.0,1.0,True
seed_009_Spain_severe_disorderly_transition_p30_ibx1_0_shockx1_0_no_liquidity_uniform_sector_distribution,seed_009,Spain,severe_disorderly_transition,p30,1.0,1.0,True
seed_009_Spain_acute_physical_risk_p30_ibx1_0_shockx1_0_no_liquidity_uniform_sector_distribution,seed_009,Spain,acute_physical_risk,p30,1.0,1.0,True
seed_009_Spain_combined_transition_physical_p30_ibx1_0_shockx1_0_no_liquidity_uniform_sector_distribution,seed_009,Spain,combined_transition_physical,p30,1.0,1.0,True
seed_009_Ukraine_orderly_transition_p30_ibx1_0_shockx1_0_no_liquidity_uniform_sector_distribution,seed_009,Ukraine,orderly_transition,p30,1.0,1.0,True
seed_009_Ukraine_disorderly_transition_p30_ibx1_0_shockx1_0_no_liquidity_uniform_sector_distribution,seed_009,Ukraine,disorderly_transition,p30,1.0,1.0,True
seed_009_Ukraine_severe_disorderly_transition_p30_ibx1_0_shockx1_0_no_liquidity_uniform_sector_distribution,seed_009,Ukraine,severe_disorderly_transition,p30,1.0,1.0,True
seed_009_Ukraine_acute_physical_risk_p30_ibx1_0_shockx1_0_no_liquidity_uniform_sector_distribution,seed_009,Ukraine,acute_physical_risk,p30,1.0,1.0,True
seed_009_Ukraine_combined_transition_physical_p30_ibx1_0_shockx1_0_no_liquidity_uniform_sector_distribution,seed_009,Ukraine,combined_transition_physical,p30,1.0,1.0,True
seed_009_United_States_of_America_orderly_transition_p30_ibx1_0_shockx1_0_no_liquidity_uniform_sector_distribution,seed_009,United States of America,orderly_transition,p30,1.0,1.0,True
seed_009_United_States_of_America_disorderly_transition_p30_ibx1_0_shockx1_0_no_liquidity_uniform_sector_distribution,seed_009,United States of America,disorderly_transition,p30,1.0,1.0,True
seed_009_United_States_of_America_severe_disorderly_transition_p30_ibx1_0_shockx1_0_no_liquidity_uniform_sector_distribution,seed_009,United States of America,severe_disorderly_transition,p30,1.0,1.0,True
seed_009_United_States_of_America_acute_physical_risk_p30_ibx1_0_shockx1_0_no_liquidity_uniform_sector_distribution,seed_009,United States of America,acute_physical_risk,p30,1.0,1.0,True
seed_009_United_States_of_America_combined_transition_physical_p30_ibx1_0_shockx1_0_no_liquidity_uniform_sector_distribution,seed_009,United States of America,combined_transition_physical,p30,1.0,1.0,True
seed_009_Brazil_orderly_transition_p30_ibx1_0_shockx1_25_no_liquidity_uniform_sector_distribution,seed_009,Brazil,orderly_transition,p30,1.0,1.25,True
seed_009_Brazil_disorderly_transition_p30_ibx1_0_shockx1_25_no_liquidity_uniform_sector_distribution,seed_009,Brazil,disorderly_transition,p30,1.0,1.25,True
seed_009_Brazil_severe_disorderly_transition_p30_ibx1_0_shockx1_25_no_liquidity_uniform_sector_distribution,seed_009,Brazil,severe_disorderly_transition,p30,1.0,1.25,True
seed_009_Brazil_acute_physical_risk_p30_ibx1_0_shockx1_25_no_liquidity_uniform_sector_distribution,seed_009,Brazil,acute_physical_risk,p30,1.0,1.25,True
seed_009_Brazil_combined_transition_physical_p30_ibx1_0_shockx1_25_no_liquidity_uniform_sector_distribution,seed_009,Brazil,combined_transition_physical,p30,1.0,1.25,True
seed_009_Germany_orderly_transition_p30_ibx1_0_shockx1_25_no_liquidity_uniform_sector_distribution,seed_009,Germany,orderly_transition,p30,1.0,1.25,True
seed_009_Germany_disorderly_transition_p30_ibx1_0_shockx1_25_no_liquidity_uniform_sector_distribution,seed_009,Germany,disorderly_transition,p30,1.0,1.25,True
seed_009_Germany_severe_disorderly_transition_p30_ibx1_0_shockx1_25_no_liquidity_uniform_sector_distribution,seed_009,Germany,severe_disorderly_transition,p30,1.0,1.25,True
seed_009_Germany_acute_physical_risk_p30_ibx1_0_shockx1_25_no_liquidity_uniform_sector_distribution,seed_009,Germany,acute_physical_risk,p30,1.0,1.25,True
seed_009_Germany_combined_transition_physical_p30_ibx1_0_shockx1_25_no_liquidity_uniform_sector_distribution,seed_009,Germany,combined_transition_physical,p30,1.0,1.25,True
seed_009_Italy_orderly_transition_p30_ibx1_0_shockx1_25_no_liquidity_uniform_sector_distribution,seed_009,Italy,orderly_transition,p30,1.0,1.25,True
seed_009_Italy_disorderly_transition_p30_ibx1_0_shockx1_25_no_liquidity_uniform_sector_distribution,seed_009,Italy,disorderly_transition,p30,1.0,1.25,True
seed_009_Italy_severe_disorderly_transition_p30_ibx1_0_shockx1_25_no_liquidity_uniform_sector_distribution,seed_009,Italy,severe_disorderly_transition,p30,1.0,1.25,True
seed_009_Italy_acute_physical_risk_p30_ibx1_0_shockx1_25_no_liquidity_uniform_sector_distribution,seed_009,Italy,acute_physical_risk,p30,1.0,1.25,True
seed_009_Italy_combined_transition_physical_p30_ibx1_0_shockx1_25_no_liquidity_uniform_sector_distribution,seed_009,Italy,combined_transition_physical,p30,1.0,1.25,True
seed_009_Spain_orderly_transition_p30_ibx1_0_shockx1_25_no_liquidity_uniform_sector_distribution,seed_009,Spain,orderly_transition,p30,1.0,1.25,True
seed_009_Spain_disorderly_transition_p30_ibx1_0_shockx1_25_no_liquidity_uniform_sector_distribution,seed_009,Spain,disorderly_transition,p30,1.0,1.25,True
seed_009_Spain_severe_disorderly_transition_p30_ibx1_0_shockx1_25_no_liquidity_uniform_sector_distribution,seed_009,Spain,severe_disorderly_transition,p30,1.0,1.25,True
seed_009_Spain_acute_physical_risk_p30_ibx1_0_shockx1_25_no_liquidity_uniform_sector_distribution,seed_009,Spain,acute_physical_risk,p30,1.0,1.25,True
seed_009_Spain_combined_transition_physical_p30_ibx1_0_shockx1_25_no_liquidity_uniform_sector_distribution,seed_009,Spain,combined_transition_physical,p30,1.0,1.25,True
seed_009_Ukraine_orderly_transition_p30_ibx1_0_shockx1_25_no_liquidity_uniform_sector_distribution,seed_009,Ukraine,orderly_transition,p30,1.0,1.25,True
seed_009_Ukraine_disorderly_transition_p30_ibx1_0_shockx1_25_no_liquidity_uniform_sector_distribution,seed_009,Ukraine,disorderly_transition,p30,1.0,1.25,True
seed_009_Ukraine_severe_disorderly_transition_p30_ibx1_0_shockx1_25_no_liquidity_uniform_sector_distribution,seed_009,Ukraine,severe_disorderly_transition,p30,1.0,1.25,True
seed_009_Ukraine_acute_physical_risk_p30_ibx1_0_shockx1_25_no_liquidity_uniform_sector_distribution,seed_009,Ukraine,acute_physical_risk,p30,1.0,1.25,True
seed_009_Ukraine_combined_transition_physical_p30_ibx1_0_shockx1_25_no_liquidity_uniform_sector_distribution,seed_009,Ukraine,combined_transition_physical,p30,1.0,1.25,True
seed_009_United_States_of_America_orderly_transition_p30_ibx1_0_shockx1_25_no_liquidity_uniform_sector_distribution,seed_009,United States of America,orderly_transition,p30,1.0,1.25,True
seed_009_United_States_of_America_disorderly_transition_p30_ibx1_0_shockx1_25_no_liquidity_uniform_sector_distribution,seed_009,United States of America,disorderly_transition,p30,1.0,1.25,True
seed_009_United_States_of_America_severe_disorderly_transition_p30_ibx1_0_shockx1_25_no_liquidity_uniform_sector_distribution,seed_009,United States of America,severe_disorderly_transition,p30,1.0,1.25,True
seed_009_United_States_of_America_acute_physical_risk_p30_ibx1_0_shockx1_25_no_liquidity_uniform_sector_distribution,seed_009,United States of America,acute_physical_risk,p30,1.0,1.25,True
seed_009_United_States_of_America_combined_transition_physical_p30_ibx1_0_shockx1_25_no_liquidity_uniform_sector_distribution,seed_009,United States of America,combined_transition_physical,p30,1.0,1.25,True
seed_009_Brazil_orderly_transition_p30_ibx1_0_shockx1_5_no_liquidity_uniform_sector_distribution,seed_009,Brazil,orderly_transition,p30,1.0,1.5,True
seed_009_Brazil_disorderly_transition_p30_ibx1_0_shockx1_5_no_liquidity_uniform_sector_distribution,seed_009,Brazil,disorderly_transition,p30,1.0,1.5,True
seed_009_Brazil_severe_disorderly_transition_p30_ibx1_0_shockx1_5_no_liquidity_uniform_sector_distribution,seed_009,Brazil,severe_disorderly_transition,p30,1.0,1.5,True
seed_009_Brazil_acute_physical_risk_p30_ibx1_0_shockx1_5_no_liquidity_uniform_sector_distribution,seed_009,Brazil,acute_physical_risk,p30,1.0,1.5,True
seed_009_Brazil_combined_transition_physical_p30_ibx1_0_shockx1_5_no_liquidity_uniform_sector_distribution,seed_009,Brazil,combined_transition_physical,p30,1.0,1.5,True
seed_009_Germany_orderly_transition_p30_ibx1_0_shockx1_5_no_liquidity_uniform_sector_distribution,seed_009,Germany,orderly_transition,p30,1.0,1.5,True
seed_009_Germany_disorderly_transition_p30_ibx1_0_shockx1_5_no_liquidity_uniform_sector_distribution,seed_009,Germany,disorderly_transition,p30,1.0,1.5,True
seed_009_Germany_severe_disorderly_transition_p30_ibx1_0_shockx1_5_no_liquidity_uniform_sector_distribution,seed_009,Germany,severe_disorderly_transition,p30,1.0,1.5,True
seed_009_Germany_acute_physical_risk_p30_ibx1_0_shockx1_5_no_liquidity_uniform_sector_distribution,seed_009,Germany,acute_physical_risk,p30,1.0,1.5,True
seed_009_Germany_combined_transition_physical_p30_ibx1_0_shockx1_5_no_liquidity_uniform_sector_distribution,seed_009,Germany,combined_transition_physical,p30,1.0,1.5,True
seed_009_Italy_orderly_transition_p30_ibx1_0_shockx1_5_no_liquidity_uniform_sector_distribution,seed_009,Italy,orderly_transition,p30,1.0,1.5,True
seed_009_Italy_disorderly_transition_p30_ibx1_0_shockx1_5_no_liquidity_uniform_sector_distribution,seed_009,Italy,disorderly_transition,p30,1.0,1.5,True
seed_009_Italy_severe_disorderly_transition_p30_ibx1_0_shockx1_5_no_liquidity_uniform_sector_distribution,seed_009,Italy,severe_disorderly_transition,p30,1.0,1.5,True
seed_009_Italy_acute_physical_risk_p30_ibx1_0_shockx1_5_no_liquidity_uniform_sector_distribution,seed_009,Italy,acute_physical_risk,p30,1.0,1.5,True
seed_009_Italy_combined_transition_physical_p30_ibx1_0_shockx1_5_no_liquidity_uniform_sector_distribution,seed_009,Italy,combined_transition_physical,p30,1.0,1.5,True
seed_009_Spain_orderly_transition_p30_ibx1_0_shockx1_5_no_liquidity_uniform_sector_distribution,seed_009,Spain,orderly_transition,p30,1.0,1.5,True
seed_009_Spain_disorderly_transition_p30_ibx1_0_shockx1_5_no_liquidity_uniform_sector_distribution,seed_009,Spain,disorderly_transition,p30,1.0,1.5,True
seed_009_Spain_severe_disorderly_transition_p30_ibx1_0_shockx1_5_no_liquidity_uniform_sector_distribution,seed_009,Spain,severe_disorderly_transition,p30,1.0,1.5,True
seed_009_Spain_acute_physical_risk_p30_ibx1_0_shockx1_5_no_liquidity_uniform_sector_distribution,seed_009,Spain,acute_physical_risk,p30,1.0,1.5,True
seed_009_Spain_combined_transition_physical_p30_ibx1_0_shockx1_5_no_liquidity_uniform_sector_distribution,seed_009,Spain,combined_transition_physical,p30,1.0,1.5,True
seed_009_Ukraine_orderly_transition_p30_ibx1_0_shockx1_5_no_liquidity_uniform_sector_distribution,seed_009,Ukraine,orderly_transition,p30,1.0,1.5,True
seed_009_Ukraine_disorderly_transition_p30_ibx1_0_shockx1_5_no_liquidity_uniform_sector_distribution,seed_009,Ukraine,disorderly_transition,p30,1.0,1.5,True
seed_009_Ukraine_severe_disorderly_transition_p30_ibx1_0_shockx1_5_no_liquidity_uniform_sector_distribution,seed_009,Ukraine,severe_disorderly_transition,p30,1.0,1.5,True
seed_009_Ukraine_acute_physical_risk_p30_ibx1_0_shockx1_5_no_liquidity_uniform_sector_distribution,seed_009,Ukraine,acute_physical_risk,p30,1.0,1.5,True
seed_009_Ukraine_combined_transition_physical_p30_ibx1_0_shockx1_5_no_liquidity_uniform_sector_distribution,seed_009,Ukraine,combined_transition_physical,p30,1.0,1.5,True
seed_009_United_States_of_America_orderly_transition_p30_ibx1_0_shockx1_5_no_liquidity_uniform_sector_distribution,seed_009,United States of America,orderly_transition,p30,1.0,1.5,True
seed_009_United_States_of_America_disorderly_transition_p30_ibx1_0_shockx1_5_no_liquidity_uniform_sector_distribution,seed_009,United States of America,disorderly_transition,p30,1.0,1.5,True
seed_009_United_States_of_America_severe_disorderly_transition_p30_ibx1_0_shockx1_5_no_liquidity_uniform_sector_distribution,seed_009,United States of America,severe_disorderly_transition,p30,1.0,1.5,True
seed_009_United_States_of_America_acute_physical_risk_p30_ibx1_0_shockx1_5_no_liquidity_uniform_sector_distribution,seed_009,United States of America,acute_physical_risk,p30,1.0,1.5,True
seed_009_United_States_of_America_combined_transition_physical_p30_ibx1_0_shockx1_5_no_liquidity_uniform_sector_distribution,seed_009,United States of America,combined_transition_physical,p30,1.0,1.5,True
seed_010_Brazil_orderly_transition_p30_ibx1_0_shockx0_75_no_liquidity_uniform_sector_distribution,seed_010,Brazil,orderly_transition,p30,1.0,0.75,True
seed_010_Brazil_disorderly_transition_p30_ibx1_0_shockx0_75_no_liquidity_uniform_sector_distribution,seed_010,Brazil,disorderly_transition,p30,1.0,0.75,True
seed_010_Brazil_severe_disorderly_transition_p30_ibx1_0_shockx0_75_no_liquidity_uniform_sector_distribution,seed_010,Brazil,severe_disorderly_transition,p30,1.0,0.75,True
seed_010_Brazil_acute_physical_risk_p30_ibx1_0_shockx0_75_no_liquidity_uniform_sector_distribution,seed_010,Brazil,acute_physical_risk,p30,1.0,0.75,True
seed_010_Brazil_combined_transition_physical_p30_ibx1_0_shockx0_75_no_liquidity_uniform_sector_distribution,seed_010,Brazil,combined_transition_physical,p30,1.0,0.75,True
seed_010_Germany_orderly_transition_p30_ibx1_0_shockx0_75_no_liquidity_uniform_sector_distribution,seed_010,Germany,orderly_transition,p30,1.0,0.75,True
seed_010_Germany_disorderly_transition_p30_ibx1_0_shockx0_75_no_liquidity_uniform_sector_distribution,seed_010,Germany,disorderly_transition,p30,1.0,0.75,True
seed_010_Germany_severe_disorderly_transition_p30_ibx1_0_shockx0_75_no_liquidity_uniform_sector_distribution,seed_010,Germany,severe_disorderly_transition,p30,1.0,0.75,True
seed_010_Germany_acute_physical_risk_p30_ibx1_0_shockx0_75_no_liquidity_uniform_sector_distribution,seed_010,Germany,acute_physical_risk,p30,1.0,0.75,True
seed_010_Germany_combined_transition_physical_p30_ibx1_0_shockx0_75_no_liquidity_uniform_sector_distribution,seed_010,Germany,combined_transition_physical,p30,1.0,0.75,True
seed_010_Italy_orderly_transition_p30_ibx1_0_shockx0_75_no_liquidity_uniform_sector_distribution,seed_010,Italy,orderly_transition,p30,1.0,0.75,True
seed_010_Italy_disorderly_transition_p30_ibx1_0_shockx0_75_no_liquidity_uniform_sector_distribution,seed_010,Italy,disorderly_transition,p30,1.0,0.75,True
seed_010_Italy_severe_disorderly_transition_p30_ibx1_0_shockx0_75_no_liquidity_uniform_sector_distribution,seed_010,Italy,severe_disorderly_transition,p30,1.0,0.75,True
seed_010_Italy_acute_physical_risk_p30_ibx1_0_shockx0_75_no_liquidity_uniform_sector_distribution,seed_010,Italy,acute_physical_risk,p30,1.0,0.75,True
seed_010_Italy_combined_transition_physical_p30_ibx1_0_shockx0_75_no_liquidity_uniform_sector_distribution,seed_010,Italy,combined_transition_physical,p30,1.0,0.75,True
seed_010_Spain_orderly_transition_p30_ibx1_0_shockx0_75_no_liquidity_uniform_sector_distribution,seed_010,Spain,orderly_transition,p30,1.0,0.75,True
seed_010_Spain_disorderly_transition_p30_ibx1_0_shockx0_75_no_liquidity_uniform_sector_distribution,seed_010,Spain,disorderly_transition,p30,1.0,0.75,True
seed_010_Spain_severe_disorderly_transition_p30_ibx1_0_shockx0_75_no_liquidity_uniform_sector_distribution,seed_010,Spain,severe_disorderly_transition,p30,1.0,0.75,True
seed_010_Spain_acute_physical_risk_p30_ibx1_0_shockx0_75_no_liquidity_uniform_sector_distribution,seed_010,Spain,acute_physical_risk,p30,1.0,0.75,True
seed_010_Spain_combined_transition_physical_p30_ibx1_0_shockx0_75_no_liquidity_uniform_sector_distribution,seed_010,Spain,combined_transition_physical,p30,1.0,0.75,True
seed_010_Ukraine_orderly_transition_p30_ibx1_0_shockx0_75_no_liquidity_uniform_sector_distribution,seed_010,Ukraine,orderly_transition,p30,1.0,0.75,True
seed_010_Ukraine_disorderly_transition_p30_ibx1_0_shockx0_75_no_liquidity_uniform_sector_distribution,seed_010,Ukraine,disorderly_transition,p30,1.0,0.75,True
seed_010_Ukraine_severe_disorderly_transition_p30_ibx1_0_shockx0_75_no_liquidity_uniform_sector_distribution,seed_010,Ukraine,severe_disorderly_transition,p30,1.0,0.75,True
seed_010_Ukraine_acute_physical_risk_p30_ibx1_0_shockx0_75_no_liquidity_uniform_sector_distribution,seed_010,Ukraine,acute_physical_risk,p30,1.0,0.75,True
seed_010_Ukraine_combined_transition_physical_p30_ibx1_0_shockx0_75_no_liquidity_uniform_sector_distribution,seed_010,Ukraine,combined_transition_physical,p30,1.0,0.75,True
seed_010_United_States_of_America_orderly_transition_p30_ibx1_0_shockx0_75_no_liquidity_uniform_sector_distribution,seed_010,United States of America,orderly_transition,p30,1.0,0.75,True
seed_010_United_States_of_America_disorderly_transition_p30_ibx1_0_shockx0_75_no_liquidity_uniform_sector_distribution,seed_010,United States of America,disorderly_transition,p30,1.0,0.75,True
seed_010_United_States_of_America_severe_disorderly_transition_p30_ibx1_0_shockx0_75_no_liquidity_uniform_sector_distribution,seed_010,United States of America,severe_disorderly_transition,p30,1.0,0.75,True
seed_010_United_States_of_America_acute_physical_risk_p30_ibx1_0_shockx0_75_no_liquidity_uniform_sector_distribution,seed_010,United States of America,acute_physical_risk,p30,1.0,0.75,True
seed_010_United_States_of_America_combined_transition_physical_p30_ibx1_0_shockx0_75_no_liquidity_uniform_sector_distribution,seed_010,United States of America,combined_transition_physical,p30,1.0,0.75,True
seed_010_Brazil_orderly_transition_p30_ibx1_0_shockx1_0_no_liquidity_uniform_sector_distribution,seed_010,Brazil,orderly_transition,p30,1.0,1.0,True
seed_010_Brazil_disorderly_transition_p30_ibx1_0_shockx1_0_no_liquidity_uniform_sector_distribution,seed_010,Brazil,disorderly_transition,p30,1.0,1.0,True
seed_010_Brazil_severe_disorderly_transition_p30_ibx1_0_shockx1_0_no_liquidity_uniform_sector_distribution,seed_010,Brazil,severe_disorderly_transition,p30,1.0,1.0,True
seed_010_Brazil_acute_physical_risk_p30_ibx1_0_shockx1_0_no_liquidity_uniform_sector_distribution,seed_010,Brazil,acute_physical_risk,p30,1.0,1.0,True
seed_010_Brazil_combined_transition_physical_p30_ibx1_0_shockx1_0_no_liquidity_uniform_sector_distribution,seed_010,Brazil,combined_transition_physical,p30,1.0,1.0,True
seed_010_Germany_orderly_transition_p30_ibx1_0_shockx1_0_no_liquidity_uniform_sector_distribution,seed_010,Germany,orderly_transition,p30,1.0,1.0,True
seed_010_Germany_disorderly_transition_p30_ibx1_0_shockx1_0_no_liquidity_uniform_sector_distribution,seed_010,Germany,disorderly_transition,p30,1.0,1.0,True
seed_010_Germany_severe_disorderly_transition_p30_ibx1_0_shockx1_0_no_liquidity_uniform_sector_distribution,seed_010,Germany,severe_disorderly_transition,p30,1.0,1.0,True
seed_010_Germany_acute_physical_risk_p30_ibx1_0_shockx1_0_no_liquidity_uniform_sector_distribution,seed_010,Germany,acute_physical_risk,p30,1.0,1.0,True
seed_010_Germany_combined_transition_physical_p30_ibx1_0_shockx1_0_no_liquidity_uniform_sector_distribution,seed_010,Germany,combined_transition_physical,p30,1.0,1.0,True
seed_010_Italy_orderly_transition_p30_ibx1_0_shockx1_0_no_liquidity_uniform_sector_distribution,seed_010,Italy,orderly_transition,p30,1.0,1.0,True
seed_010_Italy_disorderly_transition_p30_ibx1_0_shockx1_0_no_liquidity_uniform_sector_distribution,seed_010,Italy,disorderly_transition,p30,1.0,1.0,True
seed_010_Italy_severe_disorderly_transition_p30_ibx1_0_shockx1_0_no_liquidity_uniform_sector_distribution,seed_010,Italy,severe_disorderly_transition,p30,1.0,1.0,True
seed_010_Italy_acute_physical_risk_p30_ibx1_0_shockx1_0_no_liquidity_uniform_sector_distribution,seed_010,Italy,acute_physical_risk,p30,1.0,1.0,True
seed_010_Italy_combined_transition_physical_p30_ibx1_0_shockx1_0_no_liquidity_uniform_sector_distribution,seed_010,Italy,combined_transition_physical,p30,1.0,1.0,True
seed_010_Spain_orderly_transition_p30_ibx1_0_shockx1_0_no_liquidity_uniform_sector_distribution,seed_010,Spain,orderly_transition,p30,1.0,1.0,True
seed_010_Spain_disorderly_transition_p30_ibx1_0_shockx1_0_no_liquidity_uniform_sector_distribution,seed_010,Spain,disorderly_transition,p30,1.0,1.0,True
seed_010_Spain_severe_disorderly_transition_p30_ibx1_0_shockx1_0_no_liquidity_uniform_sector_distribution,seed_010,Spain,severe_disorderly_transition,p30,1.0,1.0,True
seed_010_Spain_acute_physical_risk_p30_ibx1_0_shockx1_0_no_liquidity_uniform_sector_distribution,seed_010,Spain,acute_physical_risk,p30,1.0,1.0,True
seed_010_Spain_combined_transition_physical_p30_ibx1_0_shockx1_0_no_liquidity_uniform_sector_distribution,seed_010,Spain,combined_transition_physical,p30,1.0,1.0,True
seed_010_Ukraine_orderly_transition_p30_ibx1_0_shockx1_0_no_liquidity_uniform_sector_distribution,seed_010,Ukraine,orderly_transition,p30,1.0,1.0,True
seed_010_Ukraine_disorderly_transition_p30_ibx1_0_shockx1_0_no_liquidity_uniform_sector_distribution,seed_010,Ukraine,disorderly_transition,p30,1.0,1.0,True
seed_010_Ukraine_severe_disorderly_transition_p30_ibx1_0_shockx1_0_no_liquidity_uniform_sector_distribution,seed_010,Ukraine,severe_disorderly_transition,p30,1.0,1.0,True
seed_010_Ukraine_acute_physical_risk_p30_ibx1_0_shockx1_0_no_liquidity_uniform_sector_distribution,seed_010,Ukraine,acute_physical_risk,p30,1.0,1.0,True
seed_010_Ukraine_combined_transition_physical_p30_ibx1_0_shockx1_0_no_liquidity_uniform_sector_distribution,seed_010,Ukraine,combined_transition_physical,p30,1.0,1.0,True
seed_010_United_States_of_America_orderly_transition_p30_ibx1_0_shockx1_0_no_liquidity_uniform_sector_distribution,seed_010,United States of America,orderly_transition,p30,1.0,1.0,True
seed_010_United_States_of_America_disorderly_transition_p30_ibx1_0_shockx1_0_no_liquidity_uniform_sector_distribution,seed_010,United States of America,disorderly_transition,p30,1.0,1.0,True
seed_010_United_States_of_America_severe_disorderly_transition_p30_ibx1_0_shockx1_0_no_liquidity_uniform_sector_distribution,seed_010,United States of America,severe_disorderly_transition,p30,1.0,1.0,True
seed_010_United_States_of_America_acute_physical_risk_p30_ibx1_0_shockx1_0_no_liquidity_uniform_sector_distribution,seed_010,United States of America,acute_physical_risk,p30,1.0,1.0,True
seed_010_United_States_of_America_combined_transition_physical_p30_ibx1_0_shockx1_0_no_liquidity_uniform_sector_distribution,seed_010,United States of America,combined_transition_physical,p30,1.0,1.0,True
seed_010_Brazil_orderly_transition_p30_ibx1_0_shockx1_25_no_liquidity_uniform_sector_distribution,seed_010,Brazil,orderly_transition,p30,1.0,1.25,True
seed_010_Brazil_disorderly_transition_p30_ibx1_0_shockx1_25_no_liquidity_uniform_sector_distribution,seed_010,Brazil,disorderly_transition,p30,1.0,1.25,True
seed_010_Brazil_severe_disorderly_transition_p30_ibx1_0_shockx1_25_no_liquidity_uniform_sector_distribution,seed_010,Brazil,severe_disorderly_transition,p30,1.0,1.25,True
seed_010_Brazil_acute_physical_risk_p30_ibx1_0_shockx1_25_no_liquidity_uniform_sector_distribution,seed_010,Brazil,acute_physical_risk,p30,1.0,1.25,True
seed_010_Brazil_combined_transition_physical_p30_ibx1_0_shockx1_25_no_liquidity_uniform_sector_distribution,seed_010,Brazil,combined_transition_physical,p30,1.0,1.25,True
seed_010_Germany_orderly_transition_p30_ibx1_0_shockx1_25_no_liquidity_uniform_sector_distribution,seed_010,Germany,orderly_transition,p30,1.0,1.25,True
seed_010_Germany_disorderly_transition_p30_ibx1_0_shockx1_25_no_liquidity_uniform_sector_distribution,seed_010,Germany,disorderly_transition,p30,1.0,1.25,True
seed_010_Germany_severe_disorderly_transition_p30_ibx1_0_shockx1_25_no_liquidity_uniform_sector_distribution,seed_010,Germany,severe_disorderly_transition,p30,1.0,1.25,True
seed_010_Germany_acute_physical_risk_p30_ibx1_0_shockx1_25_no_liquidity_uniform_sector_distribution,seed_010,Germany,acute_physical_risk,p30,1.0,1.25,True
seed_010_Germany_combined_transition_physical_p30_ibx1_0_shockx1_25_no_liquidity_uniform_sector_distribution,seed_010,Germany,combined_transition_physical,p30,1.0,1.25,True
seed_010_Italy_orderly_transition_p30_ibx1_0_shockx1_25_no_liquidity_uniform_sector_distribution,seed_010,Italy,orderly_transition,p30,1.0,1.25,True
seed_010_Italy_disorderly_transition_p30_ibx1_0_shockx1_25_no_liquidity_uniform_sector_distribution,seed_010,Italy,disorderly_transition,p30,1.0,1.25,True
seed_010_Italy_severe_disorderly_transition_p30_ibx1_0_shockx1_25_no_liquidity_uniform_sector_distribution,seed_010,Italy,severe_disorderly_transition,p30,1.0,1.25,True
seed_010_Italy_acute_physical_risk_p30_ibx1_0_shockx1_25_no_liquidity_uniform_sector_distribution,seed_010,Italy,acute_physical_risk,p30,1.0,1.25,True
seed_010_Italy_combined_transition_physical_p30_ibx1_0_shockx1_25_no_liquidity_uniform_sector_distribution,seed_010,Italy,combined_transition_physical,p30,1.0,1.25,True
seed_010_Spain_orderly_transition_p30_ibx1_0_shockx1_25_no_liquidity_uniform_sector_distribution,seed_010,Spain,orderly_transition,p30,1.0,1.25,True
seed_010_Spain_disorderly_transition_p30_ibx1_0_shockx1_25_no_liquidity_uniform_sector_distribution,seed_010,Spain,disorderly_transition,p30,1.0,1.25,True
seed_010_Spain_severe_disorderly_transition_p30_ibx1_0_shockx1_25_no_liquidity_uniform_sector_distribution,seed_010,Spain,severe_disorderly_transition,p30,1.0,1.25,True
seed_010_Spain_acute_physical_risk_p30_ibx1_0_shockx1_25_no_liquidity_uniform_sector_distribution,seed_010,Spain,acute_physical_risk,p30,1.0,1.25,True
seed_010_Spain_combined_transition_physical_p30_ibx1_0_shockx1_25_no_liquidity_uniform_sector_distribution,seed_010,Spain,combined_transition_physical,p30,1.0,1.25,True
seed_010_Ukraine_orderly_transition_p30_ibx1_0_shockx1_25_no_liquidity_uniform_sector_distribution,seed_010,Ukraine,orderly_transition,p30,1.0,1.25,True
seed_010_Ukraine_disorderly_transition_p30_ibx1_0_shockx1_25_no_liquidity_uniform_sector_distribution,seed_010,Ukraine,disorderly_transition,p30,1.0,1.25,True
seed_010_Ukraine_severe_disorderly_transition_p30_ibx1_0_shockx1_25_no_liquidity_uniform_sector_distribution,seed_010,Ukraine,severe_disorderly_transition,p30,1.0,1.25,True
seed_010_Ukraine_acute_physical_risk_p30_ibx1_0_shockx1_25_no_liquidity_uniform_sector_distribution,seed_010,Ukraine,acute_physical_risk,p30,1.0,1.25,True
seed_010_Ukraine_combined_transition_physical_p30_ibx1_0_shockx1_25_no_liquidity_uniform_sector_distribution,seed_010,Ukraine,combined_transition_physical,p30,1.0,1.25,True
seed_010_United_States_of_America_orderly_transition_p30_ibx1_0_shockx1_25_no_liquidity_uniform_sector_distribution,seed_010,United States of America,orderly_transition,p30,1.0,1.25,True
seed_010_United_States_of_America_disorderly_transition_p30_ibx1_0_shockx1_25_no_liquidity_uniform_sector_distribution,seed_010,United States of America,disorderly_transition,p30,1.0,1.25,True
seed_010_United_States_of_America_severe_disorderly_transition_p30_ibx1_0_shockx1_25_no_liquidity_uniform_sector_distribution,seed_010,United States of America,severe_disorderly_transition,p30,1.0,1.25,True
seed_010_United_States_of_America_acute_physical_risk_p30_ibx1_0_shockx1_25_no_liquidity_uniform_sector_distribution,seed_010,United States of America,acute_physical_risk,p30,1.0,1.25,True
seed_010_United_States_of_America_combined_transition_physical_p30_ibx1_0_shockx1_25_no_liquidity_uniform_sector_distribution,seed_010,United States of America,combined_transition_physical,p30,1.0,1.25,True
seed_010_Brazil_orderly_transition_p30_ibx1_0_shockx1_5_no_liquidity_uniform_sector_distribution,seed_010,Brazil,orderly_transition,p30,1.0,1.5,True
seed_010_Brazil_disorderly_transition_p30_ibx1_0_shockx1_5_no_liquidity_uniform_sector_distribution,seed_010,Brazil,disorderly_transition,p30,1.0,1.5,True
seed_010_Brazil_severe_disorderly_transition_p30_ibx1_0_shockx1_5_no_liquidity_uniform_sector_distribution,seed_010,Brazil,severe_disorderly_transition,p30,1.0,1.5,True
seed_010_Brazil_acute_physical_risk_p30_ibx1_0_shockx1_5_no_liquidity_uniform_sector_distribution,seed_010,Brazil,acute_physical_risk,p30,1.0,1.5,True
seed_010_Brazil_combined_transition_physical_p30_ibx1_0_shockx1_5_no_liquidity_uniform_sector_distribution,seed_010,Brazil,combined_transition_physical,p30,1.0,1.5,True
seed_010_Germany_orderly_transition_p30_ibx1_0_shockx1_5_no_liquidity_uniform_sector_distribution,seed_010,Germany,orderly_transition,p30,1.0,1.5,True
seed_010_Germany_disorderly_transition_p30_ibx1_0_shockx1_5_no_liquidity_uniform_sector_distribution,seed_010,Germany,disorderly_transition,p30,1.0,1.5,True
seed_010_Germany_severe_disorderly_transition_p30_ibx1_0_shockx1_5_no_liquidity_uniform_sector_distribution,seed_010,Germany,severe_disorderly_transition,p30,1.0,1.5,True
seed_010_Germany_acute_physical_risk_p30_ibx1_0_shockx1_5_no_liquidity_uniform_sector_distribution,seed_010,Germany,acute_physical_risk,p30,1.0,1.5,True
seed_010_Germany_combined_transition_physical_p30_ibx1_0_shockx1_5_no_liquidity_uniform_sector_distribution,seed_010,Germany,combined_transition_physical,p30,1.0,1.5,True
seed_010_Italy_orderly_transition_p30_ibx1_0_shockx1_5_no_liquidity_uniform_sector_distribution,seed_010,Italy,orderly_transition,p30,1.0,1.5,True
seed_010_Italy_disorderly_transition_p30_ibx1_0_shockx1_5_no_liquidity_uniform_sector_distribution,seed_010,Italy,disorderly_transition,p30,1.0,1.5,True
seed_010_Italy_severe_disorderly_transition_p30_ibx1_0_shockx1_5_no_liquidity_uniform_sector_distribution,seed_010,Italy,severe_disorderly_transition,p30,1.0,1.5,True
seed_010_Italy_acute_physical_risk_p30_ibx1_0_shockx1_5_no_liquidity_uniform_sector_distribution,seed_010,Italy,acute_physical_risk,p30,1.0,1.5,True
seed_010_Italy_combined_transition_physical_p30_ibx1_0_shockx1_5_no_liquidity_uniform_sector_distribution,seed_010,Italy,combined_transition_physical,p30,1.0,1.5,True
seed_010_Spain_orderly_transition_p30_ibx1_0_shockx1_5_no_liquidity_uniform_sector_distribution,seed_010,Spain,orderly_transition,p30,1.0,1.5,True
seed_010_Spain_disorderly_transition_p30_ibx1_0_shockx1_5_no_liquidity_uniform_sector_distribution,seed_010,Spain,disorderly_transition,p30,1.0,1.5,True
seed_010_Spain_severe_disorderly_transition_p30_ibx1_0_shockx1_5_no_liquidity_uniform_sector_distribution,seed_010,Spain,severe_disorderly_transition,p30,1.0,1.5,True
seed_010_Spain_acute_physical_risk_p30_ibx1_0_shockx1_5_no_liquidity_uniform_sector_distribution,seed_010,Spain,acute_physical_risk,p30,1.0,1.5,True
seed_010_Spain_combined_transition_physical_p30_ibx1_0_shockx1_5_no_liquidity_uniform_sector_distribution,seed_010,Spain,combined_transition_physical,p30,1.0,1.5,True
seed_010_Ukraine_orderly_transition_p30_ibx1_0_shockx1_5_no_liquidity_uniform_sector_distribution,seed_010,Ukraine,orderly_transition,p30,1.0,1.5,True
seed_010_Ukraine_disorderly_transition_p30_ibx1_0_shockx1_5_no_liquidity_uniform_sector_distribution,seed_010,Ukraine,disorderly_transition,p30,1.0,1.5,True
seed_010_Ukraine_severe_disorderly_transition_p30_ibx1_0_shockx1_5_no_liquidity_uniform_sector_distribution,seed_010,Ukraine,severe_disorderly_transition,p30,1.0,1.5,True
seed_010_Ukraine_acute_physical_risk_p30_ibx1_0_shockx1_5_no_liquidity_uniform_sector_distribution,seed_010,Ukraine,acute_physical_risk,p30,1.0,1.5,True
seed_010_Ukraine_combined_transition_physical_p30_ibx1_0_shockx1_5_no_liquidity_uniform_sector_distribution,seed_010,Ukraine,combined_transition_physical,p30,1.0,1.5,True
seed_010_United_States_of_America_orderly_transition_p30_ibx1_0_shockx1_5_no_liquidity_uniform_sector_distribution,seed_010,United States of America,orderly_transition,p30,1.0,1.5,True
seed_010_United_States_of_America_disorderly_transition_p30_ibx1_0_shockx1_5_no_liquidity_uniform_sector_distribution,seed_010,United States of America,disorderly_transition,p30,1.0,1.5,True
seed_010_United_States_of_America_severe_disorderly_transition_p30_ibx1_0_shockx1_5_no_liquidity_uniform_sector_distribution,seed_010,United States of America,severe_disorderly_transition,p30,1.0,1.5,True
seed_010_United_States_of_America_acute_physical_risk_p30_ibx1_0_shockx1_5_no_liquidity_uniform_sector_distribution,seed_010,United States of America,acute_physical_risk,p30,1.0,1.5,True
seed_010_United_States_of_America_combined_transition_physical_p30_ibx1_0_shockx1_5_no_liquidity_uniform_sector_distribution,seed_010,United States of America,combined_transition_physical,p30,1.0,1.5,True
seed_011_Brazil_orderly_transition_p30_ibx1_0_shockx0_75_no_liquidity_uniform_sector_distribution,seed_011,Brazil,orderly_transition,p30,1.0,0.75,True
seed_011_Brazil_disorderly_transition_p30_ibx1_0_shockx0_75_no_liquidity_uniform_sector_distribution,seed_011,Brazil,disorderly_transition,p30,1.0,0.75,True
seed_011_Brazil_severe_disorderly_transition_p30_ibx1_0_shockx0_75_no_liquidity_uniform_sector_distribution,seed_011,Brazil,severe_disorderly_transition,p30,1.0,0.75,True
seed_011_Brazil_acute_physical_risk_p30_ibx1_0_shockx0_75_no_liquidity_uniform_sector_distribution,seed_011,Brazil,acute_physical_risk,p30,1.0,0.75,True
seed_011_Brazil_combined_transition_physical_p30_ibx1_0_shockx0_75_no_liquidity_uniform_sector_distribution,seed_011,Brazil,combined_transition_physical,p30,1.0,0.75,True
seed_011_Germany_orderly_transition_p30_ibx1_0_shockx0_75_no_liquidity_uniform_sector_distribution,seed_011,Germany,orderly_transition,p30,1.0,0.75,True
seed_011_Germany_disorderly_transition_p30_ibx1_0_shockx0_75_no_liquidity_uniform_sector_distribution,seed_011,Germany,disorderly_transition,p30,1.0,0.75,True
seed_011_Germany_severe_disorderly_transition_p30_ibx1_0_shockx0_75_no_liquidity_uniform_sector_distribution,seed_011,Germany,severe_disorderly_transition,p30,1.0,0.75,True
seed_011_Germany_acute_physical_risk_p30_ibx1_0_shockx0_75_no_liquidity_uniform_sector_distribution,seed_011,Germany,acute_physical_risk,p30,1.0,0.75,True
seed_011_Germany_combined_transition_physical_p30_ibx1_0_shockx0_75_no_liquidity_uniform_sector_distribution,seed_011,Germany,combined_transition_physical,p30,1.0,0.75,True
seed_011_Italy_orderly_transition_p30_ibx1_0_shockx0_75_no_liquidity_uniform_sector_distribution,seed_011,Italy,orderly_transition,p30,1.0,0.75,True
seed_011_Italy_disorderly_transition_p30_ibx1_0_shockx0_75_no_liquidity_uniform_sector_distribution,seed_011,Italy,disorderly_transition,p30,1.0,0.75,True
seed_011_Italy_severe_disorderly_transition_p30_ibx1_0_shockx0_75_no_liquidity_uniform_sector_distribution,seed_011,Italy,severe_disorderly_transition,p30,1.0,0.75,True
seed_011_Italy_acute_physical_risk_p30_ibx1_0_shockx0_75_no_liquidity_uniform_sector_distribution,seed_011,Italy,acute_physical_risk,p30,1.0,0.75,True
seed_011_Italy_combined_transition_physical_p30_ibx1_0_shockx0_75_no_liquidity_uniform_sector_distribution,seed_011,Italy,combined_transition_physical,p30,1.0,0.75,True
seed_011_Spain_orderly_transition_p30_ibx1_0_shockx0_75_no_liquidity_uniform_sector_distribution,seed_011,Spain,orderly_transition,p30,1.0,0.75,True
seed_011_Spain_disorderly_transition_p30_ibx1_0_shockx0_75_no_liquidity_uniform_sector_distribution,seed_011,Spain,disorderly_transition,p30,1.0,0.75,True
seed_011_Spain_severe_disorderly_transition_p30_ibx1_0_shockx0_75_no_liquidity_uniform_sector_distribution,seed_011,Spain,severe_disorderly_transition,p30,1.0,0.75,True
seed_011_Spain_acute_physical_risk_p30_ibx1_0_shockx0_75_no_liquidity_uniform_sector_distribution,seed_011,Spain,acute_physical_risk,p30,1.0,0.75,True
seed_011_Spain_combined_transition_physical_p30_ibx1_0_shockx0_75_no_liquidity_uniform_sector_distribution,seed_011,Spain,combined_transition_physical,p30,1.0,0.75,True
seed_011_Ukraine_orderly_transition_p30_ibx1_0_shockx0_75_no_liquidity_uniform_sector_distribution,seed_011,Ukraine,orderly_transition,p30,1.0,0.75,True
seed_011_Ukraine_disorderly_transition_p30_ibx1_0_shockx0_75_no_liquidity_uniform_sector_distribution,seed_011,Ukraine,disorderly_transition,p30,1.0,0.75,True
seed_011_Ukraine_severe_disorderly_transition_p30_ibx1_0_shockx0_75_no_liquidity_uniform_sector_distribution,seed_011,Ukraine,severe_disorderly_transition,p30,1.0,0.75,True
seed_011_Ukraine_acute_physical_risk_p30_ibx1_0_shockx0_75_no_liquidity_uniform_sector_distribution,seed_011,Ukraine,acute_physical_risk,p30,1.0,0.75,True
seed_011_Ukraine_combined_transition_physical_p30_ibx1_0_shockx0_75_no_liquidity_uniform_sector_distribution,seed_011,Ukraine,combined_transition_physical,p30,1.0,0.75,True
seed_011_United_States_of_America_orderly_transition_p30_ibx1_0_shockx0_75_no_liquidity_uniform_sector_distribution,seed_011,United States of America,orderly_transition,p30,1.0,0.75,True
seed_011_United_States_of_America_disorderly_transition_p30_ibx1_0_shockx0_75_no_liquidity_uniform_sector_distribution,seed_011,United States of America,disorderly_transition,p30,1.0,0.75,True
seed_011_United_States_of_America_severe_disorderly_transition_p30_ibx1_0_shockx0_75_no_liquidity_uniform_sector_distribution,seed_011,United States of America,severe_disorderly_transition,p30,1.0,0.75,True
seed_011_United_States_of_America_acute_physical_risk_p30_ibx1_0_shockx0_75_no_liquidity_uniform_sector_distribution,seed_011,United States of America,acute_physical_risk,p30,1.0,0.75,True
seed_011_United_States_of_America_combined_transition_physical_p30_ibx1_0_shockx0_75_no_liquidity_uniform_sector_distribution,seed_011,United States of America,combined_transition_physical,p30,1.0,0.75,True
seed_011_Brazil_orderly_transition_p30_ibx1_0_shockx1_0_no_liquidity_uniform_sector_distribution,seed_011,Brazil,orderly_transition,p30,1.0,1.0,True
seed_011_Brazil_disorderly_transition_p30_ibx1_0_shockx1_0_no_liquidity_uniform_sector_distribution,seed_011,Brazil,disorderly_transition,p30,1.0,1.0,True
seed_011_Brazil_severe_disorderly_transition_p30_ibx1_0_shockx1_0_no_liquidity_uniform_sector_distribution,seed_011,Brazil,severe_disorderly_transition,p30,1.0,1.0,True
seed_011_Brazil_acute_physical_risk_p30_ibx1_0_shockx1_0_no_liquidity_uniform_sector_distribution,seed_011,Brazil,acute_physical_risk,p30,1.0,1.0,True
seed_011_Brazil_combined_transition_physical_p30_ibx1_0_shockx1_0_no_liquidity_uniform_sector_distribution,seed_011,Brazil,combined_transition_physical,p30,1.0,1.0,True
seed_011_Germany_orderly_transition_p30_ibx1_0_shockx1_0_no_liquidity_uniform_sector_distribution,seed_011,Germany,orderly_transition,p30,1.0,1.0,True
seed_011_Germany_disorderly_transition_p30_ibx1_0_shockx1_0_no_liquidity_uniform_sector_distribution,seed_011,Germany,disorderly_transition,p30,1.0,1.0,True
seed_011_Germany_severe_disorderly_transition_p30_ibx1_0_shockx1_0_no_liquidity_uniform_sector_distribution,seed_011,Germany,severe_disorderly_transition,p30,1.0,1.0,True
seed_011_Germany_acute_physical_risk_p30_ibx1_0_shockx1_0_no_liquidity_uniform_sector_distribution,seed_011,Germany,acute_physical_risk,p30,1.0,1.0,True
seed_011_Germany_combined_transition_physical_p30_ibx1_0_shockx1_0_no_liquidity_uniform_sector_distribution,seed_011,Germany,combined_transition_physical,p30,1.0,1.0,True
seed_011_Italy_orderly_transition_p30_ibx1_0_shockx1_0_no_liquidity_uniform_sector_distribution,seed_011,Italy,orderly_transition,p30,1.0,1.0,True
seed_011_Italy_disorderly_transition_p30_ibx1_0_shockx1_0_no_liquidity_uniform_sector_distribution,seed_011,Italy,disorderly_transition,p30,1.0,1.0,True
seed_011_Italy_severe_disorderly_transition_p30_ibx1_0_shockx1_0_no_liquidity_uniform_sector_distribution,seed_011,Italy,severe_disorderly_transition,p30,1.0,1.0,True
seed_011_Italy_acute_physical_risk_p30_ibx1_0_shockx1_0_no_liquidity_uniform_sector_distribution,seed_011,Italy,acute_physical_risk,p30,1.0,1.0,True
seed_011_Italy_combined_transition_physical_p30_ibx1_0_shockx1_0_no_liquidity_uniform_sector_distribution,seed_011,Italy,combined_transition_physical,p30,1.0,1.0,True
seed_011_Spain_orderly_transition_p30_ibx1_0_shockx1_0_no_liquidity_uniform_sector_distribution,seed_011,Spain,orderly_transition,p30,1.0,1.0,True
seed_011_Spain_disorderly_transition_p30_ibx1_0_shockx1_0_no_liquidity_uniform_sector_distribution,seed_011,Spain,disorderly_transition,p30,1.0,1.0,True
seed_011_Spain_severe_disorderly_transition_p30_ibx1_0_shockx1_0_no_liquidity_uniform_sector_distribution,seed_011,Spain,severe_disorderly_transition,p30,1.0,1.0,True
seed_011_Spain_acute_physical_risk_p30_ibx1_0_shockx1_0_no_liquidity_uniform_sector_distribution,seed_011,Spain,acute_physical_risk,p30,1.0,1.0,True
seed_011_Spain_combined_transition_physical_p30_ibx1_0_shockx1_0_no_liquidity_uniform_sector_distribution,seed_011,Spain,combined_transition_physical,p30,1.0,1.0,True
seed_011_Ukraine_orderly_transition_p30_ibx1_0_shockx1_0_no_liquidity_uniform_sector_distribution,seed_011,Ukraine,orderly_transition,p30,1.0,1.0,True
seed_011_Ukraine_disorderly_transition_p30_ibx1_0_shockx1_0_no_liquidity_uniform_sector_distribution,seed_011,Ukraine,disorderly_transition,p30,1.0,1.0,True
seed_011_Ukraine_severe_disorderly_transition_p30_ibx1_0_shockx1_0_no_liquidity_uniform_sector_distribution,seed_011,Ukraine,severe_disorderly_transition,p30,1.0,1.0,True
seed_011_Ukraine_acute_physical_risk_p30_ibx1_0_shockx1_0_no_liquidity_uniform_sector_distribution,seed_011,Ukraine,acute_physical_risk,p30,1.0,1.0,True
seed_011_Ukraine_combined_transition_physical_p30_ibx1_0_shockx1_0_no_liquidity_uniform_sector_distribution,seed_011,Ukraine,combined_transition_physical,p30,1.0,1.0,True
seed_011_United_States_of_America_orderly_transition_p30_ibx1_0_shockx1_0_no_liquidity_uniform_sector_distribution,seed_011,United States of America,orderly_transition,p30,1.0,1.0,True
seed_011_United_States_of_America_disorderly_transition_p30_ibx1_0_shockx1_0_no_liquidity_uniform_sector_distribution,seed_011,United States of America,disorderly_transition,p30,1.0,1.0,True
seed_011_United_States_of_America_severe_disorderly_transition_p30_ibx1_0_shockx1_0_no_liquidity_uniform_sector_distribution,seed_011,United States of America,severe_disorderly_transition,p30,1.0,1.0,True
seed_011_United_States_of_America_acute_physical_risk_p30_ibx1_0_shockx1_0_no_liquidity_uniform_sector_distribution,seed_011,United States of America,acute_physical_risk,p30,1.0,1.0,True
seed_011_United_States_of_America_combined_transition_physical_p30_ibx1_0_shockx1_0_no_liquidity_uniform_sector_distribution,seed_011,United States of America,combined_transition_physical,p30,1.0,1.0,True
seed_011_Brazil_orderly_transition_p30_ibx1_0_shockx1_25_no_liquidity_uniform_sector_distribution,seed_011,Brazil,orderly_transition,p30,1.0,1.25,True
seed_011_Brazil_disorderly_transition_p30_ibx1_0_shockx1_25_no_liquidity_uniform_sector_distribution,seed_011,Brazil,disorderly_transition,p30,1.0,1.25,True
seed_011_Brazil_severe_disorderly_transition_p30_ibx1_0_shockx1_25_no_liquidity_uniform_sector_distribution,seed_011,Brazil,severe_disorderly_transition,p30,1.0,1.25,True
seed_011_Brazil_acute_physical_risk_p30_ibx1_0_shockx1_25_no_liquidity_uniform_sector_distribution,seed_011,Brazil,acute_physical_risk,p30,1.0,1.25,True
seed_011_Brazil_combined_transition_physical_p30_ibx1_0_shockx1_25_no_liquidity_uniform_sector_distribution,seed_011,Brazil,combined_transition_physical,p30,1.0,1.25,True
seed_011_Germany_orderly_transition_p30_ibx1_0_shockx1_25_no_liquidity_uniform_sector_distribution,seed_011,Germany,orderly_transition,p30,1.0,1.25,True
seed_011_Germany_disorderly_transition_p30_ibx1_0_shockx1_25_no_liquidity_uniform_sector_distribution,seed_011,Germany,disorderly_transition,p30,1.0,1.25,True
seed_011_Germany_severe_disorderly_transition_p30_ibx1_0_shockx1_25_no_liquidity_uniform_sector_distribution,seed_011,Germany,severe_disorderly_transition,p30,1.0,1.25,True
seed_011_Germany_acute_physical_risk_p30_ibx1_0_shockx1_25_no_liquidity_uniform_sector_distribution,seed_011,Germany,acute_physical_risk,p30,1.0,1.25,True
seed_011_Germany_combined_transition_physical_p30_ibx1_0_shockx1_25_no_liquidity_uniform_sector_distribution,seed_011,Germany,combined_transition_physical,p30,1.0,1.25,True
seed_011_Italy_orderly_transition_p30_ibx1_0_shockx1_25_no_liquidity_uniform_sector_distribution,seed_011,Italy,orderly_transition,p30,1.0,1.25,True
seed_011_Italy_disorderly_transition_p30_ibx1_0_shockx1_25_no_liquidity_uniform_sector_distribution,seed_011,Italy,disorderly_transition,p30,1.0,1.25,True
seed_011_Italy_severe_disorderly_transition_p30_ibx1_0_shockx1_25_no_liquidity_uniform_sector_distribution,seed_011,Italy,severe_disorderly_transition,p30,1.0,1.25,True
seed_011_Italy_acute_physical_risk_p30_ibx1_0_shockx1_25_no_liquidity_uniform_sector_distribution,seed_011,Italy,acute_physical_risk,p30,1.0,1.25,True
seed_011_Italy_combined_transition_physical_p30_ibx1_0_shockx1_25_no_liquidity_uniform_sector_distribution,seed_011,Italy,combined_transition_physical,p30,1.0,1.25,True
seed_011_Spain_orderly_transition_p30_ibx1_0_shockx1_25_no_liquidity_uniform_sector_distribution,seed_011,Spain,orderly_transition,p30,1.0,1.25,True
seed_011_Spain_disorderly_transition_p30_ibx1_0_shockx1_25_no_liquidity_uniform_sector_distribution,seed_011,Spain,disorderly_transition,p30,1.0,1.25,True
seed_011_Spain_severe_disorderly_transition_p30_ibx1_0_shockx1_25_no_liquidity_uniform_sector_distribution,seed_011,Spain,severe_disorderly_transition,p30,1.0,1.25,True
seed_011_Spain_acute_physical_risk_p30_ibx1_0_shockx1_25_no_liquidity_uniform_sector_distribution,seed_011,Spain,acute_physical_risk,p30,1.0,1.25,True
seed_011_Spain_combined_transition_physical_p30_ibx1_0_shockx1_25_no_liquidity_uniform_sector_distribution,seed_011,Spain,combined_transition_physical,p30,1.0,1.25,True
seed_011_Ukraine_orderly_transition_p30_ibx1_0_shockx1_25_no_liquidity_uniform_sector_distribution,seed_011,Ukraine,orderly_transition,p30,1.0,1.25,True
seed_011_Ukraine_disorderly_transition_p30_ibx1_0_shockx1_25_no_liquidity_uniform_sector_distribution,seed_011,Ukraine,disorderly_transition,p30,1.0,1.25,True
seed_011_Ukraine_severe_disorderly_transition_p30_ibx1_0_shockx1_25_no_liquidity_uniform_sector_distribution,seed_011,Ukraine,severe_disorderly_transition,p30,1.0,1.25,True
seed_011_Ukraine_acute_physical_risk_p30_ibx1_0_shockx1_25_no_liquidity_uniform_sector_distribution,seed_011,Ukraine,acute_physical_risk,p30,1.0,1.25,True
seed_011_Ukraine_combined_transition_physical_p30_ibx1_0_shockx1_25_no_liquidity_uniform_sector_distribution,seed_011,Ukraine,combined_transition_physical,p30,1.0,1.25,True
seed_011_United_States_of_America_orderly_transition_p30_ibx1_0_shockx1_25_no_liquidity_uniform_sector_distribution,seed_011,United States of America,orderly_transition,p30,1.0,1.25,True
seed_011_United_States_of_America_disorderly_transition_p30_ibx1_0_shockx1_25_no_liquidity_uniform_sector_distribution,seed_011,United States of America,disorderly_transition,p30,1.0,1.25,True
seed_011_United_States_of_America_severe_disorderly_transition_p30_ibx1_0_shockx1_25_no_liquidity_uniform_sector_distribution,seed_011,United States of America,severe_disorderly_transition,p30,1.0,1.25,True
seed_011_United_States_of_America_acute_physical_risk_p30_ibx1_0_shockx1_25_no_liquidity_uniform_sector_distribution,seed_011,United States of America,acute_physical_risk,p30,1.0,1.25,True
seed_011_United_States_of_America_combined_transition_physical_p30_ibx1_0_shockx1_25_no_liquidity_uniform_sector_distribution,seed_011,United States of America,combined_transition_physical,p30,1.0,1.25,True
seed_011_Brazil_orderly_transition_p30_ibx1_0_shockx1_5_no_liquidity_uniform_sector_distribution,seed_011,Brazil,orderly_transition,p30,1.0,1.5,True
seed_011_Brazil_disorderly_transition_p30_ibx1_0_shockx1_5_no_liquidity_uniform_sector_distribution,seed_011,Brazil,disorderly_transition,p30,1.0,1.5,True
seed_011_Brazil_severe_disorderly_transition_p30_ibx1_0_shockx1_5_no_liquidity_uniform_sector_distribution,seed_011,Brazil,severe_disorderly_transition,p30,1.0,1.5,True
seed_011_Brazil_acute_physical_risk_p30_ibx1_0_shockx1_5_no_liquidity_uniform_sector_distribution,seed_011,Brazil,acute_physical_risk,p30,1.0,1.5,True
seed_011_Brazil_combined_transition_physical_p30_ibx1_0_shockx1_5_no_liquidity_uniform_sector_distribution,seed_011,Brazil,combined_transition_physical,p30,1.0,1.5,True
seed_011_Germany_orderly_transition_p30_ibx1_0_shockx1_5_no_liquidity_uniform_sector_distribution,seed_011,Germany,orderly_transition,p30,1.0,1.5,True
seed_011_Germany_disorderly_transition_p30_ibx1_0_shockx1_5_no_liquidity_uniform_sector_distribution,seed_011,Germany,disorderly_transition,p30,1.0,1.5,True
seed_011_Germany_severe_disorderly_transition_p30_ibx1_0_shockx1_5_no_liquidity_uniform_sector_distribution,seed_011,Germany,severe_disorderly_transition,p30,1.0,1.5,True
seed_011_Germany_acute_physical_risk_p30_ibx1_0_shockx1_5_no_liquidity_uniform_sector_distribution,seed_011,Germany,acute_physical_risk,p30,1.0,1.5,True
seed_011_Germany_combined_transition_physical_p30_ibx1_0_shockx1_5_no_liquidity_uniform_sector_distribution,seed_011,Germany,combined_transition_physical,p30,1.0,1.5,True
seed_011_Italy_orderly_transition_p30_ibx1_0_shockx1_5_no_liquidity_uniform_sector_distribution,seed_011,Italy,orderly_transition,p30,1.0,1.5,True
seed_011_Italy_disorderly_transition_p30_ibx1_0_shockx1_5_no_liquidity_uniform_sector_distribution,seed_011,Italy,disorderly_transition,p30,1.0,1.5,True
seed_011_Italy_severe_disorderly_transition_p30_ibx1_0_shockx1_5_no_liquidity_uniform_sector_distribution,seed_011,Italy,severe_disorderly_transition,p30,1.0,1.5,True
seed_011_Italy_acute_physical_risk_p30_ibx1_0_shockx1_5_no_liquidity_uniform_sector_distribution,seed_011,Italy,acute_physical_risk,p30,1.0,1.5,True
seed_011_Italy_combined_transition_physical_p30_ibx1_0_shockx1_5_no_liquidity_uniform_sector_distribution,seed_011,Italy,combined_transition_physical,p30,1.0,1.5,True
seed_011_Spain_orderly_transition_p30_ibx1_0_shockx1_5_no_liquidity_uniform_sector_distribution,seed_011,Spain,orderly_transition,p30,1.0,1.5,True
seed_011_Spain_disorderly_transition_p30_ibx1_0_shockx1_5_no_liquidity_uniform_sector_distribution,seed_011,Spain,disorderly_transition,p30,1.0,1.5,True
seed_011_Spain_severe_disorderly_transition_p30_ibx1_0_shockx1_5_no_liquidity_uniform_sector_distribution,seed_011,Spain,severe_disorderly_transition,p30,1.0,1.5,True
seed_011_Spain_acute_physical_risk_p30_ibx1_0_shockx1_5_no_liquidity_uniform_sector_distribution,seed_011,Spain,acute_physical_risk,p30,1.0,1.5,True
seed_011_Spain_combined_transition_physical_p30_ibx1_0_shockx1_5_no_liquidity_uniform_sector_distribution,seed_011,Spain,combined_transition_physical,p30,1.0,1.5,True
seed_011_Ukraine_orderly_transition_p30_ibx1_0_shockx1_5_no_liquidity_uniform_sector_distribution,seed_011,Ukraine,orderly_transition,p30,1.0,1.5,True
seed_011_Ukraine_disorderly_transition_p30_ibx1_0_shockx1_5_no_liquidity_uniform_sector_distribution,seed_011,Ukraine,disorderly_transition,p30,1.0,1.5,True
seed_011_Ukraine_severe_disorderly_transition_p30_ibx1_0_shockx1_5_no_liquidity_uniform_sector_distribution,seed_011,Ukraine,severe_disorderly_transition,p30,1.0,1.5,True
seed_011_Ukraine_acute_physical_risk_p30_ibx1_0_shockx1_5_no_liquidity_uniform_sector_distribution,seed_011,Ukraine,acute_physical_risk,p30,1.0,1.5,True
seed_011_Ukraine_combined_transition_physical_p30_ibx1_0_shockx1_5_no_liquidity_uniform_sector_distribution,seed_011,Ukraine,combined_transition_physical,p30,1.0,1.5,True
seed_011_United_States_of_America_orderly_transition_p30_ibx1_0_shockx1_5_no_liquidity_uniform_sector_distribution,seed_011,United States of America,orderly_transition,p30,1.0,1.5,True
seed_011_United_States_of_America_disorderly_transition_p30_ibx1_0_shockx1_5_no_liquidity_uniform_sector_distribution,seed_011,United States of America,disorderly_transition,p30,1.0,1.5,True
seed_011_United_States_of_America_severe_disorderly_transition_p30_ibx1_0_shockx1_5_no_liquidity_uniform_sector_distribution,seed_011,United States of America,severe_disorderly_transition,p30,1.0,1.5,True
seed_011_United_States_of_America_acute_physical_risk_p30_ibx1_0_shockx1_5_no_liquidity_uniform_sector_distribution,seed_011,United States of America,acute_physical_risk,p30,1.0,1.5,True
seed_011_United_States_of_America_combined_transition_physical_p30_ibx1_0_shockx1_5_no_liquidity_uniform_sector_distribution,seed_011,United States of America,combined_transition_physical,p30,1.0,1.5,True
seed_012_Brazil_orderly_transition_p30_ibx1_0_shockx0_75_no_liquidity_uniform_sector_distribution,seed_012,Brazil,orderly_transition,p30,1.0,0.75,True
seed_012_Brazil_disorderly_transition_p30_ibx1_0_shockx0_75_no_liquidity_uniform_sector_distribution,seed_012,Brazil,disorderly_transition,p30,1.0,0.75,True
seed_012_Brazil_severe_disorderly_transition_p30_ibx1_0_shockx0_75_no_liquidity_uniform_sector_distribution,seed_012,Brazil,severe_disorderly_transition,p30,1.0,0.75,True
seed_012_Brazil_acute_physical_risk_p30_ibx1_0_shockx0_75_no_liquidity_uniform_sector_distribution,seed_012,Brazil,acute_physical_risk,p30,1.0,0.75,True
seed_012_Brazil_combined_transition_physical_p30_ibx1_0_shockx0_75_no_liquidity_uniform_sector_distribution,seed_012,Brazil,combined_transition_physical,p30,1.0,0.75,True
seed_012_Germany_orderly_transition_p30_ibx1_0_shockx0_75_no_liquidity_uniform_sector_distribution,seed_012,Germany,orderly_transition,p30,1.0,0.75,True
seed_012_Germany_disorderly_transition_p30_ibx1_0_shockx0_75_no_liquidity_uniform_sector_distribution,seed_012,Germany,disorderly_transition,p30,1.0,0.75,True
seed_012_Germany_severe_disorderly_transition_p30_ibx1_0_shockx0_75_no_liquidity_uniform_sector_distribution,seed_012,Germany,severe_disorderly_transition,p30,1.0,0.75,True
seed_012_Germany_acute_physical_risk_p30_ibx1_0_shockx0_75_no_liquidity_uniform_sector_distribution,seed_012,Germany,acute_physical_risk,p30,1.0,0.75,True
seed_012_Germany_combined_transition_physical_p30_ibx1_0_shockx0_75_no_liquidity_uniform_sector_distribution,seed_012,Germany,combined_transition_physical,p30,1.0,0.75,True
seed_012_Italy_orderly_transition_p30_ibx1_0_shockx0_75_no_liquidity_uniform_sector_distribution,seed_012,Italy,orderly_transition,p30,1.0,0.75,True
seed_012_Italy_disorderly_transition_p30_ibx1_0_shockx0_75_no_liquidity_uniform_sector_distribution,seed_012,Italy,disorderly_transition,p30,1.0,0.75,True
seed_012_Italy_severe_disorderly_transition_p30_ibx1_0_shockx0_75_no_liquidity_uniform_sector_distribution,seed_012,Italy,severe_disorderly_transition,p30,1.0,0.75,True
seed_012_Italy_acute_physical_risk_p30_ibx1_0_shockx0_75_no_liquidity_uniform_sector_distribution,seed_012,Italy,acute_physical_risk,p30,1.0,0.75,True
seed_012_Italy_combined_transition_physical_p30_ibx1_0_shockx0_75_no_liquidity_uniform_sector_distribution,seed_012,Italy,combined_transition_physical,p30,1.0,0.75,True
seed_012_Spain_orderly_transition_p30_ibx1_0_shockx0_75_no_liquidity_uniform_sector_distribution,seed_012,Spain,orderly_transition,p30,1.0,0.75,True
seed_012_Spain_disorderly_transition_p30_ibx1_0_shockx0_75_no_liquidity_uniform_sector_distribution,seed_012,Spain,disorderly_transition,p30,1.0,0.75,True
seed_012_Spain_severe_disorderly_transition_p30_ibx1_0_shockx0_75_no_liquidity_uniform_sector_distribution,seed_012,Spain,severe_disorderly_transition,p30,1.0,0.75,True
seed_012_Spain_acute_physical_risk_p30_ibx1_0_shockx0_75_no_liquidity_uniform_sector_distribution,seed_012,Spain,acute_physical_risk,p30,1.0,0.75,True
seed_012_Spain_combined_transition_physical_p30_ibx1_0_shockx0_75_no_liquidity_uniform_sector_distribution,seed_012,Spain,combined_transition_physical,p30,1.0,0.75,True
seed_012_Ukraine_orderly_transition_p30_ibx1_0_shockx0_75_no_liquidity_uniform_sector_distribution,seed_012,Ukraine,orderly_transition,p30,1.0,0.75,True
seed_012_Ukraine_disorderly_transition_p30_ibx1_0_shockx0_75_no_liquidity_uniform_sector_distribution,seed_012,Ukraine,disorderly_transition,p30,1.0,0.75,True
seed_012_Ukraine_severe_disorderly_transition_p30_ibx1_0_shockx0_75_no_liquidity_uniform_sector_distribution,seed_012,Ukraine,severe_disorderly_transition,p30,1.0,0.75,True
seed_012_Ukraine_acute_physical_risk_p30_ibx1_0_shockx0_75_no_liquidity_uniform_sector_distribution,seed_012,Ukraine,acute_physical_risk,p30,1.0,0.75,True
seed_012_Ukraine_combined_transition_physical_p30_ibx1_0_shockx0_75_no_liquidity_uniform_sector_distribution,seed_012,Ukraine,combined_transition_physical,p30,1.0,0.75,True
seed_012_United_States_of_America_orderly_transition_p30_ibx1_0_shockx0_75_no_liquidity_uniform_sector_distribution,seed_012,United States of America,orderly_transition,p30,1.0,0.75,True
seed_012_United_States_of_America_disorderly_transition_p30_ibx1_0_shockx0_75_no_liquidity_uniform_sector_distribution,seed_012,United States of America,disorderly_transition,p30,1.0,0.75,True
seed_012_United_States_of_America_severe_disorderly_transition_p30_ibx1_0_shockx0_75_no_liquidity_uniform_sector_distribution,seed_012,United States of America,severe_disorderly_transition,p30,1.0,0.75,True
seed_012_United_States_of_America_acute_physical_risk_p30_ibx1_0_shockx0_75_no_liquidity_uniform_sector_distribution,seed_012,United States of America,acute_physical_risk,p30,1.0,0.75,True
seed_012_United_States_of_America_combined_transition_physical_p30_ibx1_0_shockx0_75_no_liquidity_uniform_sector_distribution,seed_012,United States of America,combined_transition_physical,p30,1.0,0.75,True
seed_012_Brazil_orderly_transition_p30_ibx1_0_shockx1_0_no_liquidity_uniform_sector_distribution,seed_012,Brazil,orderly_transition,p30,1.0,1.0,True
seed_012_Brazil_disorderly_transition_p30_ibx1_0_shockx1_0_no_liquidity_uniform_sector_distribution,seed_012,Brazil,disorderly_transition,p30,1.0,1.0,True
seed_012_Brazil_severe_disorderly_transition_p30_ibx1_0_shockx1_0_no_liquidity_uniform_sector_distribution,seed_012,Brazil,severe_disorderly_transition,p30,1.0,1.0,True
seed_012_Brazil_acute_physical_risk_p30_ibx1_0_shockx1_0_no_liquidity_uniform_sector_distribution,seed_012,Brazil,acute_physical_risk,p30,1.0,1.0,True
seed_012_Brazil_combined_transition_physical_p30_ibx1_0_shockx1_0_no_liquidity_uniform_sector_distribution,seed_012,Brazil,combined_transition_physical,p30,1.0,1.0,True
seed_012_Germany_orderly_transition_p30_ibx1_0_shockx1_0_no_liquidity_uniform_sector_distribution,seed_012,Germany,orderly_transition,p30,1.0,1.0,True
seed_012_Germany_disorderly_transition_p30_ibx1_0_shockx1_0_no_liquidity_uniform_sector_distribution,seed_012,Germany,disorderly_transition,p30,1.0,1.0,True
seed_012_Germany_severe_disorderly_transition_p30_ibx1_0_shockx1_0_no_liquidity_uniform_sector_distribution,seed_012,Germany,severe_disorderly_transition,p30,1.0,1.0,True
seed_012_Germany_acute_physical_risk_p30_ibx1_0_shockx1_0_no_liquidity_uniform_sector_distribution,seed_012,Germany,acute_physical_risk,p30,1.0,1.0,True
seed_012_Germany_combined_transition_physical_p30_ibx1_0_shockx1_0_no_liquidity_uniform_sector_distribution,seed_012,Germany,combined_transition_physical,p30,1.0,1.0,True
seed_012_Italy_orderly_transition_p30_ibx1_0_shockx1_0_no_liquidity_uniform_sector_distribution,seed_012,Italy,orderly_transition,p30,1.0,1.0,True
seed_012_Italy_disorderly_transition_p30_ibx1_0_shockx1_0_no_liquidity_uniform_sector_distribution,seed_012,Italy,disorderly_transition,p30,1.0,1.0,True
seed_012_Italy_severe_disorderly_transition_p30_ibx1_0_shockx1_0_no_liquidity_uniform_sector_distribution,seed_012,Italy,severe_disorderly_transition,p30,1.0,1.0,True
seed_012_Italy_acute_physical_risk_p30_ibx1_0_shockx1_0_no_liquidity_uniform_sector_distribution,seed_012,Italy,acute_physical_risk,p30,1.0,1.0,True
seed_012_Italy_combined_transition_physical_p30_ibx1_0_shockx1_0_no_liquidity_uniform_sector_distribution,seed_012,Italy,combined_transition_physical,p30,1.0,1.0,True
seed_012_Spain_orderly_transition_p30_ibx1_0_shockx1_0_no_liquidity_uniform_sector_distribution,seed_012,Spain,orderly_transition,p30,1.0,1.0,True
seed_012_Spain_disorderly_transition_p30_ibx1_0_shockx1_0_no_liquidity_uniform_sector_distribution,seed_012,Spain,disorderly_transition,p30,1.0,1.0,True
seed_012_Spain_severe_disorderly_transition_p30_ibx1_0_shockx1_0_no_liquidity_uniform_sector_distribution,seed_012,Spain,severe_disorderly_transition,p30,1.0,1.0,True
seed_012_Spain_acute_physical_risk_p30_ibx1_0_shockx1_0_no_liquidity_uniform_sector_distribution,seed_012,Spain,acute_physical_risk,p30,1.0,1.0,True
seed_012_Spain_combined_transition_physical_p30_ibx1_0_shockx1_0_no_liquidity_uniform_sector_distribution,seed_012,Spain,combined_transition_physical,p30,1.0,1.0,True
seed_012_Ukraine_orderly_transition_p30_ibx1_0_shockx1_0_no_liquidity_uniform_sector_distribution,seed_012,Ukraine,orderly_transition,p30,1.0,1.0,True
seed_012_Ukraine_disorderly_transition_p30_ibx1_0_shockx1_0_no_liquidity_uniform_sector_distribution,seed_012,Ukraine,disorderly_transition,p30,1.0,1.0,True
seed_012_Ukraine_severe_disorderly_transition_p30_ibx1_0_shockx1_0_no_liquidity_uniform_sector_distribution,seed_012,Ukraine,severe_disorderly_transition,p30,1.0,1.0,True
seed_012_Ukraine_acute_physical_risk_p30_ibx1_0_shockx1_0_no_liquidity_uniform_sector_distribution,seed_012,Ukraine,acute_physical_risk,p30,1.0,1.0,True
seed_012_Ukraine_combined_transition_physical_p30_ibx1_0_shockx1_0_no_liquidity_uniform_sector_distribution,seed_012,Ukraine,combined_transition_physical,p30,1.0,1.0,True
seed_012_United_States_of_America_orderly_transition_p30_ibx1_0_shockx1_0_no_liquidity_uniform_sector_distribution,seed_012,United States of America,orderly_transition,p30,1.0,1.0,True
seed_012_United_States_of_America_disorderly_transition_p30_ibx1_0_shockx1_0_no_liquidity_uniform_sector_distribution,seed_012,United States of America,disorderly_transition,p30,1.0,1.0,True
seed_012_United_States_of_America_severe_disorderly_transition_p30_ibx1_0_shockx1_0_no_liquidity_uniform_sector_distribution,seed_012,United States of America,severe_disorderly_transition,p30,1.0,1.0,True
seed_012_United_States_of_America_acute_physical_risk_p30_ibx1_0_shockx1_0_no_liquidity_uniform_sector_distribution,seed_012,United States of America,acute_physical_risk,p30,1.0,1.0,True
seed_012_United_States_of_America_combined_transition_physical_p30_ibx1_0_shockx1_0_no_liquidity_uniform_sector_distribution,seed_012,United States of America,combined_transition_physical,p30,1.0,1.0,True
seed_012_Brazil_orderly_transition_p30_ibx1_0_shockx1_25_no_liquidity_uniform_sector_distribution,seed_012,Brazil,orderly_transition,p30,1.0,1.25,True
seed_012_Brazil_disorderly_transition_p30_ibx1_0_shockx1_25_no_liquidity_uniform_sector_distribution,seed_012,Brazil,disorderly_transition,p30,1.0,1.25,True
seed_012_Brazil_severe_disorderly_transition_p30_ibx1_0_shockx1_25_no_liquidity_uniform_sector_distribution,seed_012,Brazil,severe_disorderly_transition,p30,1.0,1.25,True
seed_012_Brazil_acute_physical_risk_p30_ibx1_0_shockx1_25_no_liquidity_uniform_sector_distribution,seed_012,Brazil,acute_physical_risk,p30,1.0,1.25,True
seed_012_Brazil_combined_transition_physical_p30_ibx1_0_shockx1_25_no_liquidity_uniform_sector_distribution,seed_012,Brazil,combined_transition_physical,p30,1.0,1.25,True
seed_012_Germany_orderly_transition_p30_ibx1_0_shockx1_25_no_liquidity_uniform_sector_distribution,seed_012,Germany,orderly_transition,p30,1.0,1.25,True
seed_012_Germany_disorderly_transition_p30_ibx1_0_shockx1_25_no_liquidity_uniform_sector_distribution,seed_012,Germany,disorderly_transition,p30,1.0,1.25,True
seed_012_Germany_severe_disorderly_transition_p30_ibx1_0_shockx1_25_no_liquidity_uniform_sector_distribution,seed_012,Germany,severe_disorderly_transition,p30,1.0,1.25,True
seed_012_Germany_acute_physical_risk_p30_ibx1_0_shockx1_25_no_liquidity_uniform_sector_distribution,seed_012,Germany,acute_physical_risk,p30,1.0,1.25,True
seed_012_Germany_combined_transition_physical_p30_ibx1_0_shockx1_25_no_liquidity_uniform_sector_distribution,seed_012,Germany,combined_transition_physical,p30,1.0,1.25,True
seed_012_Italy_orderly_transition_p30_ibx1_0_shockx1_25_no_liquidity_uniform_sector_distribution,seed_012,Italy,orderly_transition,p30,1.0,1.25,True
seed_012_Italy_disorderly_transition_p30_ibx1_0_shockx1_25_no_liquidity_uniform_sector_distribution,seed_012,Italy,disorderly_transition,p30,1.0,1.25,True
seed_012_Italy_severe_disorderly_transition_p30_ibx1_0_shockx1_25_no_liquidity_uniform_sector_distribution,seed_012,Italy,severe_disorderly_transition,p30,1.0,1.25,True
seed_012_Italy_acute_physical_risk_p30_ibx1_0_shockx1_25_no_liquidity_uniform_sector_distribution,seed_012,Italy,acute_physical_risk,p30,1.0,1.25,True
seed_012_Italy_combined_transition_physical_p30_ibx1_0_shockx1_25_no_liquidity_uniform_sector_distribution,seed_012,Italy,combined_transition_physical,p30,1.0,1.25,True
seed_012_Spain_orderly_transition_p30_ibx1_0_shockx1_25_no_liquidity_uniform_sector_distribution,seed_012,Spain,orderly_transition,p30,1.0,1.25,True
seed_012_Spain_disorderly_transition_p30_ibx1_0_shockx1_25_no_liquidity_uniform_sector_distribution,seed_012,Spain,disorderly_transition,p30,1.0,1.25,True
seed_012_Spain_severe_disorderly_transition_p30_ibx1_0_shockx1_25_no_liquidity_uniform_sector_distribution,seed_012,Spain,severe_disorderly_transition,p30,1.0,1.25,True
seed_012_Spain_acute_physical_risk_p30_ibx1_0_shockx1_25_no_liquidity_uniform_sector_distribution,seed_012,Spain,acute_physical_risk,p30,1.0,1.25,True
seed_012_Spain_combined_transition_physical_p30_ibx1_0_shockx1_25_no_liquidity_uniform_sector_distribution,seed_012,Spain,combined_transition_physical,p30,1.0,1.25,True
seed_012_Ukraine_orderly_transition_p30_ibx1_0_shockx1_25_no_liquidity_uniform_sector_distribution,seed_012,Ukraine,orderly_transition,p30,1.0,1.25,True
seed_012_Ukraine_disorderly_transition_p30_ibx1_0_shockx1_25_no_liquidity_uniform_sector_distribution,seed_012,Ukraine,disorderly_transition,p30,1.0,1.25,True
seed_012_Ukraine_severe_disorderly_transition_p30_ibx1_0_shockx1_25_no_liquidity_uniform_sector_distribution,seed_012,Ukraine,severe_disorderly_transition,p30,1.0,1.25,True
seed_012_Ukraine_acute_physical_risk_p30_ibx1_0_shockx1_25_no_liquidity_uniform_sector_distribution,seed_012,Ukraine,acute_physical_risk,p30,1.0,1.25,True
seed_012_Ukraine_combined_transition_physical_p30_ibx1_0_shockx1_25_no_liquidity_uniform_sector_distribution,seed_012,Ukraine,combined_transition_physical,p30,1.0,1.25,True
seed_012_United_States_of_America_orderly_transition_p30_ibx1_0_shockx1_25_no_liquidity_uniform_sector_distribution,seed_012,United States of America,orderly_transition,p30,1.0,1.25,True
seed_012_United_States_of_America_disorderly_transition_p30_ibx1_0_shockx1_25_no_liquidity_uniform_sector_distribution,seed_012,United States of America,disorderly_transition,p30,1.0,1.25,True
seed_012_United_States_of_America_severe_disorderly_transition_p30_ibx1_0_shockx1_25_no_liquidity_uniform_sector_distribution,seed_012,United States of America,severe_disorderly_transition,p30,1.0,1.25,True
seed_012_United_States_of_America_acute_physical_risk_p30_ibx1_0_shockx1_25_no_liquidity_uniform_sector_distribution,seed_012,United States of America,acute_physical_risk,p30,1.0,1.25,True
seed_012_United_States_of_America_combined_transition_physical_p30_ibx1_0_shockx1_25_no_liquidity_uniform_sector_distribution,seed_012,United States of America,combined_transition_physical,p30,1.0,1.25,True
seed_012_Brazil_orderly_transition_p30_ibx1_0_shockx1_5_no_liquidity_uniform_sector_distribution,seed_012,Brazil,orderly_transition,p30,1.0,1.5,True
seed_012_Brazil_disorderly_transition_p30_ibx1_0_shockx1_5_no_liquidity_uniform_sector_distribution,seed_012,Brazil,disorderly_transition,p30,1.0,1.5,True
seed_012_Brazil_severe_disorderly_transition_p30_ibx1_0_shockx1_5_no_liquidity_uniform_sector_distribution,seed_012,Brazil,severe_disorderly_transition,p30,1.0,1.5,True
seed_012_Brazil_acute_physical_risk_p30_ibx1_0_shockx1_5_no_liquidity_uniform_sector_distribution,seed_012,Brazil,acute_physical_risk,p30,1.0,1.5,True
seed_012_Brazil_combined_transition_physical_p30_ibx1_0_shockx1_5_no_liquidity_uniform_sector_distribution,seed_012,Brazil,combined_transition_physical,p30,1.0,1.5,True
seed_012_Germany_orderly_transition_p30_ibx1_0_shockx1_5_no_liquidity_uniform_sector_distribution,seed_012,Germany,orderly_transition,p30,1.0,1.5,True
seed_012_Germany_disorderly_transition_p30_ibx1_0_shockx1_5_no_liquidity_uniform_sector_distribution,seed_012,Germany,disorderly_transition,p30,1.0,1.5,True
seed_012_Germany_severe_disorderly_transition_p30_ibx1_0_shockx1_5_no_liquidity_uniform_sector_distribution,seed_012,Germany,severe_disorderly_transition,p30,1.0,1.5,True
seed_012_Germany_acute_physical_risk_p30_ibx1_0_shockx1_5_no_liquidity_uniform_sector_distribution,seed_012,Germany,acute_physical_risk,p30,1.0,1.5,True
seed_012_Germany_combined_transition_physical_p30_ibx1_0_shockx1_5_no_liquidity_uniform_sector_distribution,seed_012,Germany,combined_transition_physical,p30,1.0,1.5,True
seed_012_Italy_orderly_transition_p30_ibx1_0_shockx1_5_no_liquidity_uniform_sector_distribution,seed_012,Italy,orderly_transition,p30,1.0,1.5,True
seed_012_Italy_disorderly_transition_p30_ibx1_0_shockx1_5_no_liquidity_uniform_sector_distribution,seed_012,Italy,disorderly_transition,p30,1.0,1.5,True
seed_012_Italy_severe_disorderly_transition_p30_ibx1_0_shockx1_5_no_liquidity_uniform_sector_distribution,seed_012,Italy,severe_disorderly_transition,p30,1.0,1.5,True
seed_012_Italy_acute_physical_risk_p30_ibx1_0_shockx1_5_no_liquidity_uniform_sector_distribution,seed_012,Italy,acute_physical_risk,p30,1.0,1.5,True
seed_012_Italy_combined_transition_physical_p30_ibx1_0_shockx1_5_no_liquidity_uniform_sector_distribution,seed_012,Italy,combined_transition_physical,p30,1.0,1.5,True
seed_012_Spain_orderly_transition_p30_ibx1_0_shockx1_5_no_liquidity_uniform_sector_distribution,seed_012,Spain,orderly_transition,p30,1.0,1.5,True
seed_012_Spain_disorderly_transition_p30_ibx1_0_shockx1_5_no_liquidity_uniform_sector_distribution,seed_012,Spain,disorderly_transition,p30,1.0,1.5,True
seed_012_Spain_severe_disorderly_transition_p30_ibx1_0_shockx1_5_no_liquidity_uniform_sector_distribution,seed_012,Spain,severe_disorderly_transition,p30,1.0,1.5,True
seed_012_Spain_acute_physical_risk_p30_ibx1_0_shockx1_5_no_liquidity_uniform_sector_distribution,seed_012,Spain,acute_physical_risk,p30,1.0,1.5,True
seed_012_Spain_combined_transition_physical_p30_ibx1_0_shockx1_5_no_liquidity_uniform_sector_distribution,seed_012,Spain,combined_transition_physical,p30,1.0,1.5,True
seed_012_Ukraine_orderly_transition_p30_ibx1_0_shockx1_5_no_liquidity_uniform_sector_distribution,seed_012,Ukraine,orderly_transition,p30,1.0,1.5,True
seed_012_Ukraine_disorderly_transition_p30_ibx1_0_shockx1_5_no_liquidity_uniform_sector_distribution,seed_012,Ukraine,disorderly_transition,p30,1.0,1.5,True
seed_012_Ukraine_severe_disorderly_transition_p30_ibx1_0_shockx1_5_no_liquidity_uniform_sector_distribution,seed_012,Ukraine,severe_disorderly_transition,p30,1.0,1.5,True
seed_012_Ukraine_acute_physical_risk_p30_ibx1_0_shockx1_5_no_liquidity_uniform_sector_distribution,seed_012,Ukraine,acute_physical_risk,p30,1.0,1.5,True
seed_012_Ukraine_combined_transition_physical_p30_ibx1_0_shockx1_5_no_liquidity_uniform_sector_distribution,seed_012,Ukraine,combined_transition_physical,p30,1.0,1.5,True
seed_012_United_States_of_America_orderly_transition_p30_ibx1_0_shockx1_5_no_liquidity_uniform_sector_distribution,seed_012,United States of America,orderly_transition,p30,1.0,1.5,True
seed_012_United_States_of_America_disorderly_transition_p30_ibx1_0_shockx1_5_no_liquidity_uniform_sector_distribution,seed_012,United States of America,disorderly_transition,p30,1.0,1.5,True
seed_012_United_States_of_America_severe_disorderly_transition_p30_ibx1_0_shockx1_5_no_liquidity_uniform_sector_distribution,seed_012,United States of America,severe_disorderly_transition,p30,1.0,1.5,True
seed_012_United_States_of_America_acute_physical_risk_p30_ibx1_0_shockx1_5_no_liquidity_uniform_sector_distribution,seed_012,United States of America,acute_physical_risk,p30,1.0,1.5,True
seed_012_United_States_of_America_combined_transition_physical_p30_ibx1_0_shockx1_5_no_liquidity_uniform_sector_distribution,seed_012,United States of America,combined_transition_physical,p30,1.0,1.5,True
seed_013_Brazil_orderly_transition_p30_ibx1_0_shockx0_75_no_liquidity_uniform_sector_distribution,seed_013,Brazil,orderly_transition,p30,1.0,0.75,True
seed_013_Brazil_disorderly_transition_p30_ibx1_0_shockx0_75_no_liquidity_uniform_sector_distribution,seed_013,Brazil,disorderly_transition,p30,1.0,0.75,True
seed_013_Brazil_severe_disorderly_transition_p30_ibx1_0_shockx0_75_no_liquidity_uniform_sector_distribution,seed_013,Brazil,severe_disorderly_transition,p30,1.0,0.75,True
seed_013_Brazil_acute_physical_risk_p30_ibx1_0_shockx0_75_no_liquidity_uniform_sector_distribution,seed_013,Brazil,acute_physical_risk,p30,1.0,0.75,True
seed_013_Brazil_combined_transition_physical_p30_ibx1_0_shockx0_75_no_liquidity_uniform_sector_distribution,seed_013,Brazil,combined_transition_physical,p30,1.0,0.75,True
seed_013_Germany_orderly_transition_p30_ibx1_0_shockx0_75_no_liquidity_uniform_sector_distribution,seed_013,Germany,orderly_transition,p30,1.0,0.75,True
seed_013_Germany_disorderly_transition_p30_ibx1_0_shockx0_75_no_liquidity_uniform_sector_distribution,seed_013,Germany,disorderly_transition,p30,1.0,0.75,True
seed_013_Germany_severe_disorderly_transition_p30_ibx1_0_shockx0_75_no_liquidity_uniform_sector_distribution,seed_013,Germany,severe_disorderly_transition,p30,1.0,0.75,True
seed_013_Germany_acute_physical_risk_p30_ibx1_0_shockx0_75_no_liquidity_uniform_sector_distribution,seed_013,Germany,acute_physical_risk,p30,1.0,0.75,True
seed_013_Germany_combined_transition_physical_p30_ibx1_0_shockx0_75_no_liquidity_uniform_sector_distribution,seed_013,Germany,combined_transition_physical,p30,1.0,0.75,True
seed_013_Italy_orderly_transition_p30_ibx1_0_shockx0_75_no_liquidity_uniform_sector_distribution,seed_013,Italy,orderly_transition,p30,1.0,0.75,True
seed_013_Italy_disorderly_transition_p30_ibx1_0_shockx0_75_no_liquidity_uniform_sector_distribution,seed_013,Italy,disorderly_transition,p30,1.0,0.75,True
seed_013_Italy_severe_disorderly_transition_p30_ibx1_0_shockx0_75_no_liquidity_uniform_sector_distribution,seed_013,Italy,severe_disorderly_transition,p30,1.0,0.75,True
seed_013_Italy_acute_physical_risk_p30_ibx1_0_shockx0_75_no_liquidity_uniform_sector_distribution,seed_013,Italy,acute_physical_risk,p30,1.0,0.75,True
seed_013_Italy_combined_transition_physical_p30_ibx1_0_shockx0_75_no_liquidity_uniform_sector_distribution,seed_013,Italy,combined_transition_physical,p30,1.0,0.75,True
seed_013_Spain_orderly_transition_p30_ibx1_0_shockx0_75_no_liquidity_uniform_sector_distribution,seed_013,Spain,orderly_transition,p30,1.0,0.75,True
seed_013_Spain_disorderly_transition_p30_ibx1_0_shockx0_75_no_liquidity_uniform_sector_distribution,seed_013,Spain,disorderly_transition,p30,1.0,0.75,True
seed_013_Spain_severe_disorderly_transition_p30_ibx1_0_shockx0_75_no_liquidity_uniform_sector_distribution,seed_013,Spain,severe_disorderly_transition,p30,1.0,0.75,True
seed_013_Spain_acute_physical_risk_p30_ibx1_0_shockx0_75_no_liquidity_uniform_sector_distribution,seed_013,Spain,acute_physical_risk,p30,1.0,0.75,True
seed_013_Spain_combined_transition_physical_p30_ibx1_0_shockx0_75_no_liquidity_uniform_sector_distribution,seed_013,Spain,combined_transition_physical,p30,1.0,0.75,True
seed_013_Ukraine_orderly_transition_p30_ibx1_0_shockx0_75_no_liquidity_uniform_sector_distribution,seed_013,Ukraine,orderly_transition,p30,1.0,0.75,True
seed_013_Ukraine_disorderly_transition_p30_ibx1_0_shockx0_75_no_liquidity_uniform_sector_distribution,seed_013,Ukraine,disorderly_transition,p30,1.0,0.75,True
seed_013_Ukraine_severe_disorderly_transition_p30_ibx1_0_shockx0_75_no_liquidity_uniform_sector_distribution,seed_013,Ukraine,severe_disorderly_transition,p30,1.0,0.75,True
seed_013_Ukraine_acute_physical_risk_p30_ibx1_0_shockx0_75_no_liquidity_uniform_sector_distribution,seed_013,Ukraine,acute_physical_risk,p30,1.0,0.75,True
seed_013_Ukraine_combined_transition_physical_p30_ibx1_0_shockx0_75_no_liquidity_uniform_sector_distribution,seed_013,Ukraine,combined_transition_physical,p30,1.0,0.75,True
seed_013_United_States_of_America_orderly_transition_p30_ibx1_0_shockx0_75_no_liquidity_uniform_sector_distribution,seed_013,United States of America,orderly_transition,p30,1.0,0.75,True
seed_013_United_States_of_America_disorderly_transition_p30_ibx1_0_shockx0_75_no_liquidity_uniform_sector_distribution,seed_013,United States of America,disorderly_transition,p30,1.0,0.75,True
seed_013_United_States_of_America_severe_disorderly_transition_p30_ibx1_0_shockx0_75_no_liquidity_uniform_sector_distribution,seed_013,United States of America,severe_disorderly_transition,p30,1.0,0.75,True
seed_013_United_States_of_America_acute_physical_risk_p30_ibx1_0_shockx0_75_no_liquidity_uniform_sector_distribution,seed_013,United States of America,acute_physical_risk,p30,1.0,0.75,True
seed_013_United_States_of_America_combined_transition_physical_p30_ibx1_0_shockx0_75_no_liquidity_uniform_sector_distribution,seed_013,United States of America,combined_transition_physical,p30,1.0,0.75,True
seed_013_Brazil_orderly_transition_p30_ibx1_0_shockx1_0_no_liquidity_uniform_sector_distribution,seed_013,Brazil,orderly_transition,p30,1.0,1.0,True
seed_013_Brazil_disorderly_transition_p30_ibx1_0_shockx1_0_no_liquidity_uniform_sector_distribution,seed_013,Brazil,disorderly_transition,p30,1.0,1.0,True
seed_013_Brazil_severe_disorderly_transition_p30_ibx1_0_shockx1_0_no_liquidity_uniform_sector_distribution,seed_013,Brazil,severe_disorderly_transition,p30,1.0,1.0,True
seed_013_Brazil_acute_physical_risk_p30_ibx1_0_shockx1_0_no_liquidity_uniform_sector_distribution,seed_013,Brazil,acute_physical_risk,p30,1.0,1.0,True
seed_013_Brazil_combined_transition_physical_p30_ibx1_0_shockx1_0_no_liquidity_uniform_sector_distribution,seed_013,Brazil,combined_transition_physical,p30,1.0,1.0,True
seed_013_Germany_orderly_transition_p30_ibx1_0_shockx1_0_no_liquidity_uniform_sector_distribution,seed_013,Germany,orderly_transition,p30,1.0,1.0,True
seed_013_Germany_disorderly_transition_p30_ibx1_0_shockx1_0_no_liquidity_uniform_sector_distribution,seed_013,Germany,disorderly_transition,p30,1.0,1.0,True
seed_013_Germany_severe_disorderly_transition_p30_ibx1_0_shockx1_0_no_liquidity_uniform_sector_distribution,seed_013,Germany,severe_disorderly_transition,p30,1.0,1.0,True
seed_013_Germany_acute_physical_risk_p30_ibx1_0_shockx1_0_no_liquidity_uniform_sector_distribution,seed_013,Germany,acute_physical_risk,p30,1.0,1.0,True
seed_013_Germany_combined_transition_physical_p30_ibx1_0_shockx1_0_no_liquidity_uniform_sector_distribution,seed_013,Germany,combined_transition_physical,p30,1.0,1.0,True
seed_013_Italy_orderly_transition_p30_ibx1_0_shockx1_0_no_liquidity_uniform_sector_distribution,seed_013,Italy,orderly_transition,p30,1.0,1.0,True
seed_013_Italy_disorderly_transition_p30_ibx1_0_shockx1_0_no_liquidity_uniform_sector_distribution,seed_013,Italy,disorderly_transition,p30,1.0,1.0,True
seed_013_Italy_severe_disorderly_transition_p30_ibx1_0_shockx1_0_no_liquidity_uniform_sector_distribution,seed_013,Italy,severe_disorderly_transition,p30,1.0,1.0,True
seed_013_Italy_acute_physical_risk_p30_ibx1_0_shockx1_0_no_liquidity_uniform_sector_distribution,seed_013,Italy,acute_physical_risk,p30,1.0,1.0,True
seed_013_Italy_combined_transition_physical_p30_ibx1_0_shockx1_0_no_liquidity_uniform_sector_distribution,seed_013,Italy,combined_transition_physical,p30,1.0,1.0,True
seed_013_Spain_orderly_transition_p30_ibx1_0_shockx1_0_no_liquidity_uniform_sector_distribution,seed_013,Spain,orderly_transition,p30,1.0,1.0,True
seed_013_Spain_disorderly_transition_p30_ibx1_0_shockx1_0_no_liquidity_uniform_sector_distribution,seed_013,Spain,disorderly_transition,p30,1.0,1.0,True
seed_013_Spain_severe_disorderly_transition_p30_ibx1_0_shockx1_0_no_liquidity_uniform_sector_distribution,seed_013,Spain,severe_disorderly_transition,p30,1.0,1.0,True
seed_013_Spain_acute_physical_risk_p30_ibx1_0_shockx1_0_no_liquidity_uniform_sector_distribution,seed_013,Spain,acute_physical_risk,p30,1.0,1.0,True
seed_013_Spain_combined_transition_physical_p30_ibx1_0_shockx1_0_no_liquidity_uniform_sector_distribution,seed_013,Spain,combined_transition_physical,p30,1.0,1.0,True
seed_013_Ukraine_orderly_transition_p30_ibx1_0_shockx1_0_no_liquidity_uniform_sector_distribution,seed_013,Ukraine,orderly_transition,p30,1.0,1.0,True
seed_013_Ukraine_disorderly_transition_p30_ibx1_0_shockx1_0_no_liquidity_uniform_sector_distribution,seed_013,Ukraine,disorderly_transition,p30,1.0,1.0,True
seed_013_Ukraine_severe_disorderly_transition_p30_ibx1_0_shockx1_0_no_liquidity_uniform_sector_distribution,seed_013,Ukraine,severe_disorderly_transition,p30,1.0,1.0,True
seed_013_Ukraine_acute_physical_risk_p30_ibx1_0_shockx1_0_no_liquidity_uniform_sector_distribution,seed_013,Ukraine,acute_physical_risk,p30,1.0,1.0,True
seed_013_Ukraine_combined_transition_physical_p30_ibx1_0_shockx1_0_no_liquidity_uniform_sector_distribution,seed_013,Ukraine,combined_transition_physical,p30,1.0,1.0,True
seed_013_United_States_of_America_orderly_transition_p30_ibx1_0_shockx1_0_no_liquidity_uniform_sector_distribution,seed_013,United States of America,orderly_transition,p30,1.0,1.0,True
seed_013_United_States_of_America_disorderly_transition_p30_ibx1_0_shockx1_0_no_liquidity_uniform_sector_distribution,seed_013,United States of America,disorderly_transition,p30,1.0,1.0,True
seed_013_United_States_of_America_severe_disorderly_transition_p30_ibx1_0_shockx1_0_no_liquidity_uniform_sector_distribution,seed_013,United States of America,severe_disorderly_transition,p30,1.0,1.0,True
seed_013_United_States_of_America_acute_physical_risk_p30_ibx1_0_shockx1_0_no_liquidity_uniform_sector_distribution,seed_013,United States of America,acute_physical_risk,p30,1.0,1.0,True
seed_013_United_States_of_America_combined_transition_physical_p30_ibx1_0_shockx1_0_no_liquidity_uniform_sector_distribution,seed_013,United States of America,combined_transition_physical,p30,1.0,1.0,True
seed_013_Brazil_orderly_transition_p30_ibx1_0_shockx1_25_no_liquidity_uniform_sector_distribution,seed_013,Brazil,orderly_transition,p30,1.0,1.25,True
seed_013_Brazil_disorderly_transition_p30_ibx1_0_shockx1_25_no_liquidity_uniform_sector_distribution,seed_013,Brazil,disorderly_transition,p30,1.0,1.25,True
seed_013_Brazil_severe_disorderly_transition_p30_ibx1_0_shockx1_25_no_liquidity_uniform_sector_distribution,seed_013,Brazil,severe_disorderly_transition,p30,1.0,1.25,True
seed_013_Brazil_acute_physical_risk_p30_ibx1_0_shockx1_25_no_liquidity_uniform_sector_distribution,seed_013,Brazil,acute_physical_risk,p30,1.0,1.25,True
seed_013_Brazil_combined_transition_physical_p30_ibx1_0_shockx1_25_no_liquidity_uniform_sector_distribution,seed_013,Brazil,combined_transition_physical,p30,1.0,1.25,True
seed_013_Germany_orderly_transition_p30_ibx1_0_shockx1_25_no_liquidity_uniform_sector_distribution,seed_013,Germany,orderly_transition,p30,1.0,1.25,True
seed_013_Germany_disorderly_transition_p30_ibx1_0_shockx1_25_no_liquidity_uniform_sector_distribution,seed_013,Germany,disorderly_transition,p30,1.0,1.25,True
seed_013_Germany_severe_disorderly_transition_p30_ibx1_0_shockx1_25_no_liquidity_uniform_sector_distribution,seed_013,Germany,severe_disorderly_transition,p30,1.0,1.25,True
seed_013_Germany_acute_physical_risk_p30_ibx1_0_shockx1_25_no_liquidity_uniform_sector_distribution,seed_013,Germany,acute_physical_risk,p30,1.0,1.25,True
seed_013_Germany_combined_transition_physical_p30_ibx1_0_shockx1_25_no_liquidity_uniform_sector_distribution,seed_013,Germany,combined_transition_physical,p30,1.0,1.25,True
seed_013_Italy_orderly_transition_p30_ibx1_0_shockx1_25_no_liquidity_uniform_sector_distribution,seed_013,Italy,orderly_transition,p30,1.0,1.25,True
seed_013_Italy_disorderly_transition_p30_ibx1_0_shockx1_25_no_liquidity_uniform_sector_distribution,seed_013,Italy,disorderly_transition,p30,1.0,1.25,True
seed_013_Italy_severe_disorderly_transition_p30_ibx1_0_shockx1_25_no_liquidity_uniform_sector_distribution,seed_013,Italy,severe_disorderly_transition,p30,1.0,1.25,True
seed_013_Italy_acute_physical_risk_p30_ibx1_0_shockx1_25_no_liquidity_uniform_sector_distribution,seed_013,Italy,acute_physical_risk,p30,1.0,1.25,True
seed_013_Italy_combined_transition_physical_p30_ibx1_0_shockx1_25_no_liquidity_uniform_sector_distribution,seed_013,Italy,combined_transition_physical,p30,1.0,1.25,True
seed_013_Spain_orderly_transition_p30_ibx1_0_shockx1_25_no_liquidity_uniform_sector_distribution,seed_013,Spain,orderly_transition,p30,1.0,1.25,True
seed_013_Spain_disorderly_transition_p30_ibx1_0_shockx1_25_no_liquidity_uniform_sector_distribution,seed_013,Spain,disorderly_transition,p30,1.0,1.25,True
seed_013_Spain_severe_disorderly_transition_p30_ibx1_0_shockx1_25_no_liquidity_uniform_sector_distribution,seed_013,Spain,severe_disorderly_transition,p30,1.0,1.25,True
seed_013_Spain_acute_physical_risk_p30_ibx1_0_shockx1_25_no_liquidity_uniform_sector_distribution,seed_013,Spain,acute_physical_risk,p30,1.0,1.25,True
seed_013_Spain_combined_transition_physical_p30_ibx1_0_shockx1_25_no_liquidity_uniform_sector_distribution,seed_013,Spain,combined_transition_physical,p30,1.0,1.25,True
seed_013_Ukraine_orderly_transition_p30_ibx1_0_shockx1_25_no_liquidity_uniform_sector_distribution,seed_013,Ukraine,orderly_transition,p30,1.0,1.25,True
seed_013_Ukraine_disorderly_transition_p30_ibx1_0_shockx1_25_no_liquidity_uniform_sector_distribution,seed_013,Ukraine,disorderly_transition,p30,1.0,1.25,True
seed_013_Ukraine_severe_disorderly_transition_p30_ibx1_0_shockx1_25_no_liquidity_uniform_sector_distribution,seed_013,Ukraine,severe_disorderly_transition,p30,1.0,1.25,True
seed_013_Ukraine_acute_physical_risk_p30_ibx1_0_shockx1_25_no_liquidity_uniform_sector_distribution,seed_013,Ukraine,acute_physical_risk,p30,1.0,1.25,True
seed_013_Ukraine_combined_transition_physical_p30_ibx1_0_shockx1_25_no_liquidity_uniform_sector_distribution,seed_013,Ukraine,combined_transition_physical,p30,1.0,1.25,True
seed_013_United_States_of_America_orderly_transition_p30_ibx1_0_shockx1_25_no_liquidity_uniform_sector_distribution,seed_013,United States of America,orderly_transition,p30,1.0,1.25,True
seed_013_United_States_of_America_disorderly_transition_p30_ibx1_0_shockx1_25_no_liquidity_uniform_sector_distribution,seed_013,United States of America,disorderly_transition,p30,1.0,1.25,True
seed_013_United_States_of_America_severe_disorderly_transition_p30_ibx1_0_shockx1_25_no_liquidity_uniform_sector_distribution,seed_013,United States of America,severe_disorderly_transition,p30,1.0,1.25,True
seed_013_United_States_of_America_acute_physical_risk_p30_ibx1_0_shockx1_25_no_liquidity_uniform_sector_distribution,seed_013,United States of America,acute_physical_risk,p30,1.0,1.25,True
seed_013_United_States_of_America_combined_transition_physical_p30_ibx1_0_shockx1_25_no_liquidity_uniform_sector_distribution,seed_013,United States of America,combined_transition_physical,p30,1.0,1.25,True
seed_013_Brazil_orderly_transition_p30_ibx1_0_shockx1_5_no_liquidity_uniform_sector_distribution,seed_013,Brazil,orderly_transition,p30,1.0,1.5,True
seed_013_Brazil_disorderly_transition_p30_ibx1_0_shockx1_5_no_liquidity_uniform_sector_distribution,seed_013,Brazil,disorderly_transition,p30,1.0,1.5,True
seed_013_Brazil_severe_disorderly_transition_p30_ibx1_0_shockx1_5_no_liquidity_uniform_sector_distribution,seed_013,Brazil,severe_disorderly_transition,p30,1.0,1.5,True
seed_013_Brazil_acute_physical_risk_p30_ibx1_0_shockx1_5_no_liquidity_uniform_sector_distribution,seed_013,Brazil,acute_physical_risk,p30,1.0,1.5,True
seed_013_Brazil_combined_transition_physical_p30_ibx1_0_shockx1_5_no_liquidity_uniform_sector_distribution,seed_013,Brazil,combined_transition_physical,p30,1.0,1.5,True
seed_013_Germany_orderly_transition_p30_ibx1_0_shockx1_5_no_liquidity_uniform_sector_distribution,seed_013,Germany,orderly_transition,p30,1.0,1.5,True
seed_013_Germany_disorderly_transition_p30_ibx1_0_shockx1_5_no_liquidity_uniform_sector_distribution,seed_013,Germany,disorderly_transition,p30,1.0,1.5,True
seed_013_Germany_severe_disorderly_transition_p30_ibx1_0_shockx1_5_no_liquidity_uniform_sector_distribution,seed_013,Germany,severe_disorderly_transition,p30,1.0,1.5,True
seed_013_Germany_acute_physical_risk_p30_ibx1_0_shockx1_5_no_liquidity_uniform_sector_distribution,seed_013,Germany,acute_physical_risk,p30,1.0,1.5,True
seed_013_Germany_combined_transition_physical_p30_ibx1_0_shockx1_5_no_liquidity_uniform_sector_distribution,seed_013,Germany,combined_transition_physical,p30,1.0,1.5,True
seed_013_Italy_orderly_transition_p30_ibx1_0_shockx1_5_no_liquidity_uniform_sector_distribution,seed_013,Italy,orderly_transition,p30,1.0,1.5,True
seed_013_Italy_disorderly_transition_p30_ibx1_0_shockx1_5_no_liquidity_uniform_sector_distribution,seed_013,Italy,disorderly_transition,p30,1.0,1.5,True
seed_013_Italy_severe_disorderly_transition_p30_ibx1_0_shockx1_5_no_liquidity_uniform_sector_distribution,seed_013,Italy,severe_disorderly_transition,p30,1.0,1.5,True
seed_013_Italy_acute_physical_risk_p30_ibx1_0_shockx1_5_no_liquidity_uniform_sector_distribution,seed_013,Italy,acute_physical_risk,p30,1.0,1.5,True
seed_013_Italy_combined_transition_physical_p30_ibx1_0_shockx1_5_no_liquidity_uniform_sector_distribution,seed_013,Italy,combined_transition_physical,p30,1.0,1.5,True
seed_013_Spain_orderly_transition_p30_ibx1_0_shockx1_5_no_liquidity_uniform_sector_distribution,seed_013,Spain,orderly_transition,p30,1.0,1.5,True
seed_013_Spain_disorderly_transition_p30_ibx1_0_shockx1_5_no_liquidity_uniform_sector_distribution,seed_013,Spain,disorderly_transition,p30,1.0,1.5,True
seed_013_Spain_severe_disorderly_transition_p30_ibx1_0_shockx1_5_no_liquidity_uniform_sector_distribution,seed_013,Spain,severe_disorderly_transition,p30,1.0,1.5,True
seed_013_Spain_acute_physical_risk_p30_ibx1_0_shockx1_5_no_liquidity_uniform_sector_distribution,seed_013,Spain,acute_physical_risk,p30,1.0,1.5,True
seed_013_Spain_combined_transition_physical_p30_ibx1_0_shockx1_5_no_liquidity_uniform_sector_distribution,seed_013,Spain,combined_transition_physical,p30,1.0,1.5,True
seed_013_Ukraine_orderly_transition_p30_ibx1_0_shockx1_5_no_liquidity_uniform_sector_distribution,seed_013,Ukraine,orderly_transition,p30,1.0,1.5,True
seed_013_Ukraine_disorderly_transition_p30_ibx1_0_shockx1_5_no_liquidity_uniform_sector_distribution,seed_013,Ukraine,disorderly_transition,p30,1.0,1.5,True
seed_013_Ukraine_severe_disorderly_transition_p30_ibx1_0_shockx1_5_no_liquidity_uniform_sector_distribution,seed_013,Ukraine,severe_disorderly_transition,p30,1.0,1.5,True
seed_013_Ukraine_acute_physical_risk_p30_ibx1_0_shockx1_5_no_liquidity_uniform_sector_distribution,seed_013,Ukraine,acute_physical_risk,p30,1.0,1.5,True
seed_013_Ukraine_combined_transition_physical_p30_ibx1_0_shockx1_5_no_liquidity_uniform_sector_distribution,seed_013,Ukraine,combined_transition_physical,p30,1.0,1.5,True
seed_013_United_States_of_America_orderly_transition_p30_ibx1_0_shockx1_5_no_liquidity_uniform_sector_distribution,seed_013,United States of America,orderly_transition,p30,1.0,1.5,True
seed_013_United_States_of_America_disorderly_transition_p30_ibx1_0_shockx1_5_no_liquidity_uniform_sector_distribution,seed_013,United States of America,disorderly_transition,p30,1.0,1.5,True
seed_013_United_States_of_America_severe_disorderly_transition_p30_ibx1_0_shockx1_5_no_liquidity_uniform_sector_distribution,seed_013,United States of America,severe_disorderly_transition,p30,1.0,1.5,True
seed_013_United_States_of_America_acute_physical_risk_p30_ibx1_0_shockx1_5_no_liquidity_uniform_sector_distribution,seed_013,United States of America,acute_physical_risk,p30,1.0,1.5,True
seed_013_United_States_of_America_combined_transition_physical_p30_ibx1_0_shockx1_5_no_liquidity_uniform_sector_distribution,seed_013,United States of America,combined_transition_physical,p30,1.0,1.5,True
seed_014_Brazil_orderly_transition_p30_ibx1_0_shockx0_75_no_liquidity_uniform_sector_distribution,seed_014,Brazil,orderly_transition,p30,1.0,0.75,True
seed_014_Brazil_disorderly_transition_p30_ibx1_0_shockx0_75_no_liquidity_uniform_sector_distribution,seed_014,Brazil,disorderly_transition,p30,1.0,0.75,True
seed_014_Brazil_severe_disorderly_transition_p30_ibx1_0_shockx0_75_no_liquidity_uniform_sector_distribution,seed_014,Brazil,severe_disorderly_transition,p30,1.0,0.75,True
seed_014_Brazil_acute_physical_risk_p30_ibx1_0_shockx0_75_no_liquidity_uniform_sector_distribution,seed_014,Brazil,acute_physical_risk,p30,1.0,0.75,True
seed_014_Brazil_combined_transition_physical_p30_ibx1_0_shockx0_75_no_liquidity_uniform_sector_distribution,seed_014,Brazil,combined_transition_physical,p30,1.0,0.75,True
seed_014_Germany_orderly_transition_p30_ibx1_0_shockx0_75_no_liquidity_uniform_sector_distribution,seed_014,Germany,orderly_transition,p30,1.0,0.75,True
seed_014_Germany_disorderly_transition_p30_ibx1_0_shockx0_75_no_liquidity_uniform_sector_distribution,seed_014,Germany,disorderly_transition,p30,1.0,0.75,True
seed_014_Germany_severe_disorderly_transition_p30_ibx1_0_shockx0_75_no_liquidity_uniform_sector_distribution,seed_014,Germany,severe_disorderly_transition,p30,1.0,0.75,True
seed_014_Germany_acute_physical_risk_p30_ibx1_0_shockx0_75_no_liquidity_uniform_sector_distribution,seed_014,Germany,acute_physical_risk,p30,1.0,0.75,True
seed_014_Germany_combined_transition_physical_p30_ibx1_0_shockx0_75_no_liquidity_uniform_sector_distribution,seed_014,Germany,combined_transition_physical,p30,1.0,0.75,True
seed_014_Italy_orderly_transition_p30_ibx1_0_shockx0_75_no_liquidity_uniform_sector_distribution,seed_014,Italy,orderly_transition,p30,1.0,0.75,True
seed_014_Italy_disorderly_transition_p30_ibx1_0_shockx0_75_no_liquidity_uniform_sector_distribution,seed_014,Italy,disorderly_transition,p30,1.0,0.75,True
seed_014_Italy_severe_disorderly_transition_p30_ibx1_0_shockx0_75_no_liquidity_uniform_sector_distribution,seed_014,Italy,severe_disorderly_transition,p30,1.0,0.75,True
seed_014_Italy_acute_physical_risk_p30_ibx1_0_shockx0_75_no_liquidity_uniform_sector_distribution,seed_014,Italy,acute_physical_risk,p30,1.0,0.75,True
seed_014_Italy_combined_transition_physical_p30_ibx1_0_shockx0_75_no_liquidity_uniform_sector_distribution,seed_014,Italy,combined_transition_physical,p30,1.0,0.75,True
seed_014_Spain_orderly_transition_p30_ibx1_0_shockx0_75_no_liquidity_uniform_sector_distribution,seed_014,Spain,orderly_transition,p30,1.0,0.75,True
seed_014_Spain_disorderly_transition_p30_ibx1_0_shockx0_75_no_liquidity_uniform_sector_distribution,seed_014,Spain,disorderly_transition,p30,1.0,0.75,True
seed_014_Spain_severe_disorderly_transition_p30_ibx1_0_shockx0_75_no_liquidity_uniform_sector_distribution,seed_014,Spain,severe_disorderly_transition,p30,1.0,0.75,True
seed_014_Spain_acute_physical_risk_p30_ibx1_0_shockx0_75_no_liquidity_uniform_sector_distribution,seed_014,Spain,acute_physical_risk,p30,1.0,0.75,True
seed_014_Spain_combined_transition_physical_p30_ibx1_0_shockx0_75_no_liquidity_uniform_sector_distribution,seed_014,Spain,combined_transition_physical,p30,1.0,0.75,True
seed_014_Ukraine_orderly_transition_p30_ibx1_0_shockx0_75_no_liquidity_uniform_sector_distribution,seed_014,Ukraine,orderly_transition,p30,1.0,0.75,True
seed_014_Ukraine_disorderly_transition_p30_ibx1_0_shockx0_75_no_liquidity_uniform_sector_distribution,seed_014,Ukraine,disorderly_transition,p30,1.0,0.75,True
seed_014_Ukraine_severe_disorderly_transition_p30_ibx1_0_shockx0_75_no_liquidity_uniform_sector_distribution,seed_014,Ukraine,severe_disorderly_transition,p30,1.0,0.75,True
seed_014_Ukraine_acute_physical_risk_p30_ibx1_0_shockx0_75_no_liquidity_uniform_sector_distribution,seed_014,Ukraine,acute_physical_risk,p30,1.0,0.75,True
seed_014_Ukraine_combined_transition_physical_p30_ibx1_0_shockx0_75_no_liquidity_uniform_sector_distribution,seed_014,Ukraine,combined_transition_physical,p30,1.0,0.75,True
seed_014_United_States_of_America_orderly_transition_p30_ibx1_0_shockx0_75_no_liquidity_uniform_sector_distribution,seed_014,United States of America,orderly_transition,p30,1.0,0.75,True
seed_014_United_States_of_America_disorderly_transition_p30_ibx1_0_shockx0_75_no_liquidity_uniform_sector_distribution,seed_014,United States of America,disorderly_transition,p30,1.0,0.75,True
seed_014_United_States_of_America_severe_disorderly_transition_p30_ibx1_0_shockx0_75_no_liquidity_uniform_sector_distribution,seed_014,United States of America,severe_disorderly_transition,p30,1.0,0.75,True
seed_014_United_States_of_America_acute_physical_risk_p30_ibx1_0_shockx0_75_no_liquidity_uniform_sector_distribution,seed_014,United States of America,acute_physical_risk,p30,1.0,0.75,True
seed_014_United_States_of_America_combined_transition_physical_p30_ibx1_0_shockx0_75_no_liquidity_uniform_sector_distribution,seed_014,United States of America,combined_transition_physical,p30,1.0,0.75,True
seed_014_Brazil_orderly_transition_p30_ibx1_0_shockx1_0_no_liquidity_uniform_sector_distribution,seed_014,Brazil,orderly_transition,p30,1.0,1.0,True
seed_014_Brazil_disorderly_transition_p30_ibx1_0_shockx1_0_no_liquidity_uniform_sector_distribution,seed_014,Brazil,disorderly_transition,p30,1.0,1.0,True
seed_014_Brazil_severe_disorderly_transition_p30_ibx1_0_shockx1_0_no_liquidity_uniform_sector_distribution,seed_014,Brazil,severe_disorderly_transition,p30,1.0,1.0,True
seed_014_Brazil_acute_physical_risk_p30_ibx1_0_shockx1_0_no_liquidity_uniform_sector_distribution,seed_014,Brazil,acute_physical_risk,p30,1.0,1.0,True
seed_014_Brazil_combined_transition_physical_p30_ibx1_0_shockx1_0_no_liquidity_uniform_sector_distribution,seed_014,Brazil,combined_transition_physical,p30,1.0,1.0,True
seed_014_Germany_orderly_transition_p30_ibx1_0_shockx1_0_no_liquidity_uniform_sector_distribution,seed_014,Germany,orderly_transition,p30,1.0,1.0,True
seed_014_Germany_disorderly_transition_p30_ibx1_0_shockx1_0_no_liquidity_uniform_sector_distribution,seed_014,Germany,disorderly_transition,p30,1.0,1.0,True
seed_014_Germany_severe_disorderly_transition_p30_ibx1_0_shockx1_0_no_liquidity_uniform_sector_distribution,seed_014,Germany,severe_disorderly_transition,p30,1.0,1.0,True
seed_014_Germany_acute_physical_risk_p30_ibx1_0_shockx1_0_no_liquidity_uniform_sector_distribution,seed_014,Germany,acute_physical_risk,p30,1.0,1.0,True
seed_014_Germany_combined_transition_physical_p30_ibx1_0_shockx1_0_no_liquidity_uniform_sector_distribution,seed_014,Germany,combined_transition_physical,p30,1.0,1.0,True
seed_014_Italy_orderly_transition_p30_ibx1_0_shockx1_0_no_liquidity_uniform_sector_distribution,seed_014,Italy,orderly_transition,p30,1.0,1.0,True
seed_014_Italy_disorderly_transition_p30_ibx1_0_shockx1_0_no_liquidity_uniform_sector_distribution,seed_014,Italy,disorderly_transition,p30,1.0,1.0,True
seed_014_Italy_severe_disorderly_transition_p30_ibx1_0_shockx1_0_no_liquidity_uniform_sector_distribution,seed_014,Italy,severe_disorderly_transition,p30,1.0,1.0,True
seed_014_Italy_acute_physical_risk_p30_ibx1_0_shockx1_0_no_liquidity_uniform_sector_distribution,seed_014,Italy,acute_physical_risk,p30,1.0,1.0,True
seed_014_Italy_combined_transition_physical_p30_ibx1_0_shockx1_0_no_liquidity_uniform_sector_distribution,seed_014,Italy,combined_transition_physical,p30,1.0,1.0,True
seed_014_Spain_orderly_transition_p30_ibx1_0_shockx1_0_no_liquidity_uniform_sector_distribution,seed_014,Spain,orderly_transition,p30,1.0,1.0,True
seed_014_Spain_disorderly_transition_p30_ibx1_0_shockx1_0_no_liquidity_uniform_sector_distribution,seed_014,Spain,disorderly_transition,p30,1.0,1.0,True
seed_014_Spain_severe_disorderly_transition_p30_ibx1_0_shockx1_0_no_liquidity_uniform_sector_distribution,seed_014,Spain,severe_disorderly_transition,p30,1.0,1.0,True
seed_014_Spain_acute_physical_risk_p30_ibx1_0_shockx1_0_no_liquidity_uniform_sector_distribution,seed_014,Spain,acute_physical_risk,p30,1.0,1.0,True
seed_014_Spain_combined_transition_physical_p30_ibx1_0_shockx1_0_no_liquidity_uniform_sector_distribution,seed_014,Spain,combined_transition_physical,p30,1.0,1.0,True
seed_014_Ukraine_orderly_transition_p30_ibx1_0_shockx1_0_no_liquidity_uniform_sector_distribution,seed_014,Ukraine,orderly_transition,p30,1.0,1.0,True
seed_014_Ukraine_disorderly_transition_p30_ibx1_0_shockx1_0_no_liquidity_uniform_sector_distribution,seed_014,Ukraine,disorderly_transition,p30,1.0,1.0,True
seed_014_Ukraine_severe_disorderly_transition_p30_ibx1_0_shockx1_0_no_liquidity_uniform_sector_distribution,seed_014,Ukraine,severe_disorderly_transition,p30,1.0,1.0,True
seed_014_Ukraine_acute_physical_risk_p30_ibx1_0_shockx1_0_no_liquidity_uniform_sector_distribution,seed_014,Ukraine,acute_physical_risk,p30,1.0,1.0,True
seed_014_Ukraine_combined_transition_physical_p30_ibx1_0_shockx1_0_no_liquidity_uniform_sector_distribution,seed_014,Ukraine,combined_transition_physical,p30,1.0,1.0,True
seed_014_United_States_of_America_orderly_transition_p30_ibx1_0_shockx1_0_no_liquidity_uniform_sector_distribution,seed_014,United States of America,orderly_transition,p30,1.0,1.0,True
seed_014_United_States_of_America_disorderly_transition_p30_ibx1_0_shockx1_0_no_liquidity_uniform_sector_distribution,seed_014,United States of America,disorderly_transition,p30,1.0,1.0,True
seed_014_United_States_of_America_severe_disorderly_transition_p30_ibx1_0_shockx1_0_no_liquidity_uniform_sector_distribution,seed_014,United States of America,severe_disorderly_transition,p30,1.0,1.0,True
seed_014_United_States_of_America_acute_physical_risk_p30_ibx1_0_shockx1_0_no_liquidity_uniform_sector_distribution,seed_014,United States of America,acute_physical_risk,p30,1.0,1.0,True
seed_014_United_States_of_America_combined_transition_physical_p30_ibx1_0_shockx1_0_no_liquidity_uniform_sector_distribution,seed_014,United States of America,combined_transition_physical,p30,1.0,1.0,True
seed_014_Brazil_orderly_transition_p30_ibx1_0_shockx1_25_no_liquidity_uniform_sector_distribution,seed_014,Brazil,orderly_transition,p30,1.0,1.25,True
seed_014_Brazil_disorderly_transition_p30_ibx1_0_shockx1_25_no_liquidity_uniform_sector_distribution,seed_014,Brazil,disorderly_transition,p30,1.0,1.25,True
seed_014_Brazil_severe_disorderly_transition_p30_ibx1_0_shockx1_25_no_liquidity_uniform_sector_distribution,seed_014,Brazil,severe_disorderly_transition,p30,1.0,1.25,True
seed_014_Brazil_acute_physical_risk_p30_ibx1_0_shockx1_25_no_liquidity_uniform_sector_distribution,seed_014,Brazil,acute_physical_risk,p30,1.0,1.25,True
seed_014_Brazil_combined_transition_physical_p30_ibx1_0_shockx1_25_no_liquidity_uniform_sector_distribution,seed_014,Brazil,combined_transition_physical,p30,1.0,1.25,True
seed_014_Germany_orderly_transition_p30_ibx1_0_shockx1_25_no_liquidity_uniform_sector_distribution,seed_014,Germany,orderly_transition,p30,1.0,1.25,True
seed_014_Germany_disorderly_transition_p30_ibx1_0_shockx1_25_no_liquidity_uniform_sector_distribution,seed_014,Germany,disorderly_transition,p30,1.0,1.25,True
seed_014_Germany_severe_disorderly_transition_p30_ibx1_0_shockx1_25_no_liquidity_uniform_sector_distribution,seed_014,Germany,severe_disorderly_transition,p30,1.0,1.25,True
seed_014_Germany_acute_physical_risk_p30_ibx1_0_shockx1_25_no_liquidity_uniform_sector_distribution,seed_014,Germany,acute_physical_risk,p30,1.0,1.25,True
seed_014_Germany_combined_transition_physical_p30_ibx1_0_shockx1_25_no_liquidity_uniform_sector_distribution,seed_014,Germany,combined_transition_physical,p30,1.0,1.25,True
seed_014_Italy_orderly_transition_p30_ibx1_0_shockx1_25_no_liquidity_uniform_sector_distribution,seed_014,Italy,orderly_transition,p30,1.0,1.25,True
seed_014_Italy_disorderly_transition_p30_ibx1_0_shockx1_25_no_liquidity_uniform_sector_distribution,seed_014,Italy,disorderly_transition,p30,1.0,1.25,True
seed_014_Italy_severe_disorderly_transition_p30_ibx1_0_shockx1_25_no_liquidity_uniform_sector_distribution,seed_014,Italy,severe_disorderly_transition,p30,1.0,1.25,True
seed_014_Italy_acute_physical_risk_p30_ibx1_0_shockx1_25_no_liquidity_uniform_sector_distribution,seed_014,Italy,acute_physical_risk,p30,1.0,1.25,True
seed_014_Italy_combined_transition_physical_p30_ibx1_0_shockx1_25_no_liquidity_uniform_sector_distribution,seed_014,Italy,combined_transition_physical,p30,1.0,1.25,True
seed_014_Spain_orderly_transition_p30_ibx1_0_shockx1_25_no_liquidity_uniform_sector_distribution,seed_014,Spain,orderly_transition,p30,1.0,1.25,True
seed_014_Spain_disorderly_transition_p30_ibx1_0_shockx1_25_no_liquidity_uniform_sector_distribution,seed_014,Spain,disorderly_transition,p30,1.0,1.25,True
seed_014_Spain_severe_disorderly_transition_p30_ibx1_0_shockx1_25_no_liquidity_uniform_sector_distribution,seed_014,Spain,severe_disorderly_transition,p30,1.0,1.25,True
seed_014_Spain_acute_physical_risk_p30_ibx1_0_shockx1_25_no_liquidity_uniform_sector_distribution,seed_014,Spain,acute_physical_risk,p30,1.0,1.25,True
seed_014_Spain_combined_transition_physical_p30_ibx1_0_shockx1_25_no_liquidity_uniform_sector_distribution,seed_014,Spain,combined_transition_physical,p30,1.0,1.25,True
seed_014_Ukraine_orderly_transition_p30_ibx1_0_shockx1_25_no_liquidity_uniform_sector_distribution,seed_014,Ukraine,orderly_transition,p30,1.0,1.25,True
seed_014_Ukraine_disorderly_transition_p30_ibx1_0_shockx1_25_no_liquidity_uniform_sector_distribution,seed_014,Ukraine,disorderly_transition,p30,1.0,1.25,True
seed_014_Ukraine_severe_disorderly_transition_p30_ibx1_0_shockx1_25_no_liquidity_uniform_sector_distribution,seed_014,Ukraine,severe_disorderly_transition,p30,1.0,1.25,True
seed_014_Ukraine_acute_physical_risk_p30_ibx1_0_shockx1_25_no_liquidity_uniform_sector_distribution,seed_014,Ukraine,acute_physical_risk,p30,1.0,1.25,True
seed_014_Ukraine_combined_transition_physical_p30_ibx1_0_shockx1_25_no_liquidity_uniform_sector_distribution,seed_014,Ukraine,combined_transition_physical,p30,1.0,1.25,True
seed_014_United_States_of_America_orderly_transition_p30_ibx1_0_shockx1_25_no_liquidity_uniform_sector_distribution,seed_014,United States of America,orderly_transition,p30,1.0,1.25,True
seed_014_United_States_of_America_disorderly_transition_p30_ibx1_0_shockx1_25_no_liquidity_uniform_sector_distribution,seed_014,United States of America,disorderly_transition,p30,1.0,1.25,True
seed_014_United_States_of_America_severe_disorderly_transition_p30_ibx1_0_shockx1_25_no_liquidity_uniform_sector_distribution,seed_014,United States of America,severe_disorderly_transition,p30,1.0,1.25,True
seed_014_United_States_of_America_acute_physical_risk_p30_ibx1_0_shockx1_25_no_liquidity_uniform_sector_distribution,seed_014,United States of America,acute_physical_risk,p30,1.0,1.25,True
seed_014_United_States_of_America_combined_transition_physical_p30_ibx1_0_shockx1_25_no_liquidity_uniform_sector_distribution,seed_014,United States of America,combined_transition_physical,p30,1.0,1.25,True
seed_014_Brazil_orderly_transition_p30_ibx1_0_shockx1_5_no_liquidity_uniform_sector_distribution,seed_014,Brazil,orderly_transition,p30,1.0,1.5,True
seed_014_Brazil_disorderly_transition_p30_ibx1_0_shockx1_5_no_liquidity_uniform_sector_distribution,seed_014,Brazil,disorderly_transition,p30,1.0,1.5,True
seed_014_Brazil_severe_disorderly_transition_p30_ibx1_0_shockx1_5_no_liquidity_uniform_sector_distribution,seed_014,Brazil,severe_disorderly_transition,p30,1.0,1.5,True
seed_014_Brazil_acute_physical_risk_p30_ibx1_0_shockx1_5_no_liquidity_uniform_sector_distribution,seed_014,Brazil,acute_physical_risk,p30,1.0,1.5,True
seed_014_Brazil_combined_transition_physical_p30_ibx1_0_shockx1_5_no_liquidity_uniform_sector_distribution,seed_014,Brazil,combined_transition_physical,p30,1.0,1.5,True
seed_014_Germany_orderly_transition_p30_ibx1_0_shockx1_5_no_liquidity_uniform_sector_distribution,seed_014,Germany,orderly_transition,p30,1.0,1.5,True
seed_014_Germany_disorderly_transition_p30_ibx1_0_shockx1_5_no_liquidity_uniform_sector_distribution,seed_014,Germany,disorderly_transition,p30,1.0,1.5,True
seed_014_Germany_severe_disorderly_transition_p30_ibx1_0_shockx1_5_no_liquidity_uniform_sector_distribution,seed_014,Germany,severe_disorderly_transition,p30,1.0,1.5,True
seed_014_Germany_acute_physical_risk_p30_ibx1_0_shockx1_5_no_liquidity_uniform_sector_distribution,seed_014,Germany,acute_physical_risk,p30,1.0,1.5,True
seed_014_Germany_combined_transition_physical_p30_ibx1_0_shockx1_5_no_liquidity_uniform_sector_distribution,seed_014,Germany,combined_transition_physical,p30,1.0,1.5,True
seed_014_Italy_orderly_transition_p30_ibx1_0_shockx1_5_no_liquidity_uniform_sector_distribution,seed_014,Italy,orderly_transition,p30,1.0,1.5,True
seed_014_Italy_disorderly_transition_p30_ibx1_0_shockx1_5_no_liquidity_uniform_sector_distribution,seed_014,Italy,disorderly_transition,p30,1.0,1.5,True
seed_014_Italy_severe_disorderly_transition_p30_ibx1_0_shockx1_5_no_liquidity_uniform_sector_distribution,seed_014,Italy,severe_disorderly_transition,p30,1.0,1.5,True
seed_014_Italy_acute_physical_risk_p30_ibx1_0_shockx1_5_no_liquidity_uniform_sector_distribution,seed_014,Italy,acute_physical_risk,p30,1.0,1.5,True
seed_014_Italy_combined_transition_physical_p30_ibx1_0_shockx1_5_no_liquidity_uniform_sector_distribution,seed_014,Italy,combined_transition_physical,p30,1.0,1.5,True
seed_014_Spain_orderly_transition_p30_ibx1_0_shockx1_5_no_liquidity_uniform_sector_distribution,seed_014,Spain,orderly_transition,p30,1.0,1.5,True
seed_014_Spain_disorderly_transition_p30_ibx1_0_shockx1_5_no_liquidity_uniform_sector_distribution,seed_014,Spain,disorderly_transition,p30,1.0,1.5,True
seed_014_Spain_severe_disorderly_transition_p30_ibx1_0_shockx1_5_no_liquidity_uniform_sector_distribution,seed_014,Spain,severe_disorderly_transition,p30,1.0,1.5,True
seed_014_Spain_acute_physical_risk_p30_ibx1_0_shockx1_5_no_liquidity_uniform_sector_distribution,seed_014,Spain,acute_physical_risk,p30,1.0,1.5,True
seed_014_Spain_combined_transition_physical_p30_ibx1_0_shockx1_5_no_liquidity_uniform_sector_distribution,seed_014,Spain,combined_transition_physical,p30,1.0,1.5,True
seed_014_Ukraine_orderly_transition_p30_ibx1_0_shockx1_5_no_liquidity_uniform_sector_distribution,seed_014,Ukraine,orderly_transition,p30,1.0,1.5,True
seed_014_Ukraine_disorderly_transition_p30_ibx1_0_shockx1_5_no_liquidity_uniform_sector_distribution,seed_014,Ukraine,disorderly_transition,p30,1.0,1.5,True
seed_014_Ukraine_severe_disorderly_transition_p30_ibx1_0_shockx1_5_no_liquidity_uniform_sector_distribution,seed_014,Ukraine,severe_disorderly_transition,p30,1.0,1.5,True
seed_014_Ukraine_acute_physical_risk_p30_ibx1_0_shockx1_5_no_liquidity_uniform_sector_distribution,seed_014,Ukraine,acute_physical_risk,p30,1.0,1.5,True
seed_014_Ukraine_combined_transition_physical_p30_ibx1_0_shockx1_5_no_liquidity_uniform_sector_distribution,seed_014,Ukraine,combined_transition_physical,p30,1.0,1.5,True
seed_014_United_States_of_America_orderly_transition_p30_ibx1_0_shockx1_5_no_liquidity_uniform_sector_distribution,seed_014,United States of America,orderly_transition,p30,1.0,1.5,True
seed_014_United_States_of_America_disorderly_transition_p30_ibx1_0_shockx1_5_no_liquidity_uniform_sector_distribution,seed_014,United States of America,disorderly_transition,p30,1.0,1.5,True
seed_014_United_States_of_America_severe_disorderly_transition_p30_ibx1_0_shockx1_5_no_liquidity_uniform_sector_distribution,seed_014,United States of America,severe_disorderly_transition,p30,1.0,1.5,True
seed_014_United_States_of_America_acute_physical_risk_p30_ibx1_0_shockx1_5_no_liquidity_uniform_sector_distribution,seed_014,United States of America,acute_physical_risk,p30,1.0,1.5,True
seed_014_United_States_of_America_combined_transition_physical_p30_ibx1_0_shockx1_5_no_liquidity_uniform_sector_distribution,seed_014,United States of America,combined_transition_physical,p30,1.0,1.5,True
seed_015_Brazil_orderly_transition_p30_ibx1_0_shockx0_75_no_liquidity_uniform_sector_distribution,seed_015,Brazil,orderly_transition,p30,1.0,0.75,True
seed_015_Brazil_disorderly_transition_p30_ibx1_0_shockx0_75_no_liquidity_uniform_sector_distribution,seed_015,Brazil,disorderly_transition,p30,1.0,0.75,True
seed_015_Brazil_severe_disorderly_transition_p30_ibx1_0_shockx0_75_no_liquidity_uniform_sector_distribution,seed_015,Brazil,severe_disorderly_transition,p30,1.0,0.75,True
seed_015_Brazil_acute_physical_risk_p30_ibx1_0_shockx0_75_no_liquidity_uniform_sector_distribution,seed_015,Brazil,acute_physical_risk,p30,1.0,0.75,True
seed_015_Brazil_combined_transition_physical_p30_ibx1_0_shockx0_75_no_liquidity_uniform_sector_distribution,seed_015,Brazil,combined_transition_physical,p30,1.0,0.75,True
seed_015_Germany_orderly_transition_p30_ibx1_0_shockx0_75_no_liquidity_uniform_sector_distribution,seed_015,Germany,orderly_transition,p30,1.0,0.75,True
seed_015_Germany_disorderly_transition_p30_ibx1_0_shockx0_75_no_liquidity_uniform_sector_distribution,seed_015,Germany,disorderly_transition,p30,1.0,0.75,True
seed_015_Germany_severe_disorderly_transition_p30_ibx1_0_shockx0_75_no_liquidity_uniform_sector_distribution,seed_015,Germany,severe_disorderly_transition,p30,1.0,0.75,True
seed_015_Germany_acute_physical_risk_p30_ibx1_0_shockx0_75_no_liquidity_uniform_sector_distribution,seed_015,Germany,acute_physical_risk,p30,1.0,0.75,True
seed_015_Germany_combined_transition_physical_p30_ibx1_0_shockx0_75_no_liquidity_uniform_sector_distribution,seed_015,Germany,combined_transition_physical,p30,1.0,0.75,True
seed_015_Italy_orderly_transition_p30_ibx1_0_shockx0_75_no_liquidity_uniform_sector_distribution,seed_015,Italy,orderly_transition,p30,1.0,0.75,True
seed_015_Italy_disorderly_transition_p30_ibx1_0_shockx0_75_no_liquidity_uniform_sector_distribution,seed_015,Italy,disorderly_transition,p30,1.0,0.75,True
seed_015_Italy_severe_disorderly_transition_p30_ibx1_0_shockx0_75_no_liquidity_uniform_sector_distribution,seed_015,Italy,severe_disorderly_transition,p30,1.0,0.75,True
seed_015_Italy_acute_physical_risk_p30_ibx1_0_shockx0_75_no_liquidity_uniform_sector_distribution,seed_015,Italy,acute_physical_risk,p30,1.0,0.75,True
seed_015_Italy_combined_transition_physical_p30_ibx1_0_shockx0_75_no_liquidity_uniform_sector_distribution,seed_015,Italy,combined_transition_physical,p30,1.0,0.75,True
seed_015_Spain_orderly_transition_p30_ibx1_0_shockx0_75_no_liquidity_uniform_sector_distribution,seed_015,Spain,orderly_transition,p30,1.0,0.75,True
seed_015_Spain_disorderly_transition_p30_ibx1_0_shockx0_75_no_liquidity_uniform_sector_distribution,seed_015,Spain,disorderly_transition,p30,1.0,0.75,True
seed_015_Spain_severe_disorderly_transition_p30_ibx1_0_shockx0_75_no_liquidity_uniform_sector_distribution,seed_015,Spain,severe_disorderly_transition,p30,1.0,0.75,True
seed_015_Spain_acute_physical_risk_p30_ibx1_0_shockx0_75_no_liquidity_uniform_sector_distribution,seed_015,Spain,acute_physical_risk,p30,1.0,0.75,True
seed_015_Spain_combined_transition_physical_p30_ibx1_0_shockx0_75_no_liquidity_uniform_sector_distribution,seed_015,Spain,combined_transition_physical,p30,1.0,0.75,True
seed_015_Ukraine_orderly_transition_p30_ibx1_0_shockx0_75_no_liquidity_uniform_sector_distribution,seed_015,Ukraine,orderly_transition,p30,1.0,0.75,True
seed_015_Ukraine_disorderly_transition_p30_ibx1_0_shockx0_75_no_liquidity_uniform_sector_distribution,seed_015,Ukraine,disorderly_transition,p30,1.0,0.75,True
seed_015_Ukraine_severe_disorderly_transition_p30_ibx1_0_shockx0_75_no_liquidity_uniform_sector_distribution,seed_015,Ukraine,severe_disorderly_transition,p30,1.0,0.75,True
seed_015_Ukraine_acute_physical_risk_p30_ibx1_0_shockx0_75_no_liquidity_uniform_sector_distribution,seed_015,Ukraine,acute_physical_risk,p30,1.0,0.75,True
seed_015_Ukraine_combined_transition_physical_p30_ibx1_0_shockx0_75_no_liquidity_uniform_sector_distribution,seed_015,Ukraine,combined_transition_physical,p30,1.0,0.75,True
seed_015_United_States_of_America_orderly_transition_p30_ibx1_0_shockx0_75_no_liquidity_uniform_sector_distribution,seed_015,United States of America,orderly_transition,p30,1.0,0.75,True
seed_015_United_States_of_America_disorderly_transition_p30_ibx1_0_shockx0_75_no_liquidity_uniform_sector_distribution,seed_015,United States of America,disorderly_transition,p30,1.0,0.75,True
seed_015_United_States_of_America_severe_disorderly_transition_p30_ibx1_0_shockx0_75_no_liquidity_uniform_sector_distribution,seed_015,United States of America,severe_disorderly_transition,p30,1.0,0.75,True
seed_015_United_States_of_America_acute_physical_risk_p30_ibx1_0_shockx0_75_no_liquidity_uniform_sector_distribution,seed_015,United States of America,acute_physical_risk,p30,1.0,0.75,True
seed_015_United_States_of_America_combined_transition_physical_p30_ibx1_0_shockx0_75_no_liquidity_uniform_sector_distribution,seed_015,United States of America,combined_transition_physical,p30,1.0,0.75,True
seed_015_Brazil_orderly_transition_p30_ibx1_0_shockx1_0_no_liquidity_uniform_sector_distribution,seed_015,Brazil,orderly_transition,p30,1.0,1.0,True
seed_015_Brazil_disorderly_transition_p30_ibx1_0_shockx1_0_no_liquidity_uniform_sector_distribution,seed_015,Brazil,disorderly_transition,p30,1.0,1.0,True
seed_015_Brazil_severe_disorderly_transition_p30_ibx1_0_shockx1_0_no_liquidity_uniform_sector_distribution,seed_015,Brazil,severe_disorderly_transition,p30,1.0,1.0,True
seed_015_Brazil_acute_physical_risk_p30_ibx1_0_shockx1_0_no_liquidity_uniform_sector_distribution,seed_015,Brazil,acute_physical_risk,p30,1.0,1.0,True
seed_015_Brazil_combined_transition_physical_p30_ibx1_0_shockx1_0_no_liquidity_uniform_sector_distribution,seed_015,Brazil,combined_transition_physical,p30,1.0,1.0,True
seed_015_Germany_orderly_transition_p30_ibx1_0_shockx1_0_no_liquidity_uniform_sector_distribution,seed_015,Germany,orderly_transition,p30,1.0,1.0,True
seed_015_Germany_disorderly_transition_p30_ibx1_0_shockx1_0_no_liquidity_uniform_sector_distribution,seed_015,Germany,disorderly_transition,p30,1.0,1.0,True
seed_015_Germany_severe_disorderly_transition_p30_ibx1_0_shockx1_0_no_liquidity_uniform_sector_distribution,seed_015,Germany,severe_disorderly_transition,p30,1.0,1.0,True
seed_015_Germany_acute_physical_risk_p30_ibx1_0_shockx1_0_no_liquidity_uniform_sector_distribution,seed_015,Germany,acute_physical_risk,p30,1.0,1.0,True
seed_015_Germany_combined_transition_physical_p30_ibx1_0_shockx1_0_no_liquidity_uniform_sector_distribution,seed_015,Germany,combined_transition_physical,p30,1.0,1.0,True
seed_015_Italy_orderly_transition_p30_ibx1_0_shockx1_0_no_liquidity_uniform_sector_distribution,seed_015,Italy,orderly_transition,p30,1.0,1.0,True
seed_015_Italy_disorderly_transition_p30_ibx1_0_shockx1_0_no_liquidity_uniform_sector_distribution,seed_015,Italy,disorderly_transition,p30,1.0,1.0,True
seed_015_Italy_severe_disorderly_transition_p30_ibx1_0_shockx1_0_no_liquidity_uniform_sector_distribution,seed_015,Italy,severe_disorderly_transition,p30,1.0,1.0,True
seed_015_Italy_acute_physical_risk_p30_ibx1_0_shockx1_0_no_liquidity_uniform_sector_distribution,seed_015,Italy,acute_physical_risk,p30,1.0,1.0,True
seed_015_Italy_combined_transition_physical_p30_ibx1_0_shockx1_0_no_liquidity_uniform_sector_distribution,seed_015,Italy,combined_transition_physical,p30,1.0,1.0,True
seed_015_Spain_orderly_transition_p30_ibx1_0_shockx1_0_no_liquidity_uniform_sector_distribution,seed_015,Spain,orderly_transition,p30,1.0,1.0,True
seed_015_Spain_disorderly_transition_p30_ibx1_0_shockx1_0_no_liquidity_uniform_sector_distribution,seed_015,Spain,disorderly_transition,p30,1.0,1.0,True
seed_015_Spain_severe_disorderly_transition_p30_ibx1_0_shockx1_0_no_liquidity_uniform_sector_distribution,seed_015,Spain,severe_disorderly_transition,p30,1.0,1.0,True
seed_015_Spain_acute_physical_risk_p30_ibx1_0_shockx1_0_no_liquidity_uniform_sector_distribution,seed_015,Spain,acute_physical_risk,p30,1.0,1.0,True
seed_015_Spain_combined_transition_physical_p30_ibx1_0_shockx1_0_no_liquidity_uniform_sector_distribution,seed_015,Spain,combined_transition_physical,p30,1.0,1.0,True
seed_015_Ukraine_orderly_transition_p30_ibx1_0_shockx1_0_no_liquidity_uniform_sector_distribution,seed_015,Ukraine,orderly_transition,p30,1.0,1.0,True
seed_015_Ukraine_disorderly_transition_p30_ibx1_0_shockx1_0_no_liquidity_uniform_sector_distribution,seed_015,Ukraine,disorderly_transition,p30,1.0,1.0,True
seed_015_Ukraine_severe_disorderly_transition_p30_ibx1_0_shockx1_0_no_liquidity_uniform_sector_distribution,seed_015,Ukraine,severe_disorderly_transition,p30,1.0,1.0,True
seed_015_Ukraine_acute_physical_risk_p30_ibx1_0_shockx1_0_no_liquidity_uniform_sector_distribution,seed_015,Ukraine,acute_physical_risk,p30,1.0,1.0,True
seed_015_Ukraine_combined_transition_physical_p30_ibx1_0_shockx1_0_no_liquidity_uniform_sector_distribution,seed_015,Ukraine,combined_transition_physical,p30,1.0,1.0,True
seed_015_United_States_of_America_orderly_transition_p30_ibx1_0_shockx1_0_no_liquidity_uniform_sector_distribution,seed_015,United States of America,orderly_transition,p30,1.0,1.0,True
seed_015_United_States_of_America_disorderly_transition_p30_ibx1_0_shockx1_0_no_liquidity_uniform_sector_distribution,seed_015,United States of America,disorderly_transition,p30,1.0,1.0,True
seed_015_United_States_of_America_severe_disorderly_transition_p30_ibx1_0_shockx1_0_no_liquidity_uniform_sector_distribution,seed_015,United States of America,severe_disorderly_transition,p30,1.0,1.0,True
seed_015_United_States_of_America_acute_physical_risk_p30_ibx1_0_shockx1_0_no_liquidity_uniform_sector_distribution,seed_015,United States of America,acute_physical_risk,p30,1.0,1.0,True
seed_015_United_States_of_America_combined_transition_physical_p30_ibx1_0_shockx1_0_no_liquidity_uniform_sector_distribution,seed_015,United States of America,combined_transition_physical,p30,1.0,1.0,True
seed_015_Brazil_orderly_transition_p30_ibx1_0_shockx1_25_no_liquidity_uniform_sector_distribution,seed_015,Brazil,orderly_transition,p30,1.0,1.25,True
seed_015_Brazil_disorderly_transition_p30_ibx1_0_shockx1_25_no_liquidity_uniform_sector_distribution,seed_015,Brazil,disorderly_transition,p30,1.0,1.25,True
seed_015_Brazil_severe_disorderly_transition_p30_ibx1_0_shockx1_25_no_liquidity_uniform_sector_distribution,seed_015,Brazil,severe_disorderly_transition,p30,1.0,1.25,True
seed_015_Brazil_acute_physical_risk_p30_ibx1_0_shockx1_25_no_liquidity_uniform_sector_distribution,seed_015,Brazil,acute_physical_risk,p30,1.0,1.25,True
seed_015_Brazil_combined_transition_physical_p30_ibx1_0_shockx1_25_no_liquidity_uniform_sector_distribution,seed_015,Brazil,combined_transition_physical,p30,1.0,1.25,True
seed_015_Germany_orderly_transition_p30_ibx1_0_shockx1_25_no_liquidity_uniform_sector_distribution,seed_015,Germany,orderly_transition,p30,1.0,1.25,True
seed_015_Germany_disorderly_transition_p30_ibx1_0_shockx1_25_no_liquidity_uniform_sector_distribution,seed_015,Germany,disorderly_transition,p30,1.0,1.25,True
seed_015_Germany_severe_disorderly_transition_p30_ibx1_0_shockx1_25_no_liquidity_uniform_sector_distribution,seed_015,Germany,severe_disorderly_transition,p30,1.0,1.25,True
seed_015_Germany_acute_physical_risk_p30_ibx1_0_shockx1_25_no_liquidity_uniform_sector_distribution,seed_015,Germany,acute_physical_risk,p30,1.0,1.25,True
seed_015_Germany_combined_transition_physical_p30_ibx1_0_shockx1_25_no_liquidity_uniform_sector_distribution,seed_015,Germany,combined_transition_physical,p30,1.0,1.25,True
seed_015_Italy_orderly_transition_p30_ibx1_0_shockx1_25_no_liquidity_uniform_sector_distribution,seed_015,Italy,orderly_transition,p30,1.0,1.25,True
seed_015_Italy_disorderly_transition_p30_ibx1_0_shockx1_25_no_liquidity_uniform_sector_distribution,seed_015,Italy,disorderly_transition,p30,1.0,1.25,True
seed_015_Italy_severe_disorderly_transition_p30_ibx1_0_shockx1_25_no_liquidity_uniform_sector_distribution,seed_015,Italy,severe_disorderly_transition,p30,1.0,1.25,True
seed_015_Italy_acute_physical_risk_p30_ibx1_0_shockx1_25_no_liquidity_uniform_sector_distribution,seed_015,Italy,acute_physical_risk,p30,1.0,1.25,True
seed_015_Italy_combined_transition_physical_p30_ibx1_0_shockx1_25_no_liquidity_uniform_sector_distribution,seed_015,Italy,combined_transition_physical,p30,1.0,1.25,True
seed_015_Spain_orderly_transition_p30_ibx1_0_shockx1_25_no_liquidity_uniform_sector_distribution,seed_015,Spain,orderly_transition,p30,1.0,1.25,True
seed_015_Spain_disorderly_transition_p30_ibx1_0_shockx1_25_no_liquidity_uniform_sector_distribution,seed_015,Spain,disorderly_transition,p30,1.0,1.25,True
seed_015_Spain_severe_disorderly_transition_p30_ibx1_0_shockx1_25_no_liquidity_uniform_sector_distribution,seed_015,Spain,severe_disorderly_transition,p30,1.0,1.25,True
seed_015_Spain_acute_physical_risk_p30_ibx1_0_shockx1_25_no_liquidity_uniform_sector_distribution,seed_015,Spain,acute_physical_risk,p30,1.0,1.25,True
seed_015_Spain_combined_transition_physical_p30_ibx1_0_shockx1_25_no_liquidity_uniform_sector_distribution,seed_015,Spain,combined_transition_physical,p30,1.0,1.25,True
seed_015_Ukraine_orderly_transition_p30_ibx1_0_shockx1_25_no_liquidity_uniform_sector_distribution,seed_015,Ukraine,orderly_transition,p30,1.0,1.25,True
seed_015_Ukraine_disorderly_transition_p30_ibx1_0_shockx1_25_no_liquidity_uniform_sector_distribution,seed_015,Ukraine,disorderly_transition,p30,1.0,1.25,True
seed_015_Ukraine_severe_disorderly_transition_p30_ibx1_0_shockx1_25_no_liquidity_uniform_sector_distribution,seed_015,Ukraine,severe_disorderly_transition,p30,1.0,1.25,True
seed_015_Ukraine_acute_physical_risk_p30_ibx1_0_shockx1_25_no_liquidity_uniform_sector_distribution,seed_015,Ukraine,acute_physical_risk,p30,1.0,1.25,True
seed_015_Ukraine_combined_transition_physical_p30_ibx1_0_shockx1_25_no_liquidity_uniform_sector_distribution,seed_015,Ukraine,combined_transition_physical,p30,1.0,1.25,True
seed_015_United_States_of_America_orderly_transition_p30_ibx1_0_shockx1_25_no_liquidity_uniform_sector_distribution,seed_015,United States of America,orderly_transition,p30,1.0,1.25,True
seed_015_United_States_of_America_disorderly_transition_p30_ibx1_0_shockx1_25_no_liquidity_uniform_sector_distribution,seed_015,United States of America,disorderly_transition,p30,1.0,1.25,True
seed_015_United_States_of_America_severe_disorderly_transition_p30_ibx1_0_shockx1_25_no_liquidity_uniform_sector_distribution,seed_015,United States of America,severe_disorderly_transition,p30,1.0,1.25,True
seed_015_United_States_of_America_acute_physical_risk_p30_ibx1_0_shockx1_25_no_liquidity_uniform_sector_distribution,seed_015,United States of America,acute_physical_risk,p30,1.0,1.25,True
seed_015_United_States_of_America_combined_transition_physical_p30_ibx1_0_shockx1_25_no_liquidity_uniform_sector_distribution,seed_015,United States of America,combined_transition_physical,p30,1.0,1.25,True
seed_015_Brazil_orderly_transition_p30_ibx1_0_shockx1_5_no_liquidity_uniform_sector_distribution,seed_015,Brazil,orderly_transition,p30,1.0,1.5,True
seed_015_Brazil_disorderly_transition_p30_ibx1_0_shockx1_5_no_liquidity_uniform_sector_distribution,seed_015,Brazil,disorderly_transition,p30,1.0,1.5,True
seed_015_Brazil_severe_disorderly_transition_p30_ibx1_0_shockx1_5_no_liquidity_uniform_sector_distribution,seed_015,Brazil,severe_disorderly_transition,p30,1.0,1.5,True
seed_015_Brazil_acute_physical_risk_p30_ibx1_0_shockx1_5_no_liquidity_uniform_sector_distribution,seed_015,Brazil,acute_physical_risk,p30,1.0,1.5,True
seed_015_Brazil_combined_transition_physical_p30_ibx1_0_shockx1_5_no_liquidity_uniform_sector_distribution,seed_015,Brazil,combined_transition_physical,p30,1.0,1.5,True
seed_015_Germany_orderly_transition_p30_ibx1_0_shockx1_5_no_liquidity_uniform_sector_distribution,seed_015,Germany,orderly_transition,p30,1.0,1.5,True
seed_015_Germany_disorderly_transition_p30_ibx1_0_shockx1_5_no_liquidity_uniform_sector_distribution,seed_015,Germany,disorderly_transition,p30,1.0,1.5,True
seed_015_Germany_severe_disorderly_transition_p30_ibx1_0_shockx1_5_no_liquidity_uniform_sector_distribution,seed_015,Germany,severe_disorderly_transition,p30,1.0,1.5,True
seed_015_Germany_acute_physical_risk_p30_ibx1_0_shockx1_5_no_liquidity_uniform_sector_distribution,seed_015,Germany,acute_physical_risk,p30,1.0,1.5,True
seed_015_Germany_combined_transition_physical_p30_ibx1_0_shockx1_5_no_liquidity_uniform_sector_distribution,seed_015,Germany,combined_transition_physical,p30,1.0,1.5,True
seed_015_Italy_orderly_transition_p30_ibx1_0_shockx1_5_no_liquidity_uniform_sector_distribution,seed_015,Italy,orderly_transition,p30,1.0,1.5,True
seed_015_Italy_disorderly_transition_p30_ibx1_0_shockx1_5_no_liquidity_uniform_sector_distribution,seed_015,Italy,disorderly_transition,p30,1.0,1.5,True
seed_015_Italy_severe_disorderly_transition_p30_ibx1_0_shockx1_5_no_liquidity_uniform_sector_distribution,seed_015,Italy,severe_disorderly_transition,p30,1.0,1.5,True
seed_015_Italy_acute_physical_risk_p30_ibx1_0_shockx1_5_no_liquidity_uniform_sector_distribution,seed_015,Italy,acute_physical_risk,p30,1.0,1.5,True
seed_015_Italy_combined_transition_physical_p30_ibx1_0_shockx1_5_no_liquidity_uniform_sector_distribution,seed_015,Italy,combined_transition_physical,p30,1.0,1.5,True
seed_015_Spain_orderly_transition_p30_ibx1_0_shockx1_5_no_liquidity_uniform_sector_distribution,seed_015,Spain,orderly_transition,p30,1.0,1.5,True
seed_015_Spain_disorderly_transition_p30_ibx1_0_shockx1_5_no_liquidity_uniform_sector_distribution,seed_015,Spain,disorderly_transition,p30,1.0,1.5,True
seed_015_Spain_severe_disorderly_transition_p30_ibx1_0_shockx1_5_no_liquidity_uniform_sector_distribution,seed_015,Spain,severe_disorderly_transition,p30,1.0,1.5,True
seed_015_Spain_acute_physical_risk_p30_ibx1_0_shockx1_5_no_liquidity_uniform_sector_distribution,seed_015,Spain,acute_physical_risk,p30,1.0,1.5,True
seed_015_Spain_combined_transition_physical_p30_ibx1_0_shockx1_5_no_liquidity_uniform_sector_distribution,seed_015,Spain,combined_transition_physical,p30,1.0,1.5,True
seed_015_Ukraine_orderly_transition_p30_ibx1_0_shockx1_5_no_liquidity_uniform_sector_distribution,seed_015,Ukraine,orderly_transition,p30,1.0,1.5,True
seed_015_Ukraine_disorderly_transition_p30_ibx1_0_shockx1_5_no_liquidity_uniform_sector_distribution,seed_015,Ukraine,disorderly_transition,p30,1.0,1.5,True
seed_015_Ukraine_severe_disorderly_transition_p30_ibx1_0_shockx1_5_no_liquidity_uniform_sector_distribution,seed_015,Ukraine,severe_disorderly_transition,p30,1.0,1.5,True
seed_015_Ukraine_acute_physical_risk_p30_ibx1_0_shockx1_5_no_liquidity_uniform_sector_distribution,seed_015,Ukraine,acute_physical_risk,p30,1.0,1.5,True
seed_015_Ukraine_combined_transition_physical_p30_ibx1_0_shockx1_5_no_liquidity_uniform_sector_distribution,seed_015,Ukraine,combined_transition_physical,p30,1.0,1.5,True
seed_015_United_States_of_America_orderly_transition_p30_ibx1_0_shockx1_5_no_liquidity_uniform_sector_distribution,seed_015,United States of America,orderly_transition,p30,1.0,1.5,True
seed_015_United_States_of_America_disorderly_transition_p30_ibx1_0_shockx1_5_no_liquidity_uniform_sector_distribution,seed_015,United States of America,disorderly_transition,p30,1.0,1.5,True
seed_015_United_States_of_America_severe_disorderly_transition_p30_ibx1_0_shockx1_5_no_liquidity_uniform_sector_distribution,seed_015,United States of America,severe_disorderly_transition,p30,1.0,1.5,True
seed_015_United_States_of_America_acute_physical_risk_p30_ibx1_0_shockx1_5_no_liquidity_uniform_sector_distribution,seed_015,United States of America,acute_physical_risk,p30,1.0,1.5,True
seed_015_United_States_of_America_combined_transition_physical_p30_ibx1_0_shockx1_5_no_liquidity_uniform_sector_distribution,seed_015,United States of America,combined_transition_physical,p30,1.0,1.5,True
seed_017_Brazil_orderly_transition_p30_ibx1_0_shockx0_75_no_liquidity_uniform_sector_distribution,seed_017,Brazil,orderly_transition,p30,1.0,0.75,True
seed_017_Brazil_disorderly_transition_p30_ibx1_0_shockx0_75_no_liquidity_uniform_sector_distribution,seed_017,Brazil,disorderly_transition,p30,1.0,0.75,True
seed_017_Brazil_severe_disorderly_transition_p30_ibx1_0_shockx0_75_no_liquidity_uniform_sector_distribution,seed_017,Brazil,severe_disorderly_transition,p30,1.0,0.75,True
seed_017_Brazil_acute_physical_risk_p30_ibx1_0_shockx0_75_no_liquidity_uniform_sector_distribution,seed_017,Brazil,acute_physical_risk,p30,1.0,0.75,True
seed_017_Brazil_combined_transition_physical_p30_ibx1_0_shockx0_75_no_liquidity_uniform_sector_distribution,seed_017,Brazil,combined_transition_physical,p30,1.0,0.75,True
seed_017_Germany_orderly_transition_p30_ibx1_0_shockx0_75_no_liquidity_uniform_sector_distribution,seed_017,Germany,orderly_transition,p30,1.0,0.75,True
seed_017_Germany_disorderly_transition_p30_ibx1_0_shockx0_75_no_liquidity_uniform_sector_distribution,seed_017,Germany,disorderly_transition,p30,1.0,0.75,True
seed_017_Germany_severe_disorderly_transition_p30_ibx1_0_shockx0_75_no_liquidity_uniform_sector_distribution,seed_017,Germany,severe_disorderly_transition,p30,1.0,0.75,True
seed_017_Germany_acute_physical_risk_p30_ibx1_0_shockx0_75_no_liquidity_uniform_sector_distribution,seed_017,Germany,acute_physical_risk,p30,1.0,0.75,True
seed_017_Germany_combined_transition_physical_p30_ibx1_0_shockx0_75_no_liquidity_uniform_sector_distribution,seed_017,Germany,combined_transition_physical,p30,1.0,0.75,True
seed_017_Italy_orderly_transition_p30_ibx1_0_shockx0_75_no_liquidity_uniform_sector_distribution,seed_017,Italy,orderly_transition,p30,1.0,0.75,True
seed_017_Italy_disorderly_transition_p30_ibx1_0_shockx0_75_no_liquidity_uniform_sector_distribution,seed_017,Italy,disorderly_transition,p30,1.0,0.75,True
seed_017_Italy_severe_disorderly_transition_p30_ibx1_0_shockx0_75_no_liquidity_uniform_sector_distribution,seed_017,Italy,severe_disorderly_transition,p30,1.0,0.75,True
seed_017_Italy_acute_physical_risk_p30_ibx1_0_shockx0_75_no_liquidity_uniform_sector_distribution,seed_017,Italy,acute_physical_risk,p30,1.0,0.75,True
seed_017_Italy_combined_transition_physical_p30_ibx1_0_shockx0_75_no_liquidity_uniform_sector_distribution,seed_017,Italy,combined_transition_physical,p30,1.0,0.75,True
seed_017_Spain_orderly_transition_p30_ibx1_0_shockx0_75_no_liquidity_uniform_sector_distribution,seed_017,Spain,orderly_transition,p30,1.0,0.75,True
seed_017_Spain_disorderly_transition_p30_ibx1_0_shockx0_75_no_liquidity_uniform_sector_distribution,seed_017,Spain,disorderly_transition,p30,1.0,0.75,True
seed_017_Spain_severe_disorderly_transition_p30_ibx1_0_shockx0_75_no_liquidity_uniform_sector_distribution,seed_017,Spain,severe_disorderly_transition,p30,1.0,0.75,True
seed_017_Spain_acute_physical_risk_p30_ibx1_0_shockx0_75_no_liquidity_uniform_sector_distribution,seed_017,Spain,acute_physical_risk,p30,1.0,0.75,True
seed_017_Spain_combined_transition_physical_p30_ibx1_0_shockx0_75_no_liquidity_uniform_sector_distribution,seed_017,Spain,combined_transition_physical,p30,1.0,0.75,True
seed_017_Ukraine_orderly_transition_p30_ibx1_0_shockx0_75_no_liquidity_uniform_sector_distribution,seed_017,Ukraine,orderly_transition,p30,1.0,0.75,True
seed_017_Ukraine_disorderly_transition_p30_ibx1_0_shockx0_75_no_liquidity_uniform_sector_distribution,seed_017,Ukraine,disorderly_transition,p30,1.0,0.75,True
seed_017_Ukraine_severe_disorderly_transition_p30_ibx1_0_shockx0_75_no_liquidity_uniform_sector_distribution,seed_017,Ukraine,severe_disorderly_transition,p30,1.0,0.75,True
seed_017_Ukraine_acute_physical_risk_p30_ibx1_0_shockx0_75_no_liquidity_uniform_sector_distribution,seed_017,Ukraine,acute_physical_risk,p30,1.0,0.75,True
seed_017_Ukraine_combined_transition_physical_p30_ibx1_0_shockx0_75_no_liquidity_uniform_sector_distribution,seed_017,Ukraine,combined_transition_physical,p30,1.0,0.75,True
seed_017_United_States_of_America_orderly_transition_p30_ibx1_0_shockx0_75_no_liquidity_uniform_sector_distribution,seed_017,United States of America,orderly_transition,p30,1.0,0.75,True
seed_017_United_States_of_America_disorderly_transition_p30_ibx1_0_shockx0_75_no_liquidity_uniform_sector_distribution,seed_017,United States of America,disorderly_transition,p30,1.0,0.75,True
seed_017_United_States_of_America_severe_disorderly_transition_p30_ibx1_0_shockx0_75_no_liquidity_uniform_sector_distribution,seed_017,United States of America,severe_disorderly_transition,p30,1.0,0.75,True
seed_017_United_States_of_America_acute_physical_risk_p30_ibx1_0_shockx0_75_no_liquidity_uniform_sector_distribution,seed_017,United States of America,acute_physical_risk,p30,1.0,0.75,True
seed_017_United_States_of_America_combined_transition_physical_p30_ibx1_0_shockx0_75_no_liquidity_uniform_sector_distribution,seed_017,United States of America,combined_transition_physical,p30,1.0,0.75,True
seed_017_Brazil_orderly_transition_p30_ibx1_0_shockx1_0_no_liquidity_uniform_sector_distribution,seed_017,Brazil,orderly_transition,p30,1.0,1.0,True
seed_017_Brazil_disorderly_transition_p30_ibx1_0_shockx1_0_no_liquidity_uniform_sector_distribution,seed_017,Brazil,disorderly_transition,p30,1.0,1.0,True
seed_017_Brazil_severe_disorderly_transition_p30_ibx1_0_shockx1_0_no_liquidity_uniform_sector_distribution,seed_017,Brazil,severe_disorderly_transition,p30,1.0,1.0,True
seed_017_Brazil_acute_physical_risk_p30_ibx1_0_shockx1_0_no_liquidity_uniform_sector_distribution,seed_017,Brazil,acute_physical_risk,p30,1.0,1.0,True
seed_017_Brazil_combined_transition_physical_p30_ibx1_0_shockx1_0_no_liquidity_uniform_sector_distribution,seed_017,Brazil,combined_transition_physical,p30,1.0,1.0,True
seed_017_Germany_orderly_transition_p30_ibx1_0_shockx1_0_no_liquidity_uniform_sector_distribution,seed_017,Germany,orderly_transition,p30,1.0,1.0,True
seed_017_Germany_disorderly_transition_p30_ibx1_0_shockx1_0_no_liquidity_uniform_sector_distribution,seed_017,Germany,disorderly_transition,p30,1.0,1.0,True
seed_017_Germany_severe_disorderly_transition_p30_ibx1_0_shockx1_0_no_liquidity_uniform_sector_distribution,seed_017,Germany,severe_disorderly_transition,p30,1.0,1.0,True
seed_017_Germany_acute_physical_risk_p30_ibx1_0_shockx1_0_no_liquidity_uniform_sector_distribution,seed_017,Germany,acute_physical_risk,p30,1.0,1.0,True
seed_017_Germany_combined_transition_physical_p30_ibx1_0_shockx1_0_no_liquidity_uniform_sector_distribution,seed_017,Germany,combined_transition_physical,p30,1.0,1.0,True
seed_017_Italy_orderly_transition_p30_ibx1_0_shockx1_0_no_liquidity_uniform_sector_distribution,seed_017,Italy,orderly_transition,p30,1.0,1.0,True
seed_017_Italy_disorderly_transition_p30_ibx1_0_shockx1_0_no_liquidity_uniform_sector_distribution,seed_017,Italy,disorderly_transition,p30,1.0,1.0,True
seed_017_Italy_severe_disorderly_transition_p30_ibx1_0_shockx1_0_no_liquidity_uniform_sector_distribution,seed_017,Italy,severe_disorderly_transition,p30,1.0,1.0,True
seed_017_Italy_acute_physical_risk_p30_ibx1_0_shockx1_0_no_liquidity_uniform_sector_distribution,seed_017,Italy,acute_physical_risk,p30,1.0,1.0,True
seed_017_Italy_combined_transition_physical_p30_ibx1_0_shockx1_0_no_liquidity_uniform_sector_distribution,seed_017,Italy,combined_transition_physical,p30,1.0,1.0,True
seed_017_Spain_orderly_transition_p30_ibx1_0_shockx1_0_no_liquidity_uniform_sector_distribution,seed_017,Spain,orderly_transition,p30,1.0,1.0,True
seed_017_Spain_disorderly_transition_p30_ibx1_0_shockx1_0_no_liquidity_uniform_sector_distribution,seed_017,Spain,disorderly_transition,p30,1.0,1.0,True
seed_017_Spain_severe_disorderly_transition_p30_ibx1_0_shockx1_0_no_liquidity_uniform_sector_distribution,seed_017,Spain,severe_disorderly_transition,p30,1.0,1.0,True
seed_017_Spain_acute_physical_risk_p30_ibx1_0_shockx1_0_no_liquidity_uniform_sector_distribution,seed_017,Spain,acute_physical_risk,p30,1.0,1.0,True
seed_017_Spain_combined_transition_physical_p30_ibx1_0_shockx1_0_no_liquidity_uniform_sector_distribution,seed_017,Spain,combined_transition_physical,p30,1.0,1.0,True
seed_017_Ukraine_orderly_transition_p30_ibx1_0_shockx1_0_no_liquidity_uniform_sector_distribution,seed_017,Ukraine,orderly_transition,p30,1.0,1.0,True
seed_017_Ukraine_disorderly_transition_p30_ibx1_0_shockx1_0_no_liquidity_uniform_sector_distribution,seed_017,Ukraine,disorderly_transition,p30,1.0,1.0,True
seed_017_Ukraine_severe_disorderly_transition_p30_ibx1_0_shockx1_0_no_liquidity_uniform_sector_distribution,seed_017,Ukraine,severe_disorderly_transition,p30,1.0,1.0,True
seed_017_Ukraine_acute_physical_risk_p30_ibx1_0_shockx1_0_no_liquidity_uniform_sector_distribution,seed_017,Ukraine,acute_physical_risk,p30,1.0,1.0,True
seed_017_Ukraine_combined_transition_physical_p30_ibx1_0_shockx1_0_no_liquidity_uniform_sector_distribution,seed_017,Ukraine,combined_transition_physical,p30,1.0,1.0,True
seed_017_United_States_of_America_orderly_transition_p30_ibx1_0_shockx1_0_no_liquidity_uniform_sector_distribution,seed_017,United States of America,orderly_transition,p30,1.0,1.0,True
seed_017_United_States_of_America_disorderly_transition_p30_ibx1_0_shockx1_0_no_liquidity_uniform_sector_distribution,seed_017,United States of America,disorderly_transition,p30,1.0,1.0,True
seed_017_United_States_of_America_severe_disorderly_transition_p30_ibx1_0_shockx1_0_no_liquidity_uniform_sector_distribution,seed_017,United States of America,severe_disorderly_transition,p30,1.0,1.0,True
seed_017_United_States_of_America_acute_physical_risk_p30_ibx1_0_shockx1_0_no_liquidity_uniform_sector_distribution,seed_017,United States of America,acute_physical_risk,p30,1.0,1.0,True
seed_017_United_States_of_America_combined_transition_physical_p30_ibx1_0_shockx1_0_no_liquidity_uniform_sector_distribution,seed_017,United States of America,combined_transition_physical,p30,1.0,1.0,True
seed_017_Brazil_orderly_transition_p30_ibx1_0_shockx1_25_no_liquidity_uniform_sector_distribution,seed_017,Brazil,orderly_transition,p30,1.0,1.25,True
seed_017_Brazil_disorderly_transition_p30_ibx1_0_shockx1_25_no_liquidity_uniform_sector_distribution,seed_017,Brazil,disorderly_transition,p30,1.0,1.25,True
seed_017_Brazil_severe_disorderly_transition_p30_ibx1_0_shockx1_25_no_liquidity_uniform_sector_distribution,seed_017,Brazil,severe_disorderly_transition,p30,1.0,1.25,True
seed_017_Brazil_acute_physical_risk_p30_ibx1_0_shockx1_25_no_liquidity_uniform_sector_distribution,seed_017,Brazil,acute_physical_risk,p30,1.0,1.25,True
seed_017_Brazil_combined_transition_physical_p30_ibx1_0_shockx1_25_no_liquidity_uniform_sector_distribution,seed_017,Brazil,combined_transition_physical,p30,1.0,1.25,True
seed_017_Germany_orderly_transition_p30_ibx1_0_shockx1_25_no_liquidity_uniform_sector_distribution,seed_017,Germany,orderly_transition,p30,1.0,1.25,True
seed_017_Germany_disorderly_transition_p30_ibx1_0_shockx1_25_no_liquidity_uniform_sector_distribution,seed_017,Germany,disorderly_transition,p30,1.0,1.25,True
seed_017_Germany_severe_disorderly_transition_p30_ibx1_0_shockx1_25_no_liquidity_uniform_sector_distribution,seed_017,Germany,severe_disorderly_transition,p30,1.0,1.25,True
seed_017_Germany_acute_physical_risk_p30_ibx1_0_shockx1_25_no_liquidity_uniform_sector_distribution,seed_017,Germany,acute_physical_risk,p30,1.0,1.25,True
seed_017_Germany_combined_transition_physical_p30_ibx1_0_shockx1_25_no_liquidity_uniform_sector_distribution,seed_017,Germany,combined_transition_physical,p30,1.0,1.25,True
seed_017_Italy_orderly_transition_p30_ibx1_0_shockx1_25_no_liquidity_uniform_sector_distribution,seed_017,Italy,orderly_transition,p30,1.0,1.25,True
seed_017_Italy_disorderly_transition_p30_ibx1_0_shockx1_25_no_liquidity_uniform_sector_distribution,seed_017,Italy,disorderly_transition,p30,1.0,1.25,True
seed_017_Italy_severe_disorderly_transition_p30_ibx1_0_shockx1_25_no_liquidity_uniform_sector_distribution,seed_017,Italy,severe_disorderly_transition,p30,1.0,1.25,True
seed_017_Italy_acute_physical_risk_p30_ibx1_0_shockx1_25_no_liquidity_uniform_sector_distribution,seed_017,Italy,acute_physical_risk,p30,1.0,1.25,True
seed_017_Italy_combined_transition_physical_p30_ibx1_0_shockx1_25_no_liquidity_uniform_sector_distribution,seed_017,Italy,combined_transition_physical,p30,1.0,1.25,True
seed_017_Spain_orderly_transition_p30_ibx1_0_shockx1_25_no_liquidity_uniform_sector_distribution,seed_017,Spain,orderly_transition,p30,1.0,1.25,True
seed_017_Spain_disorderly_transition_p30_ibx1_0_shockx1_25_no_liquidity_uniform_sector_distribution,seed_017,Spain,disorderly_transition,p30,1.0,1.25,True
seed_017_Spain_severe_disorderly_transition_p30_ibx1_0_shockx1_25_no_liquidity_uniform_sector_distribution,seed_017,Spain,severe_disorderly_transition,p30,1.0,1.25,True
seed_017_Spain_acute_physical_risk_p30_ibx1_0_shockx1_25_no_liquidity_uniform_sector_distribution,seed_017,Spain,acute_physical_risk,p30,1.0,1.25,True
seed_017_Spain_combined_transition_physical_p30_ibx1_0_shockx1_25_no_liquidity_uniform_sector_distribution,seed_017,Spain,combined_transition_physical,p30,1.0,1.25,True
seed_017_Ukraine_orderly_transition_p30_ibx1_0_shockx1_25_no_liquidity_uniform_sector_distribution,seed_017,Ukraine,orderly_transition,p30,1.0,1.25,True
seed_017_Ukraine_disorderly_transition_p30_ibx1_0_shockx1_25_no_liquidity_uniform_sector_distribution,seed_017,Ukraine,disorderly_transition,p30,1.0,1.25,True
seed_017_Ukraine_severe_disorderly_transition_p30_ibx1_0_shockx1_25_no_liquidity_uniform_sector_distribution,seed_017,Ukraine,severe_disorderly_transition,p30,1.0,1.25,True
seed_017_Ukraine_acute_physical_risk_p30_ibx1_0_shockx1_25_no_liquidity_uniform_sector_distribution,seed_017,Ukraine,acute_physical_risk,p30,1.0,1.25,True
seed_017_Ukraine_combined_transition_physical_p30_ibx1_0_shockx1_25_no_liquidity_uniform_sector_distribution,seed_017,Ukraine,combined_transition_physical,p30,1.0,1.25,True
seed_017_United_States_of_America_orderly_transition_p30_ibx1_0_shockx1_25_no_liquidity_uniform_sector_distribution,seed_017,United States of America,orderly_transition,p30,1.0,1.25,True
seed_017_United_States_of_America_disorderly_transition_p30_ibx1_0_shockx1_25_no_liquidity_uniform_sector_distribution,seed_017,United States of America,disorderly_transition,p30,1.0,1.25,True
seed_017_United_States_of_America_severe_disorderly_transition_p30_ibx1_0_shockx1_25_no_liquidity_uniform_sector_distribution,seed_017,United States of America,severe_disorderly_transition,p30,1.0,1.25,True
seed_017_United_States_of_America_acute_physical_risk_p30_ibx1_0_shockx1_25_no_liquidity_uniform_sector_distribution,seed_017,United States of America,acute_physical_risk,p30,1.0,1.25,True
seed_017_United_States_of_America_combined_transition_physical_p30_ibx1_0_shockx1_25_no_liquidity_uniform_sector_distribution,seed_017,United States of America,combined_transition_physical,p30,1.0,1.25,True
seed_017_Brazil_orderly_transition_p30_ibx1_0_shockx1_5_no_liquidity_uniform_sector_distribution,seed_017,Brazil,orderly_transition,p30,1.0,1.5,True
seed_017_Brazil_disorderly_transition_p30_ibx1_0_shockx1_5_no_liquidity_uniform_sector_distribution,seed_017,Brazil,disorderly_transition,p30,1.0,1.5,True
seed_017_Brazil_severe_disorderly_transition_p30_ibx1_0_shockx1_5_no_liquidity_uniform_sector_distribution,seed_017,Brazil,severe_disorderly_transition,p30,1.0,1.5,True
seed_017_Brazil_acute_physical_risk_p30_ibx1_0_shockx1_5_no_liquidity_uniform_sector_distribution,seed_017,Brazil,acute_physical_risk,p30,1.0,1.5,True
seed_017_Brazil_combined_transition_physical_p30_ibx1_0_shockx1_5_no_liquidity_uniform_sector_distribution,seed_017,Brazil,combined_transition_physical,p30,1.0,1.5,True
seed_017_Germany_orderly_transition_p30_ibx1_0_shockx1_5_no_liquidity_uniform_sector_distribution,seed_017,Germany,orderly_transition,p30,1.0,1.5,True
seed_017_Germany_disorderly_transition_p30_ibx1_0_shockx1_5_no_liquidity_uniform_sector_distribution,seed_017,Germany,disorderly_transition,p30,1.0,1.5,True
seed_017_Germany_severe_disorderly_transition_p30_ibx1_0_shockx1_5_no_liquidity_uniform_sector_distribution,seed_017,Germany,severe_disorderly_transition,p30,1.0,1.5,True
seed_017_Germany_acute_physical_risk_p30_ibx1_0_shockx1_5_no_liquidity_uniform_sector_distribution,seed_017,Germany,acute_physical_risk,p30,1.0,1.5,True
seed_017_Germany_combined_transition_physical_p30_ibx1_0_shockx1_5_no_liquidity_uniform_sector_distribution,seed_017,Germany,combined_transition_physical,p30,1.0,1.5,True
seed_017_Italy_orderly_transition_p30_ibx1_0_shockx1_5_no_liquidity_uniform_sector_distribution,seed_017,Italy,orderly_transition,p30,1.0,1.5,True
seed_017_Italy_disorderly_transition_p30_ibx1_0_shockx1_5_no_liquidity_uniform_sector_distribution,seed_017,Italy,disorderly_transition,p30,1.0,1.5,True
seed_017_Italy_severe_disorderly_transition_p30_ibx1_0_shockx1_5_no_liquidity_uniform_sector_distribution,seed_017,Italy,severe_disorderly_transition,p30,1.0,1.5,True
seed_017_Italy_acute_physical_risk_p30_ibx1_0_shockx1_5_no_liquidity_uniform_sector_distribution,seed_017,Italy,acute_physical_risk,p30,1.0,1.5,True
seed_017_Italy_combined_transition_physical_p30_ibx1_0_shockx1_5_no_liquidity_uniform_sector_distribution,seed_017,Italy,combined_transition_physical,p30,1.0,1.5,True
seed_017_Spain_orderly_transition_p30_ibx1_0_shockx1_5_no_liquidity_uniform_sector_distribution,seed_017,Spain,orderly_transition,p30,1.0,1.5,True
seed_017_Spain_disorderly_transition_p30_ibx1_0_shockx1_5_no_liquidity_uniform_sector_distribution,seed_017,Spain,disorderly_transition,p30,1.0,1.5,True
seed_017_Spain_severe_disorderly_transition_p30_ibx1_0_shockx1_5_no_liquidity_uniform_sector_distribution,seed_017,Spain,severe_disorderly_transition,p30,1.0,1.5,True
seed_017_Spain_acute_physical_risk_p30_ibx1_0_shockx1_5_no_liquidity_uniform_sector_distribution,seed_017,Spain,acute_physical_risk,p30,1.0,1.5,True
seed_017_Spain_combined_transition_physical_p30_ibx1_0_shockx1_5_no_liquidity_uniform_sector_distribution,seed_017,Spain,combined_transition_physical,p30,1.0,1.5,True
seed_017_Ukraine_orderly_transition_p30_ibx1_0_shockx1_5_no_liquidity_uniform_sector_distribution,seed_017,Ukraine,orderly_transition,p30,1.0,1.5,True
seed_017_Ukraine_disorderly_transition_p30_ibx1_0_shockx1_5_no_liquidity_uniform_sector_distribution,seed_017,Ukraine,disorderly_transition,p30,1.0,1.5,True
seed_017_Ukraine_severe_disorderly_transition_p30_ibx1_0_shockx1_5_no_liquidity_uniform_sector_distribution,seed_017,Ukraine,severe_disorderly_transition,p30,1.0,1.5,True
seed_017_Ukraine_acute_physical_risk_p30_ibx1_0_shockx1_5_no_liquidity_uniform_sector_distribution,seed_017,Ukraine,acute_physical_risk,p30,1.0,1.5,True
seed_017_Ukraine_combined_transition_physical_p30_ibx1_0_shockx1_5_no_liquidity_uniform_sector_distribution,seed_017,Ukraine,combined_transition_physical,p30,1.0,1.5,True
seed_017_United_States_of_America_orderly_transition_p30_ibx1_0_shockx1_5_no_liquidity_uniform_sector_distribution,seed_017,United States of America,orderly_transition,p30,1.0,1.5,True
seed_017_United_States_of_America_disorderly_transition_p30_ibx1_0_shockx1_5_no_liquidity_uniform_sector_distribution,seed_017,United States of America,disorderly_transition,p30,1.0,1.5,True
seed_017_United_States_of_America_severe_disorderly_transition_p30_ibx1_0_shockx1_5_no_liquidity_uniform_sector_distribution,seed_017,United States of America,severe_disorderly_transition,p30,1.0,1.5,True
seed_017_United_States_of_America_acute_physical_risk_p30_ibx1_0_shockx1_5_no_liquidity_uniform_sector_distribution,seed_017,United States of America,acute_physical_risk,p30,1.0,1.5,True
seed_017_United_States_of_America_combined_transition_physical_p30_ibx1_0_shockx1_5_no_liquidity_uniform_sector_distribution,seed_017,United States of America,combined_transition_physical,p30,1.0,1.5,True
seed_018_Brazil_orderly_transition_p30_ibx1_0_shockx0_75_no_liquidity_uniform_sector_distribution,seed_018,Brazil,orderly_transition,p30,1.0,0.75,True
seed_018_Brazil_disorderly_transition_p30_ibx1_0_shockx0_75_no_liquidity_uniform_sector_distribution,seed_018,Brazil,disorderly_transition,p30,1.0,0.75,True
seed_018_Brazil_severe_disorderly_transition_p30_ibx1_0_shockx0_75_no_liquidity_uniform_sector_distribution,seed_018,Brazil,severe_disorderly_transition,p30,1.0,0.75,True
seed_018_Brazil_acute_physical_risk_p30_ibx1_0_shockx0_75_no_liquidity_uniform_sector_distribution,seed_018,Brazil,acute_physical_risk,p30,1.0,0.75,True
seed_018_Brazil_combined_transition_physical_p30_ibx1_0_shockx0_75_no_liquidity_uniform_sector_distribution,seed_018,Brazil,combined_transition_physical,p30,1.0,0.75,True
seed_018_Germany_orderly_transition_p30_ibx1_0_shockx0_75_no_liquidity_uniform_sector_distribution,seed_018,Germany,orderly_transition,p30,1.0,0.75,True
seed_018_Germany_disorderly_transition_p30_ibx1_0_shockx0_75_no_liquidity_uniform_sector_distribution,seed_018,Germany,disorderly_transition,p30,1.0,0.75,True
seed_018_Germany_severe_disorderly_transition_p30_ibx1_0_shockx0_75_no_liquidity_uniform_sector_distribution,seed_018,Germany,severe_disorderly_transition,p30,1.0,0.75,True
seed_018_Germany_acute_physical_risk_p30_ibx1_0_shockx0_75_no_liquidity_uniform_sector_distribution,seed_018,Germany,acute_physical_risk,p30,1.0,0.75,True
seed_018_Germany_combined_transition_physical_p30_ibx1_0_shockx0_75_no_liquidity_uniform_sector_distribution,seed_018,Germany,combined_transition_physical,p30,1.0,0.75,True
seed_018_Italy_orderly_transition_p30_ibx1_0_shockx0_75_no_liquidity_uniform_sector_distribution,seed_018,Italy,orderly_transition,p30,1.0,0.75,True
seed_018_Italy_disorderly_transition_p30_ibx1_0_shockx0_75_no_liquidity_uniform_sector_distribution,seed_018,Italy,disorderly_transition,p30,1.0,0.75,True
seed_018_Italy_severe_disorderly_transition_p30_ibx1_0_shockx0_75_no_liquidity_uniform_sector_distribution,seed_018,Italy,severe_disorderly_transition,p30,1.0,0.75,True
seed_018_Italy_acute_physical_risk_p30_ibx1_0_shockx0_75_no_liquidity_uniform_sector_distribution,seed_018,Italy,acute_physical_risk,p30,1.0,0.75,True
seed_018_Italy_combined_transition_physical_p30_ibx1_0_shockx0_75_no_liquidity_uniform_sector_distribution,seed_018,Italy,combined_transition_physical,p30,1.0,0.75,True
seed_018_Spain_orderly_transition_p30_ibx1_0_shockx0_75_no_liquidity_uniform_sector_distribution,seed_018,Spain,orderly_transition,p30,1.0,0.75,True
seed_018_Spain_disorderly_transition_p30_ibx1_0_shockx0_75_no_liquidity_uniform_sector_distribution,seed_018,Spain,disorderly_transition,p30,1.0,0.75,True
seed_018_Spain_severe_disorderly_transition_p30_ibx1_0_shockx0_75_no_liquidity_uniform_sector_distribution,seed_018,Spain,severe_disorderly_transition,p30,1.0,0.75,True
seed_018_Spain_acute_physical_risk_p30_ibx1_0_shockx0_75_no_liquidity_uniform_sector_distribution,seed_018,Spain,acute_physical_risk,p30,1.0,0.75,True
seed_018_Spain_combined_transition_physical_p30_ibx1_0_shockx0_75_no_liquidity_uniform_sector_distribution,seed_018,Spain,combined_transition_physical,p30,1.0,0.75,True
seed_018_Ukraine_orderly_transition_p30_ibx1_0_shockx0_75_no_liquidity_uniform_sector_distribution,seed_018,Ukraine,orderly_transition,p30,1.0,0.75,True
seed_018_Ukraine_disorderly_transition_p30_ibx1_0_shockx0_75_no_liquidity_uniform_sector_distribution,seed_018,Ukraine,disorderly_transition,p30,1.0,0.75,True
seed_018_Ukraine_severe_disorderly_transition_p30_ibx1_0_shockx0_75_no_liquidity_uniform_sector_distribution,seed_018,Ukraine,severe_disorderly_transition,p30,1.0,0.75,True
seed_018_Ukraine_acute_physical_risk_p30_ibx1_0_shockx0_75_no_liquidity_uniform_sector_distribution,seed_018,Ukraine,acute_physical_risk,p30,1.0,0.75,True
seed_018_Ukraine_combined_transition_physical_p30_ibx1_0_shockx0_75_no_liquidity_uniform_sector_distribution,seed_018,Ukraine,combined_transition_physical,p30,1.0,0.75,True
seed_018_United_States_of_America_orderly_transition_p30_ibx1_0_shockx0_75_no_liquidity_uniform_sector_distribution,seed_018,United States of America,orderly_transition,p30,1.0,0.75,True
seed_018_United_States_of_America_disorderly_transition_p30_ibx1_0_shockx0_75_no_liquidity_uniform_sector_distribution,seed_018,United States of America,disorderly_transition,p30,1.0,0.75,True
seed_018_United_States_of_America_severe_disorderly_transition_p30_ibx1_0_shockx0_75_no_liquidity_uniform_sector_distribution,seed_018,United States of America,severe_disorderly_transition,p30,1.0,0.75,True
seed_018_United_States_of_America_acute_physical_risk_p30_ibx1_0_shockx0_75_no_liquidity_uniform_sector_distribution,seed_018,United States of America,acute_physical_risk,p30,1.0,0.75,True
seed_018_United_States_of_America_combined_transition_physical_p30_ibx1_0_shockx0_75_no_liquidity_uniform_sector_distribution,seed_018,United States of America,combined_transition_physical,p30,1.0,0.75,True
seed_018_Brazil_orderly_transition_p30_ibx1_0_shockx1_0_no_liquidity_uniform_sector_distribution,seed_018,Brazil,orderly_transition,p30,1.0,1.0,True
seed_018_Brazil_disorderly_transition_p30_ibx1_0_shockx1_0_no_liquidity_uniform_sector_distribution,seed_018,Brazil,disorderly_transition,p30,1.0,1.0,True
seed_018_Brazil_severe_disorderly_transition_p30_ibx1_0_shockx1_0_no_liquidity_uniform_sector_distribution,seed_018,Brazil,severe_disorderly_transition,p30,1.0,1.0,True
seed_018_Brazil_acute_physical_risk_p30_ibx1_0_shockx1_0_no_liquidity_uniform_sector_distribution,seed_018,Brazil,acute_physical_risk,p30,1.0,1.0,True
seed_018_Brazil_combined_transition_physical_p30_ibx1_0_shockx1_0_no_liquidity_uniform_sector_distribution,seed_018,Brazil,combined_transition_physical,p30,1.0,1.0,True
seed_018_Germany_orderly_transition_p30_ibx1_0_shockx1_0_no_liquidity_uniform_sector_distribution,seed_018,Germany,orderly_transition,p30,1.0,1.0,True
seed_018_Germany_disorderly_transition_p30_ibx1_0_shockx1_0_no_liquidity_uniform_sector_distribution,seed_018,Germany,disorderly_transition,p30,1.0,1.0,True
seed_018_Germany_severe_disorderly_transition_p30_ibx1_0_shockx1_0_no_liquidity_uniform_sector_distribution,seed_018,Germany,severe_disorderly_transition,p30,1.0,1.0,True
seed_018_Germany_acute_physical_risk_p30_ibx1_0_shockx1_0_no_liquidity_uniform_sector_distribution,seed_018,Germany,acute_physical_risk,p30,1.0,1.0,True
seed_018_Germany_combined_transition_physical_p30_ibx1_0_shockx1_0_no_liquidity_uniform_sector_distribution,seed_018,Germany,combined_transition_physical,p30,1.0,1.0,True
seed_018_Italy_orderly_transition_p30_ibx1_0_shockx1_0_no_liquidity_uniform_sector_distribution,seed_018,Italy,orderly_transition,p30,1.0,1.0,True
seed_018_Italy_disorderly_transition_p30_ibx1_0_shockx1_0_no_liquidity_uniform_sector_distribution,seed_018,Italy,disorderly_transition,p30,1.0,1.0,True
seed_018_Italy_severe_disorderly_transition_p30_ibx1_0_shockx1_0_no_liquidity_uniform_sector_distribution,seed_018,Italy,severe_disorderly_transition,p30,1.0,1.0,True
seed_018_Italy_acute_physical_risk_p30_ibx1_0_shockx1_0_no_liquidity_uniform_sector_distribution,seed_018,Italy,acute_physical_risk,p30,1.0,1.0,True
seed_018_Italy_combined_transition_physical_p30_ibx1_0_shockx1_0_no_liquidity_uniform_sector_distribution,seed_018,Italy,combined_transition_physical,p30,1.0,1.0,True
seed_018_Spain_orderly_transition_p30_ibx1_0_shockx1_0_no_liquidity_uniform_sector_distribution,seed_018,Spain,orderly_transition,p30,1.0,1.0,True
seed_018_Spain_disorderly_transition_p30_ibx1_0_shockx1_0_no_liquidity_uniform_sector_distribution,seed_018,Spain,disorderly_transition,p30,1.0,1.0,True
seed_018_Spain_severe_disorderly_transition_p30_ibx1_0_shockx1_0_no_liquidity_uniform_sector_distribution,seed_018,Spain,severe_disorderly_transition,p30,1.0,1.0,True
seed_018_Spain_acute_physical_risk_p30_ibx1_0_shockx1_0_no_liquidity_uniform_sector_distribution,seed_018,Spain,acute_physical_risk,p30,1.0,1.0,True
seed_018_Spain_combined_transition_physical_p30_ibx1_0_shockx1_0_no_liquidity_uniform_sector_distribution,seed_018,Spain,combined_transition_physical,p30,1.0,1.0,True
seed_018_Ukraine_orderly_transition_p30_ibx1_0_shockx1_0_no_liquidity_uniform_sector_distribution,seed_018,Ukraine,orderly_transition,p30,1.0,1.0,True
seed_018_Ukraine_disorderly_transition_p30_ibx1_0_shockx1_0_no_liquidity_uniform_sector_distribution,seed_018,Ukraine,disorderly_transition,p30,1.0,1.0,True
seed_018_Ukraine_severe_disorderly_transition_p30_ibx1_0_shockx1_0_no_liquidity_uniform_sector_distribution,seed_018,Ukraine,severe_disorderly_transition,p30,1.0,1.0,True
seed_018_Ukraine_acute_physical_risk_p30_ibx1_0_shockx1_0_no_liquidity_uniform_sector_distribution,seed_018,Ukraine,acute_physical_risk,p30,1.0,1.0,True
seed_018_Ukraine_combined_transition_physical_p30_ibx1_0_shockx1_0_no_liquidity_uniform_sector_distribution,seed_018,Ukraine,combined_transition_physical,p30,1.0,1.0,True
seed_018_United_States_of_America_orderly_transition_p30_ibx1_0_shockx1_0_no_liquidity_uniform_sector_distribution,seed_018,United States of America,orderly_transition,p30,1.0,1.0,True
seed_018_United_States_of_America_disorderly_transition_p30_ibx1_0_shockx1_0_no_liquidity_uniform_sector_distribution,seed_018,United States of America,disorderly_transition,p30,1.0,1.0,True
seed_018_United_States_of_America_severe_disorderly_transition_p30_ibx1_0_shockx1_0_no_liquidity_uniform_sector_distribution,seed_018,United States of America,severe_disorderly_transition,p30,1.0,1.0,True
seed_018_United_States_of_America_acute_physical_risk_p30_ibx1_0_shockx1_0_no_liquidity_uniform_sector_distribution,seed_018,United States of America,acute_physical_risk,p30,1.0,1.0,True
seed_018_United_States_of_America_combined_transition_physical_p30_ibx1_0_shockx1_0_no_liquidity_uniform_sector_distribution,seed_018,United States of America,combined_transition_physical,p30,1.0,1.0,True
seed_018_Brazil_orderly_transition_p30_ibx1_0_shockx1_25_no_liquidity_uniform_sector_distribution,seed_018,Brazil,orderly_transition,p30,1.0,1.25,True
seed_018_Brazil_disorderly_transition_p30_ibx1_0_shockx1_25_no_liquidity_uniform_sector_distribution,seed_018,Brazil,disorderly_transition,p30,1.0,1.25,True
seed_018_Brazil_severe_disorderly_transition_p30_ibx1_0_shockx1_25_no_liquidity_uniform_sector_distribution,seed_018,Brazil,severe_disorderly_transition,p30,1.0,1.25,True
seed_018_Brazil_acute_physical_risk_p30_ibx1_0_shockx1_25_no_liquidity_uniform_sector_distribution,seed_018,Brazil,acute_physical_risk,p30,1.0,1.25,True
seed_018_Brazil_combined_transition_physical_p30_ibx1_0_shockx1_25_no_liquidity_uniform_sector_distribution,seed_018,Brazil,combined_transition_physical,p30,1.0,1.25,True
seed_018_Germany_orderly_transition_p30_ibx1_0_shockx1_25_no_liquidity_uniform_sector_distribution,seed_018,Germany,orderly_transition,p30,1.0,1.25,True
seed_018_Germany_disorderly_transition_p30_ibx1_0_shockx1_25_no_liquidity_uniform_sector_distribution,seed_018,Germany,disorderly_transition,p30,1.0,1.25,True
seed_018_Germany_severe_disorderly_transition_p30_ibx1_0_shockx1_25_no_liquidity_uniform_sector_distribution,seed_018,Germany,severe_disorderly_transition,p30,1.0,1.25,True
seed_018_Germany_acute_physical_risk_p30_ibx1_0_shockx1_25_no_liquidity_uniform_sector_distribution,seed_018,Germany,acute_physical_risk,p30,1.0,1.25,True
seed_018_Germany_combined_transition_physical_p30_ibx1_0_shockx1_25_no_liquidity_uniform_sector_distribution,seed_018,Germany,combined_transition_physical,p30,1.0,1.25,True
seed_018_Italy_orderly_transition_p30_ibx1_0_shockx1_25_no_liquidity_uniform_sector_distribution,seed_018,Italy,orderly_transition,p30,1.0,1.25,True
seed_018_Italy_disorderly_transition_p30_ibx1_0_shockx1_25_no_liquidity_uniform_sector_distribution,seed_018,Italy,disorderly_transition,p30,1.0,1.25,True
seed_018_Italy_severe_disorderly_transition_p30_ibx1_0_shockx1_25_no_liquidity_uniform_sector_distribution,seed_018,Italy,severe_disorderly_transition,p30,1.0,1.25,True
seed_018_Italy_acute_physical_risk_p30_ibx1_0_shockx1_25_no_liquidity_uniform_sector_distribution,seed_018,Italy,acute_physical_risk,p30,1.0,1.25,True
seed_018_Italy_combined_transition_physical_p30_ibx1_0_shockx1_25_no_liquidity_uniform_sector_distribution,seed_018,Italy,combined_transition_physical,p30,1.0,1.25,True
seed_018_Spain_orderly_transition_p30_ibx1_0_shockx1_25_no_liquidity_uniform_sector_distribution,seed_018,Spain,orderly_transition,p30,1.0,1.25,True
seed_018_Spain_disorderly_transition_p30_ibx1_0_shockx1_25_no_liquidity_uniform_sector_distribution,seed_018,Spain,disorderly_transition,p30,1.0,1.25,True
seed_018_Spain_severe_disorderly_transition_p30_ibx1_0_shockx1_25_no_liquidity_uniform_sector_distribution,seed_018,Spain,severe_disorderly_transition,p30,1.0,1.25,True
seed_018_Spain_acute_physical_risk_p30_ibx1_0_shockx1_25_no_liquidity_uniform_sector_distribution,seed_018,Spain,acute_physical_risk,p30,1.0,1.25,True
seed_018_Spain_combined_transition_physical_p30_ibx1_0_shockx1_25_no_liquidity_uniform_sector_distribution,seed_018,Spain,combined_transition_physical,p30,1.0,1.25,True
seed_018_Ukraine_orderly_transition_p30_ibx1_0_shockx1_25_no_liquidity_uniform_sector_distribution,seed_018,Ukraine,orderly_transition,p30,1.0,1.25,True
seed_018_Ukraine_disorderly_transition_p30_ibx1_0_shockx1_25_no_liquidity_uniform_sector_distribution,seed_018,Ukraine,disorderly_transition,p30,1.0,1.25,True
seed_018_Ukraine_severe_disorderly_transition_p30_ibx1_0_shockx1_25_no_liquidity_uniform_sector_distribution,seed_018,Ukraine,severe_disorderly_transition,p30,1.0,1.25,True
seed_018_Ukraine_acute_physical_risk_p30_ibx1_0_shockx1_25_no_liquidity_uniform_sector_distribution,seed_018,Ukraine,acute_physical_risk,p30,1.0,1.25,True
seed_018_Ukraine_combined_transition_physical_p30_ibx1_0_shockx1_25_no_liquidity_uniform_sector_distribution,seed_018,Ukraine,combined_transition_physical,p30,1.0,1.25,True
seed_018_United_States_of_America_orderly_transition_p30_ibx1_0_shockx1_25_no_liquidity_uniform_sector_distribution,seed_018,United States of America,orderly_transition,p30,1.0,1.25,True
seed_018_United_States_of_America_disorderly_transition_p30_ibx1_0_shockx1_25_no_liquidity_uniform_sector_distribution,seed_018,United States of America,disorderly_transition,p30,1.0,1.25,True
seed_018_United_States_of_America_severe_disorderly_transition_p30_ibx1_0_shockx1_25_no_liquidity_uniform_sector_distribution,seed_018,United States of America,severe_disorderly_transition,p30,1.0,1.25,True
seed_018_United_States_of_America_acute_physical_risk_p30_ibx1_0_shockx1_25_no_liquidity_uniform_sector_distribution,seed_018,United States of America,acute_physical_risk,p30,1.0,1.25,True
seed_018_United_States_of_America_combined_transition_physical_p30_ibx1_0_shockx1_25_no_liquidity_uniform_sector_distribution,seed_018,United States of America,combined_transition_physical,p30,1.0,1.25,True
seed_018_Brazil_orderly_transition_p30_ibx1_0_shockx1_5_no_liquidity_uniform_sector_distribution,seed_018,Brazil,orderly_transition,p30,1.0,1.5,True
seed_018_Brazil_disorderly_transition_p30_ibx1_0_shockx1_5_no_liquidity_uniform_sector_distribution,seed_018,Brazil,disorderly_transition,p30,1.0,1.5,True
seed_018_Brazil_severe_disorderly_transition_p30_ibx1_0_shockx1_5_no_liquidity_uniform_sector_distribution,seed_018,Brazil,severe_disorderly_transition,p30,1.0,1.5,True
seed_018_Brazil_acute_physical_risk_p30_ibx1_0_shockx1_5_no_liquidity_uniform_sector_distribution,seed_018,Brazil,acute_physical_risk,p30,1.0,1.5,True
seed_018_Brazil_combined_transition_physical_p30_ibx1_0_shockx1_5_no_liquidity_uniform_sector_distribution,seed_018,Brazil,combined_transition_physical,p30,1.0,1.5,True
seed_018_Germany_orderly_transition_p30_ibx1_0_shockx1_5_no_liquidity_uniform_sector_distribution,seed_018,Germany,orderly_transition,p30,1.0,1.5,True
seed_018_Germany_disorderly_transition_p30_ibx1_0_shockx1_5_no_liquidity_uniform_sector_distribution,seed_018,Germany,disorderly_transition,p30,1.0,1.5,True
seed_018_Germany_severe_disorderly_transition_p30_ibx1_0_shockx1_5_no_liquidity_uniform_sector_distribution,seed_018,Germany,severe_disorderly_transition,p30,1.0,1.5,True
seed_018_Germany_acute_physical_risk_p30_ibx1_0_shockx1_5_no_liquidity_uniform_sector_distribution,seed_018,Germany,acute_physical_risk,p30,1.0,1.5,True
seed_018_Germany_combined_transition_physical_p30_ibx1_0_shockx1_5_no_liquidity_uniform_sector_distribution,seed_018,Germany,combined_transition_physical,p30,1.0,1.5,True
seed_018_Italy_orderly_transition_p30_ibx1_0_shockx1_5_no_liquidity_uniform_sector_distribution,seed_018,Italy,orderly_transition,p30,1.0,1.5,True
seed_018_Italy_disorderly_transition_p30_ibx1_0_shockx1_5_no_liquidity_uniform_sector_distribution,seed_018,Italy,disorderly_transition,p30,1.0,1.5,True
seed_018_Italy_severe_disorderly_transition_p30_ibx1_0_shockx1_5_no_liquidity_uniform_sector_distribution,seed_018,Italy,severe_disorderly_transition,p30,1.0,1.5,True
seed_018_Italy_acute_physical_risk_p30_ibx1_0_shockx1_5_no_liquidity_uniform_sector_distribution,seed_018,Italy,acute_physical_risk,p30,1.0,1.5,True
seed_018_Italy_combined_transition_physical_p30_ibx1_0_shockx1_5_no_liquidity_uniform_sector_distribution,seed_018,Italy,combined_transition_physical,p30,1.0,1.5,True
seed_018_Spain_orderly_transition_p30_ibx1_0_shockx1_5_no_liquidity_uniform_sector_distribution,seed_018,Spain,orderly_transition,p30,1.0,1.5,True
seed_018_Spain_disorderly_transition_p30_ibx1_0_shockx1_5_no_liquidity_uniform_sector_distribution,seed_018,Spain,disorderly_transition,p30,1.0,1.5,True
seed_018_Spain_severe_disorderly_transition_p30_ibx1_0_shockx1_5_no_liquidity_uniform_sector_distribution,seed_018,Spain,severe_disorderly_transition,p30,1.0,1.5,True
seed_018_Spain_acute_physical_risk_p30_ibx1_0_shockx1_5_no_liquidity_uniform_sector_distribution,seed_018,Spain,acute_physical_risk,p30,1.0,1.5,True
seed_018_Spain_combined_transition_physical_p30_ibx1_0_shockx1_5_no_liquidity_uniform_sector_distribution,seed_018,Spain,combined_transition_physical,p30,1.0,1.5,True
seed_018_Ukraine_orderly_transition_p30_ibx1_0_shockx1_5_no_liquidity_uniform_sector_distribution,seed_018,Ukraine,orderly_transition,p30,1.0,1.5,True
seed_018_Ukraine_disorderly_transition_p30_ibx1_0_shockx1_5_no_liquidity_uniform_sector_distribution,seed_018,Ukraine,disorderly_transition,p30,1.0,1.5,True
seed_018_Ukraine_severe_disorderly_transition_p30_ibx1_0_shockx1_5_no_liquidity_uniform_sector_distribution,seed_018,Ukraine,severe_disorderly_transition,p30,1.0,1.5,True
seed_018_Ukraine_acute_physical_risk_p30_ibx1_0_shockx1_5_no_liquidity_uniform_sector_distribution,seed_018,Ukraine,acute_physical_risk,p30,1.0,1.5,True
seed_018_Ukraine_combined_transition_physical_p30_ibx1_0_shockx1_5_no_liquidity_uniform_sector_distribution,seed_018,Ukraine,combined_transition_physical,p30,1.0,1.5,True
seed_018_United_States_of_America_orderly_transition_p30_ibx1_0_shockx1_5_no_liquidity_uniform_sector_distribution,seed_018,United States of America,orderly_transition,p30,1.0,1.5,True
seed_018_United_States_of_America_disorderly_transition_p30_ibx1_0_shockx1_5_no_liquidity_uniform_sector_distribution,seed_018,United States of America,disorderly_transition,p30,1.0,1.5,True
seed_018_United_States_of_America_severe_disorderly_transition_p30_ibx1_0_shockx1_5_no_liquidity_uniform_sector_distribution,seed_018,United States of America,severe_disorderly_transition,p30,1.0,1.5,True
seed_018_United_States_of_America_acute_physical_risk_p30_ibx1_0_shockx1_5_no_liquidity_uniform_sector_distribution,seed_018,United States of America,acute_physical_risk,p30,1.0,1.5,True
seed_018_United_States_of_America_combined_transition_physical_p30_ibx1_0_shockx1_5_no_liquidity_uniform_sector_distribution,seed_018,United States of America,combined_transition_physical,p30,1.0,1.5,True
seed_019_Brazil_orderly_transition_p30_ibx1_0_shockx0_75_no_liquidity_uniform_sector_distribution,seed_019,Brazil,orderly_transition,p30,1.0,0.75,True
seed_019_Brazil_disorderly_transition_p30_ibx1_0_shockx0_75_no_liquidity_uniform_sector_distribution,seed_019,Brazil,disorderly_transition,p30,1.0,0.75,True
seed_019_Brazil_severe_disorderly_transition_p30_ibx1_0_shockx0_75_no_liquidity_uniform_sector_distribution,seed_019,Brazil,severe_disorderly_transition,p30,1.0,0.75,True
seed_019_Brazil_acute_physical_risk_p30_ibx1_0_shockx0_75_no_liquidity_uniform_sector_distribution,seed_019,Brazil,acute_physical_risk,p30,1.0,0.75,True
seed_019_Brazil_combined_transition_physical_p30_ibx1_0_shockx0_75_no_liquidity_uniform_sector_distribution,seed_019,Brazil,combined_transition_physical,p30,1.0,0.75,True
seed_019_Germany_orderly_transition_p30_ibx1_0_shockx0_75_no_liquidity_uniform_sector_distribution,seed_019,Germany,orderly_transition,p30,1.0,0.75,True
seed_019_Germany_disorderly_transition_p30_ibx1_0_shockx0_75_no_liquidity_uniform_sector_distribution,seed_019,Germany,disorderly_transition,p30,1.0,0.75,True
seed_019_Germany_severe_disorderly_transition_p30_ibx1_0_shockx0_75_no_liquidity_uniform_sector_distribution,seed_019,Germany,severe_disorderly_transition,p30,1.0,0.75,True
seed_019_Germany_acute_physical_risk_p30_ibx1_0_shockx0_75_no_liquidity_uniform_sector_distribution,seed_019,Germany,acute_physical_risk,p30,1.0,0.75,True
seed_019_Germany_combined_transition_physical_p30_ibx1_0_shockx0_75_no_liquidity_uniform_sector_distribution,seed_019,Germany,combined_transition_physical,p30,1.0,0.75,True
seed_019_Italy_orderly_transition_p30_ibx1_0_shockx0_75_no_liquidity_uniform_sector_distribution,seed_019,Italy,orderly_transition,p30,1.0,0.75,True
seed_019_Italy_disorderly_transition_p30_ibx1_0_shockx0_75_no_liquidity_uniform_sector_distribution,seed_019,Italy,disorderly_transition,p30,1.0,0.75,True
seed_019_Italy_severe_disorderly_transition_p30_ibx1_0_shockx0_75_no_liquidity_uniform_sector_distribution,seed_019,Italy,severe_disorderly_transition,p30,1.0,0.75,True
seed_019_Italy_acute_physical_risk_p30_ibx1_0_shockx0_75_no_liquidity_uniform_sector_distribution,seed_019,Italy,acute_physical_risk,p30,1.0,0.75,True
seed_019_Italy_combined_transition_physical_p30_ibx1_0_shockx0_75_no_liquidity_uniform_sector_distribution,seed_019,Italy,combined_transition_physical,p30,1.0,0.75,True
seed_019_Spain_orderly_transition_p30_ibx1_0_shockx0_75_no_liquidity_uniform_sector_distribution,seed_019,Spain,orderly_transition,p30,1.0,0.75,True
seed_019_Spain_disorderly_transition_p30_ibx1_0_shockx0_75_no_liquidity_uniform_sector_distribution,seed_019,Spain,disorderly_transition,p30,1.0,0.75,True
seed_019_Spain_severe_disorderly_transition_p30_ibx1_0_shockx0_75_no_liquidity_uniform_sector_distribution,seed_019,Spain,severe_disorderly_transition,p30,1.0,0.75,True
seed_019_Spain_acute_physical_risk_p30_ibx1_0_shockx0_75_no_liquidity_uniform_sector_distribution,seed_019,Spain,acute_physical_risk,p30,1.0,0.75,True
seed_019_Spain_combined_transition_physical_p30_ibx1_0_shockx0_75_no_liquidity_uniform_sector_distribution,seed_019,Spain,combined_transition_physical,p30,1.0,0.75,True
seed_019_Ukraine_orderly_transition_p30_ibx1_0_shockx0_75_no_liquidity_uniform_sector_distribution,seed_019,Ukraine,orderly_transition,p30,1.0,0.75,True
seed_019_Ukraine_disorderly_transition_p30_ibx1_0_shockx0_75_no_liquidity_uniform_sector_distribution,seed_019,Ukraine,disorderly_transition,p30,1.0,0.75,True
seed_019_Ukraine_severe_disorderly_transition_p30_ibx1_0_shockx0_75_no_liquidity_uniform_sector_distribution,seed_019,Ukraine,severe_disorderly_transition,p30,1.0,0.75,True
seed_019_Ukraine_acute_physical_risk_p30_ibx1_0_shockx0_75_no_liquidity_uniform_sector_distribution,seed_019,Ukraine,acute_physical_risk,p30,1.0,0.75,True
seed_019_Ukraine_combined_transition_physical_p30_ibx1_0_shockx0_75_no_liquidity_uniform_sector_distribution,seed_019,Ukraine,combined_transition_physical,p30,1.0,0.75,True
seed_019_United_States_of_America_orderly_transition_p30_ibx1_0_shockx0_75_no_liquidity_uniform_sector_distribution,seed_019,United States of America,orderly_transition,p30,1.0,0.75,True
seed_019_United_States_of_America_disorderly_transition_p30_ibx1_0_shockx0_75_no_liquidity_uniform_sector_distribution,seed_019,United States of America,disorderly_transition,p30,1.0,0.75,True
seed_019_United_States_of_America_severe_disorderly_transition_p30_ibx1_0_shockx0_75_no_liquidity_uniform_sector_distribution,seed_019,United States of America,severe_disorderly_transition,p30,1.0,0.75,True
seed_019_United_States_of_America_acute_physical_risk_p30_ibx1_0_shockx0_75_no_liquidity_uniform_sector_distribution,seed_019,United States of America,acute_physical_risk,p30,1.0,0.75,True
seed_019_United_States_of_America_combined_transition_physical_p30_ibx1_0_shockx0_75_no_liquidity_uniform_sector_distribution,seed_019,United States of America,combined_transition_physical,p30,1.0,0.75,True
seed_019_Brazil_orderly_transition_p30_ibx1_0_shockx1_0_no_liquidity_uniform_sector_distribution,seed_019,Brazil,orderly_transition,p30,1.0,1.0,True
seed_019_Brazil_disorderly_transition_p30_ibx1_0_shockx1_0_no_liquidity_uniform_sector_distribution,seed_019,Brazil,disorderly_transition,p30,1.0,1.0,True
seed_019_Brazil_severe_disorderly_transition_p30_ibx1_0_shockx1_0_no_liquidity_uniform_sector_distribution,seed_019,Brazil,severe_disorderly_transition,p30,1.0,1.0,True
seed_019_Brazil_acute_physical_risk_p30_ibx1_0_shockx1_0_no_liquidity_uniform_sector_distribution,seed_019,Brazil,acute_physical_risk,p30,1.0,1.0,True
seed_019_Brazil_combined_transition_physical_p30_ibx1_0_shockx1_0_no_liquidity_uniform_sector_distribution,seed_019,Brazil,combined_transition_physical,p30,1.0,1.0,True
seed_019_Germany_orderly_transition_p30_ibx1_0_shockx1_0_no_liquidity_uniform_sector_distribution,seed_019,Germany,orderly_transition,p30,1.0,1.0,True
seed_019_Germany_disorderly_transition_p30_ibx1_0_shockx1_0_no_liquidity_uniform_sector_distribution,seed_019,Germany,disorderly_transition,p30,1.0,1.0,True
seed_019_Germany_severe_disorderly_transition_p30_ibx1_0_shockx1_0_no_liquidity_uniform_sector_distribution,seed_019,Germany,severe_disorderly_transition,p30,1.0,1.0,True
seed_019_Germany_acute_physical_risk_p30_ibx1_0_shockx1_0_no_liquidity_uniform_sector_distribution,seed_019,Germany,acute_physical_risk,p30,1.0,1.0,True
seed_019_Germany_combined_transition_physical_p30_ibx1_0_shockx1_0_no_liquidity_uniform_sector_distribution,seed_019,Germany,combined_transition_physical,p30,1.0,1.0,True
seed_019_Italy_orderly_transition_p30_ibx1_0_shockx1_0_no_liquidity_uniform_sector_distribution,seed_019,Italy,orderly_transition,p30,1.0,1.0,True
seed_019_Italy_disorderly_transition_p30_ibx1_0_shockx1_0_no_liquidity_uniform_sector_distribution,seed_019,Italy,disorderly_transition,p30,1.0,1.0,True
seed_019_Italy_severe_disorderly_transition_p30_ibx1_0_shockx1_0_no_liquidity_uniform_sector_distribution,seed_019,Italy,severe_disorderly_transition,p30,1.0,1.0,True
seed_019_Italy_acute_physical_risk_p30_ibx1_0_shockx1_0_no_liquidity_uniform_sector_distribution,seed_019,Italy,acute_physical_risk,p30,1.0,1.0,True
seed_019_Italy_combined_transition_physical_p30_ibx1_0_shockx1_0_no_liquidity_uniform_sector_distribution,seed_019,Italy,combined_transition_physical,p30,1.0,1.0,True
seed_019_Spain_orderly_transition_p30_ibx1_0_shockx1_0_no_liquidity_uniform_sector_distribution,seed_019,Spain,orderly_transition,p30,1.0,1.0,True
seed_019_Spain_disorderly_transition_p30_ibx1_0_shockx1_0_no_liquidity_uniform_sector_distribution,seed_019,Spain,disorderly_transition,p30,1.0,1.0,True
seed_019_Spain_severe_disorderly_transition_p30_ibx1_0_shockx1_0_no_liquidity_uniform_sector_distribution,seed_019,Spain,severe_disorderly_transition,p30,1.0,1.0,True
seed_019_Spain_acute_physical_risk_p30_ibx1_0_shockx1_0_no_liquidity_uniform_sector_distribution,seed_019,Spain,acute_physical_risk,p30,1.0,1.0,True
seed_019_Spain_combined_transition_physical_p30_ibx1_0_shockx1_0_no_liquidity_uniform_sector_distribution,seed_019,Spain,combined_transition_physical,p30,1.0,1.0,True
seed_019_Ukraine_orderly_transition_p30_ibx1_0_shockx1_0_no_liquidity_uniform_sector_distribution,seed_019,Ukraine,orderly_transition,p30,1.0,1.0,True
seed_019_Ukraine_disorderly_transition_p30_ibx1_0_shockx1_0_no_liquidity_uniform_sector_distribution,seed_019,Ukraine,disorderly_transition,p30,1.0,1.0,True
seed_019_Ukraine_severe_disorderly_transition_p30_ibx1_0_shockx1_0_no_liquidity_uniform_sector_distribution,seed_019,Ukraine,severe_disorderly_transition,p30,1.0,1.0,True
seed_019_Ukraine_acute_physical_risk_p30_ibx1_0_shockx1_0_no_liquidity_uniform_sector_distribution,seed_019,Ukraine,acute_physical_risk,p30,1.0,1.0,True
seed_019_Ukraine_combined_transition_physical_p30_ibx1_0_shockx1_0_no_liquidity_uniform_sector_distribution,seed_019,Ukraine,combined_transition_physical,p30,1.0,1.0,True
seed_019_United_States_of_America_orderly_transition_p30_ibx1_0_shockx1_0_no_liquidity_uniform_sector_distribution,seed_019,United States of America,orderly_transition,p30,1.0,1.0,True
seed_019_United_States_of_America_disorderly_transition_p30_ibx1_0_shockx1_0_no_liquidity_uniform_sector_distribution,seed_019,United States of America,disorderly_transition,p30,1.0,1.0,True
seed_019_United_States_of_America_severe_disorderly_transition_p30_ibx1_0_shockx1_0_no_liquidity_uniform_sector_distribution,seed_019,United States of America,severe_disorderly_transition,p30,1.0,1.0,True
seed_019_United_States_of_America_acute_physical_risk_p30_ibx1_0_shockx1_0_no_liquidity_uniform_sector_distribution,seed_019,United States of America,acute_physical_risk,p30,1.0,1.0,True
seed_019_United_States_of_America_combined_transition_physical_p30_ibx1_0_shockx1_0_no_liquidity_uniform_sector_distribution,seed_019,United States of America,combined_transition_physical,p30,1.0,1.0,True
seed_019_Brazil_orderly_transition_p30_ibx1_0_shockx1_25_no_liquidity_uniform_sector_distribution,seed_019,Brazil,orderly_transition,p30,1.0,1.25,True
seed_019_Brazil_disorderly_transition_p30_ibx1_0_shockx1_25_no_liquidity_uniform_sector_distribution,seed_019,Brazil,disorderly_transition,p30,1.0,1.25,True
seed_019_Brazil_severe_disorderly_transition_p30_ibx1_0_shockx1_25_no_liquidity_uniform_sector_distribution,seed_019,Brazil,severe_disorderly_transition,p30,1.0,1.25,True
seed_019_Brazil_acute_physical_risk_p30_ibx1_0_shockx1_25_no_liquidity_uniform_sector_distribution,seed_019,Brazil,acute_physical_risk,p30,1.0,1.25,True
seed_019_Brazil_combined_transition_physical_p30_ibx1_0_shockx1_25_no_liquidity_uniform_sector_distribution,seed_019,Brazil,combined_transition_physical,p30,1.0,1.25,True
seed_019_Germany_orderly_transition_p30_ibx1_0_shockx1_25_no_liquidity_uniform_sector_distribution,seed_019,Germany,orderly_transition,p30,1.0,1.25,True
seed_019_Germany_disorderly_transition_p30_ibx1_0_shockx1_25_no_liquidity_uniform_sector_distribution,seed_019,Germany,disorderly_transition,p30,1.0,1.25,True
seed_019_Germany_severe_disorderly_transition_p30_ibx1_0_shockx1_25_no_liquidity_uniform_sector_distribution,seed_019,Germany,severe_disorderly_transition,p30,1.0,1.25,True
seed_019_Germany_acute_physical_risk_p30_ibx1_0_shockx1_25_no_liquidity_uniform_sector_distribution,seed_019,Germany,acute_physical_risk,p30,1.0,1.25,True
seed_019_Germany_combined_transition_physical_p30_ibx1_0_shockx1_25_no_liquidity_uniform_sector_distribution,seed_019,Germany,combined_transition_physical,p30,1.0,1.25,True
seed_019_Italy_orderly_transition_p30_ibx1_0_shockx1_25_no_liquidity_uniform_sector_distribution,seed_019,Italy,orderly_transition,p30,1.0,1.25,True
seed_019_Italy_disorderly_transition_p30_ibx1_0_shockx1_25_no_liquidity_uniform_sector_distribution,seed_019,Italy,disorderly_transition,p30,1.0,1.25,True
seed_019_Italy_severe_disorderly_transition_p30_ibx1_0_shockx1_25_no_liquidity_uniform_sector_distribution,seed_019,Italy,severe_disorderly_transition,p30,1.0,1.25,True
seed_019_Italy_acute_physical_risk_p30_ibx1_0_shockx1_25_no_liquidity_uniform_sector_distribution,seed_019,Italy,acute_physical_risk,p30,1.0,1.25,True
seed_019_Italy_combined_transition_physical_p30_ibx1_0_shockx1_25_no_liquidity_uniform_sector_distribution,seed_019,Italy,combined_transition_physical,p30,1.0,1.25,True
seed_019_Spain_orderly_transition_p30_ibx1_0_shockx1_25_no_liquidity_uniform_sector_distribution,seed_019,Spain,orderly_transition,p30,1.0,1.25,True
seed_019_Spain_disorderly_transition_p30_ibx1_0_shockx1_25_no_liquidity_uniform_sector_distribution,seed_019,Spain,disorderly_transition,p30,1.0,1.25,True
seed_019_Spain_severe_disorderly_transition_p30_ibx1_0_shockx1_25_no_liquidity_uniform_sector_distribution,seed_019,Spain,severe_disorderly_transition,p30,1.0,1.25,True
seed_019_Spain_acute_physical_risk_p30_ibx1_0_shockx1_25_no_liquidity_uniform_sector_distribution,seed_019,Spain,acute_physical_risk,p30,1.0,1.25,True
seed_019_Spain_combined_transition_physical_p30_ibx1_0_shockx1_25_no_liquidity_uniform_sector_distribution,seed_019,Spain,combined_transition_physical,p30,1.0,1.25,True
seed_019_Ukraine_orderly_transition_p30_ibx1_0_shockx1_25_no_liquidity_uniform_sector_distribution,seed_019,Ukraine,orderly_transition,p30,1.0,1.25,True
seed_019_Ukraine_disorderly_transition_p30_ibx1_0_shockx1_25_no_liquidity_uniform_sector_distribution,seed_019,Ukraine,disorderly_transition,p30,1.0,1.25,True
seed_019_Ukraine_severe_disorderly_transition_p30_ibx1_0_shockx1_25_no_liquidity_uniform_sector_distribution,seed_019,Ukraine,severe_disorderly_transition,p30,1.0,1.25,True
seed_019_Ukraine_acute_physical_risk_p30_ibx1_0_shockx1_25_no_liquidity_uniform_sector_distribution,seed_019,Ukraine,acute_physical_risk,p30,1.0,1.25,True
seed_019_Ukraine_combined_transition_physical_p30_ibx1_0_shockx1_25_no_liquidity_uniform_sector_distribution,seed_019,Ukraine,combined_transition_physical,p30,1.0,1.25,True
seed_019_United_States_of_America_orderly_transition_p30_ibx1_0_shockx1_25_no_liquidity_uniform_sector_distribution,seed_019,United States of America,orderly_transition,p30,1.0,1.25,True
seed_019_United_States_of_America_disorderly_transition_p30_ibx1_0_shockx1_25_no_liquidity_uniform_sector_distribution,seed_019,United States of America,disorderly_transition,p30,1.0,1.25,True
seed_019_United_States_of_America_severe_disorderly_transition_p30_ibx1_0_shockx1_25_no_liquidity_uniform_sector_distribution,seed_019,United States of America,severe_disorderly_transition,p30,1.0,1.25,True
seed_019_United_States_of_America_acute_physical_risk_p30_ibx1_0_shockx1_25_no_liquidity_uniform_sector_distribution,seed_019,United States of America,acute_physical_risk,p30,1.0,1.25,True
seed_019_United_States_of_America_combined_transition_physical_p30_ibx1_0_shockx1_25_no_liquidity_uniform_sector_distribution,seed_019,United States of America,combined_transition_physical,p30,1.0,1.25,True
seed_019_Brazil_orderly_transition_p30_ibx1_0_shockx1_5_no_liquidity_uniform_sector_distribution,seed_019,Brazil,orderly_transition,p30,1.0,1.5,True
seed_019_Brazil_disorderly_transition_p30_ibx1_0_shockx1_5_no_liquidity_uniform_sector_distribution,seed_019,Brazil,disorderly_transition,p30,1.0,1.5,True
seed_019_Brazil_severe_disorderly_transition_p30_ibx1_0_shockx1_5_no_liquidity_uniform_sector_distribution,seed_019,Brazil,severe_disorderly_transition,p30,1.0,1.5,True
seed_019_Brazil_acute_physical_risk_p30_ibx1_0_shockx1_5_no_liquidity_uniform_sector_distribution,seed_019,Brazil,acute_physical_risk,p30,1.0,1.5,True
seed_019_Brazil_combined_transition_physical_p30_ibx1_0_shockx1_5_no_liquidity_uniform_sector_distribution,seed_019,Brazil,combined_transition_physical,p30,1.0,1.5,True
seed_019_Germany_orderly_transition_p30_ibx1_0_shockx1_5_no_liquidity_uniform_sector_distribution,seed_019,Germany,orderly_transition,p30,1.0,1.5,True
seed_019_Germany_disorderly_transition_p30_ibx1_0_shockx1_5_no_liquidity_uniform_sector_distribution,seed_019,Germany,disorderly_transition,p30,1.0,1.5,True
seed_019_Germany_severe_disorderly_transition_p30_ibx1_0_shockx1_5_no_liquidity_uniform_sector_distribution,seed_019,Germany,severe_disorderly_transition,p30,1.0,1.5,True
seed_019_Germany_acute_physical_risk_p30_ibx1_0_shockx1_5_no_liquidity_uniform_sector_distribution,seed_019,Germany,acute_physical_risk,p30,1.0,1.5,True
seed_019_Germany_combined_transition_physical_p30_ibx1_0_shockx1_5_no_liquidity_uniform_sector_distribution,seed_019,Germany,combined_transition_physical,p30,1.0,1.5,True
seed_019_Italy_orderly_transition_p30_ibx1_0_shockx1_5_no_liquidity_uniform_sector_distribution,seed_019,Italy,orderly_transition,p30,1.0,1.5,True
seed_019_Italy_disorderly_transition_p30_ibx1_0_shockx1_5_no_liquidity_uniform_sector_distribution,seed_019,Italy,disorderly_transition,p30,1.0,1.5,True
seed_019_Italy_severe_disorderly_transition_p30_ibx1_0_shockx1_5_no_liquidity_uniform_sector_distribution,seed_019,Italy,severe_disorderly_transition,p30,1.0,1.5,True
seed_019_Italy_acute_physical_risk_p30_ibx1_0_shockx1_5_no_liquidity_uniform_sector_distribution,seed_019,Italy,acute_physical_risk,p30,1.0,1.5,True
seed_019_Italy_combined_transition_physical_p30_ibx1_0_shockx1_5_no_liquidity_uniform_sector_distribution,seed_019,Italy,combined_transition_physical,p30,1.0,1.5,True
seed_019_Spain_orderly_transition_p30_ibx1_0_shockx1_5_no_liquidity_uniform_sector_distribution,seed_019,Spain,orderly_transition,p30,1.0,1.5,True
seed_019_Spain_disorderly_transition_p30_ibx1_0_shockx1_5_no_liquidity_uniform_sector_distribution,seed_019,Spain,disorderly_transition,p30,1.0,1.5,True
seed_019_Spain_severe_disorderly_transition_p30_ibx1_0_shockx1_5_no_liquidity_uniform_sector_distribution,seed_019,Spain,severe_disorderly_transition,p30,1.0,1.5,True
seed_019_Spain_acute_physical_risk_p30_ibx1_0_shockx1_5_no_liquidity_uniform_sector_distribution,seed_019,Spain,acute_physical_risk,p30,1.0,1.5,True
seed_019_Spain_combined_transition_physical_p30_ibx1_0_shockx1_5_no_liquidity_uniform_sector_distribution,seed_019,Spain,combined_transition_physical,p30,1.0,1.5,True
seed_019_Ukraine_orderly_transition_p30_ibx1_0_shockx1_5_no_liquidity_uniform_sector_distribution,seed_019,Ukraine,orderly_transition,p30,1.0,1.5,True
seed_019_Ukraine_disorderly_transition_p30_ibx1_0_shockx1_5_no_liquidity_uniform_sector_distribution,seed_019,Ukraine,disorderly_transition,p30,1.0,1.5,True
seed_019_Ukraine_severe_disorderly_transition_p30_ibx1_0_shockx1_5_no_liquidity_uniform_sector_distribution,seed_019,Ukraine,severe_disorderly_transition,p30,1.0,1.5,True
seed_019_Ukraine_acute_physical_risk_p30_ibx1_0_shockx1_5_no_liquidity_uniform_sector_distribution,seed_019,Ukraine,acute_physical_risk,p30,1.0,1.5,True
seed_019_Ukraine_combined_transition_physical_p30_ibx1_0_shockx1_5_no_liquidity_uniform_sector_distribution,seed_019,Ukraine,combined_transition_physical,p30,1.0,1.5,True
seed_019_United_States_of_America_orderly_transition_p30_ibx1_0_shockx1_5_no_liquidity_uniform_sector_distribution,seed_019,United States of America,orderly_transition,p30,1.0,1.5,True
seed_019_United_States_of_America_disorderly_transition_p30_ibx1_0_shockx1_5_no_liquidity_uniform_sector_distribution,seed_019,United States of America,disorderly_transition,p30,1.0,1.5,True
seed_019_United_States_of_America_severe_disorderly_transition_p30_ibx1_0_shockx1_5_no_liquidity_uniform_sector_distribution,seed_019,United States of America,severe_disorderly_transition,p30,1.0,1.5,True
seed_019_United_States_of_America_acute_physical_risk_p30_ibx1_0_shockx1_5_no_liquidity_uniform_sector_distribution,seed_019,United States of America,acute_physical_risk,p30,1.0,1.5,True
seed_019_United_States_of_America_combined_transition_physical_p30_ibx1_0_shockx1_5_no_liquidity_uniform_sector_distribution,seed_019,United States of America,combined_transition_physical,p30,1.0,1.5,True
