feature,n_rows,n_train,n_test,intercept,slope,all_pearson,all_spearman,test_pearson,test_spearman,test_r2,test_mae,test_rmse,draw_id
random_permuted_shock_weighted_sector_exposure,43200,28800,9600,-0.19563279145831142,0.5864278393555206,0.8187430670836082,0.7881882441646082,0.7985346044029682,0.7776913621397122,0.6262418975246473,0.24478882877528121,0.40161649979180714,0
random_permuted_shock_weighted_sector_exposure,43200,28800,9600,-0.19889058199487836,0.5919411870248408,0.8253328638119648,0.7890000787889992,0.8089075443953417,0.7775572916305494,0.6457745205421993,0.24178472201333703,0.39098143576662164,1
random_permuted_shock_weighted_sector_exposure,43200,28800,9600,-0.20003412519982783,0.5927999060924605,0.8234458834318362,0.7839933695425922,0.7985289713274212,0.7684557287121585,0.6220528154045981,0.2478900645135523,0.4038608881042058,2
random_permuted_shock_weighted_sector_exposure,43200,28800,9600,-0.19835853089339323,0.5912997026109592,0.8230998749956798,0.7873211722873199,0.8020889250665624,0.7753806070886033,0.6295334531739187,0.24613722713615527,0.3998441416701653,3
random_permuted_shock_weighted_sector_exposure,43200,28800,9600,-0.19653933569371734,0.5872104628076639,0.8207213642339241,0.7869318365890313,0.7826013301828753,0.7696326419144746,0.5994944449102357,0.24806737112595617,0.4157387546683366,4
random_permuted_shock_weighted_sector_exposure,43200,28800,9600,-0.1968092166728735,0.5903394068850433,0.8184770736078516,0.7875149056640054,0.7957311814332905,0.7708328231025555,0.6203728582512362,0.24824514780642196,0.40475746406241236,5
random_permuted_shock_weighted_sector_exposure,43200,28800,9600,-0.19776067087724575,0.5904562239771417,0.8188218661837806,0.7883742559232945,0.7920095186967879,0.7751902519413675,0.6149885009447897,0.24418695967531245,0.4076177515360559,6
random_permuted_shock_weighted_sector_exposure,43200,28800,9600,-0.20188376714609496,0.5954991414847551,0.82677812281931,0.7885299682269734,0.8010037331444921,0.7749693025378322,0.6290969519696084,0.24547203530992182,0.40007962996261565,7
random_permuted_shock_weighted_sector_exposure,43200,28800,9600,-0.19964556789417492,0.5900664805608804,0.8228338235839416,0.789657130461401,0.7911772878003346,0.7726379288265882,0.6151155216654791,0.2455909829209033,0.4075505065683116,8
random_permuted_shock_weighted_sector_exposure,43200,28800,9600,-0.19983617793572844,0.5922287083000006,0.8229683507239457,0.7885961719082597,0.7986013226305025,0.7713552034517599,0.6242343885524335,0.24751219638312932,0.4026936256111667,9
random_permuted_shock_weighted_sector_exposure,43200,28800,9600,-0.20021601619224533,0.5911220856258519,0.8225596390375648,0.7889442811514692,0.7902943161794308,0.7740063750531844,0.6111777967344773,0.24762665209925452,0.40963001099241914,10
random_permuted_shock_weighted_sector_exposure,43200,28800,9600,-0.1949194982094981,0.5865999689917676,0.8193679257137783,0.7866325024608742,0.7917240893433051,0.7749830218194614,0.6149350320243603,0.24560965302044016,0.407646054748468,11
random_permuted_shock_weighted_sector_exposure,43200,28800,9600,-0.19903948833241453,0.5909818128449,0.8194148416785848,0.7878677456993455,0.7935601250004563,0.7733712594671951,0.6167988477330602,0.24746448069551055,0.40665830099814515,12
random_permuted_shock_weighted_sector_exposure,43200,28800,9600,-0.19800698765595443,0.5911342806971055,0.8205305749276874,0.7884130728792849,0.7970295464780316,0.7762075203676922,0.6221862113161992,0.24636984170342785,0.40378961075647357,13
random_permuted_shock_weighted_sector_exposure,43200,28800,9600,-0.2010171456836402,0.5911788641436226,0.827436355865084,0.7898746626665677,0.8030934210616382,0.774339757148068,0.634274571800705,0.24418849980359397,0.39727736091312027,14
random_permuted_shock_weighted_sector_exposure,43200,28800,9600,-0.19682586521904882,0.5905540856003516,0.8209151863826167,0.7877947111168593,0.7995735424515622,0.780289741411716,0.627510254683133,0.24477248187042425,0.40093447302979873,15
random_permuted_shock_weighted_sector_exposure,43200,28800,9600,-0.19825172424696497,0.5905415337628448,0.824248119986876,0.7858198353394914,0.7914080811068056,0.7696404730329327,0.6155825946565261,0.2493756091867139,0.4073031419290082,16
random_permuted_shock_weighted_sector_exposure,43200,28800,9600,-0.19898352639012923,0.5908571464302379,0.8232251959460397,0.7878905035770045,0.7953916055884187,0.7716835494888931,0.619805701885175,0.247965808772668,0.40505970153604337,17
random_permuted_shock_weighted_sector_exposure,43200,28800,9600,-0.19440990515818596,0.586058782812959,0.8198455003582288,0.7873606870012916,0.7895354254454992,0.7739309936201711,0.6122704230751579,0.24636331510827403,0.40905405698464525,18
random_permuted_shock_weighted_sector_exposure,43200,28800,9600,-0.20091307349101223,0.592554448279224,0.8251082746934089,0.7876501122997049,0.8055277862055277,0.7771196136950066,0.6400545736704265,0.24279150917977574,0.394125530632634,19
random_permuted_shock_weighted_sector_exposure,43200,28800,9600,-0.1956506146375397,0.5868236077927794,0.8175646078125363,0.7873366387038717,0.7915067116552139,0.7743279947220315,0.6142357636378949,0.2461724528730527,0.40801602439941165,20
random_permuted_shock_weighted_sector_exposure,43200,28800,9600,-0.19681450192606714,0.5892282852170695,0.8227906331540762,0.7882775500926376,0.8006180036663008,0.7753740706298596,0.6307713336003684,0.24616689299199981,0.39917556120258696,21
random_permuted_shock_weighted_sector_exposure,43200,28800,9600,-0.19614937738773924,0.5853452176402255,0.8194509218618842,0.7870596643544936,0.790632499372038,0.7732540814811788,0.616105411039537,0.24771928193865264,0.40702607694158704,22
random_permuted_shock_weighted_sector_exposure,43200,28800,9600,-0.20056758959933846,0.5911445509140706,0.8197110891056563,0.7875622455144793,0.7961397195426435,0.7722799119570773,0.6205774175717009,0.2477892577537922,0.40464839906240413,23
random_permuted_shock_weighted_sector_exposure,43200,28800,9600,-0.1979765374581744,0.5903817089817531,0.8254857589027431,0.7868024299603003,0.8017144599226058,0.7758638984386312,0.632971140216279,0.24373130540205168,0.3979846720053732,24
random_permuted_shock_weighted_sector_exposure,43200,28800,9600,-0.1977790862273628,0.5894973097452528,0.8181831591793308,0.7895932656810151,0.7890066774573956,0.7804530871960822,0.6065104232495672,0.24471770231521844,0.41208125075539487,25
random_permuted_shock_weighted_sector_exposure,43200,28800,9600,-0.19407669439979364,0.5851607086130052,0.8215515930511245,0.7861185872947429,0.7974390680996757,0.7736494489870165,0.6260175303178572,0.2444683122911842,0.40173702701584946,26
random_permuted_shock_weighted_sector_exposure,43200,28800,9600,-0.1989121975665909,0.5907608109311716,0.824507476473404,0.7882333917963575,0.8041018945477613,0.7763767508144667,0.635072429100679,0.24354070484493837,0.39684377921402825,27
random_permuted_shock_weighted_sector_exposure,43200,28800,9600,-0.1980158805711994,0.5904841865816259,0.820155993568954,0.7870566870497505,0.7939050537247193,0.7703650173340885,0.6169568380018684,0.24800945679317277,0.4065744616392446,28
random_permuted_shock_weighted_sector_exposure,43200,28800,9600,-0.19883296741135786,0.5903545074324252,0.8219516091094257,0.7881734105560995,0.7897712817604036,0.7752859966062459,0.6105980260260807,0.24753132975753298,0.40993529579229987,29
random_permuted_shock_weighted_sector_exposure,43200,28800,9600,-0.19934804526477817,0.5900896413067127,0.8234132029504729,0.7906091237808853,0.8001221544079362,0.7781431291003833,0.6278430165640021,0.24374213047589427,0.4007553465962366,30
random_permuted_shock_weighted_sector_exposure,43200,28800,9600,-0.1987554364297463,0.5889971729023101,0.8216838358014416,0.7897630956383794,0.7937839393772474,0.7701093583110914,0.6169428291545013,0.24760601415121747,0.4065818962942216,31
random_permuted_shock_weighted_sector_exposure,43200,28800,9600,-0.1970344794857955,0.5889968700113128,0.8208231470123444,0.7876020480838402,0.7913052727852289,0.77530378277363,0.6145501380476527,0.24689176898437581,0.40784973638146527,32
random_permuted_shock_weighted_sector_exposure,43200,28800,9600,-0.2011302781506124,0.5929189915985985,0.8222833411651531,0.7879101103762141,0.7836178451642049,0.7748456486834971,0.5985949930107608,0.24921272802334624,0.4162053241042848,33
random_permuted_shock_weighted_sector_exposure,43200,28800,9600,-0.19425968559886791,0.5852861969769083,0.8189454181772865,0.787445361503511,0.795291656265465,0.7736685442115866,0.6242931357656715,0.2457666462235885,0.4026621458106155,34
random_permuted_shock_weighted_sector_exposure,43200,28800,9600,-0.19798913335410911,0.5879760543469058,0.8237525730196102,0.7887409073409826,0.8023320781189456,0.7748049988660264,0.6336721620058487,0.24464052691964744,0.3976044167926723,35
random_permuted_shock_weighted_sector_exposure,43200,28800,9600,-0.1966274844369172,0.589358383260627,0.8220747835303406,0.7872450868056505,0.7931568039511963,0.7705451607782451,0.613964048159946,0.24794261595776484,0.40815969343805925,36
random_permuted_shock_weighted_sector_exposure,43200,28800,9600,-0.20012249641637875,0.5935016353782698,0.8221064505580228,0.7871008649550579,0.7910433824674697,0.7698127833520686,0.609972884525219,0.24740329558023508,0.41026421656492806,37
random_permuted_shock_weighted_sector_exposure,43200,28800,9600,-0.19780820250441217,0.590808598163746,0.8238887208065403,0.7855161421620797,0.7986495183464392,0.7727183192765891,0.6252590397516233,0.24725492106057767,0.4021442110757623,38
random_permuted_shock_weighted_sector_exposure,43200,28800,9600,-0.2007520231155125,0.5911995475290008,0.8213389414385557,0.7866860611656257,0.7953402199433088,0.7742088145517737,0.6199243477822052,0.24782881579487,0.40499649382640895,39
random_permuted_shock_weighted_sector_exposure,43200,28800,9600,-0.1988088073725392,0.5894729723825368,0.8203841471165968,0.7863305055842977,0.7907885075989928,0.7657851409045425,0.6100805327129095,0.2494228665651781,0.41020759582574684,40
random_permuted_shock_weighted_sector_exposure,43200,28800,9600,-0.19924102514052583,0.5907696411533264,0.8217182907950624,0.787723158084169,0.7978517239031062,0.7720319156359776,0.6256688708103735,0.2475697201609634,0.40192425076864896,41
random_permuted_shock_weighted_sector_exposure,43200,28800,9600,-0.19982373605873766,0.5919817846022305,0.8259404428066698,0.7899061939856663,0.8009204760400551,0.7780146554447204,0.6290565895046547,0.24404607808975953,0.40010139813199613,42
random_permuted_shock_weighted_sector_exposure,43200,28800,9600,-0.19692695299881685,0.5869169692849093,0.8219713225619779,0.7884645586268467,0.7917307245173466,0.7788602030362297,0.6135513779120312,0.24497109695095912,0.4083777953674378,43
random_permuted_shock_weighted_sector_exposure,43200,28800,9600,-0.20038205911802381,0.591728044274576,0.8210901892897596,0.7858835425172651,0.7954027231236601,0.7689119289833668,0.6213669474006736,0.2475115031627203,0.4042271690545807,44
random_permuted_shock_weighted_sector_exposure,43200,28800,9600,-0.19852945522300042,0.5907697129674294,0.8236079778101351,0.7884588557243791,0.7944743058253043,0.7750377063619833,0.6191406963846156,0.24538370173497406,0.4054137958044643,45
random_permuted_shock_weighted_sector_exposure,43200,28800,9600,-0.20004404094860567,0.5917704070860889,0.8270221274482739,0.7888759939369926,0.7956656064554226,0.7724742399155425,0.622557033666792,0.24682962873398823,0.4035914033643945,46
random_permuted_shock_weighted_sector_exposure,43200,28800,9600,-0.19736694048493225,0.5891879133970499,0.8271175040243017,0.7902328105307362,0.7953311382245002,0.7728490650868663,0.6210504451937817,0.24743158227838388,0.4043960820233949,47
random_permuted_shock_weighted_sector_exposure,43200,28800,9600,-0.19697002144870152,0.5891854177613433,0.8216963119667695,0.7859345202767231,0.8002705595817807,0.7737582411392459,0.6285407491582881,0.24504663785663014,0.4003794954589263,48
random_permuted_shock_weighted_sector_exposure,43200,28800,9600,-0.19885165243066555,0.5899542140054224,0.8207775525376696,0.7877975564136305,0.794370210168519,0.7792772986895176,0.6167336599502337,0.2455841868522226,0.40669288861036434,49
random_permuted_shock_weighted_sector_exposure,43200,28800,9600,-0.19981698901875494,0.5898088550345351,0.8229109797293643,0.7866349767973299,0.8034307019652818,0.772661682329434,0.6338681204357259,0.24394171936968684,0.39749805801852506,50
random_permuted_shock_weighted_sector_exposure,43200,28800,9600,-0.19866495171740634,0.5891704903226802,0.8184007699637249,0.7866794079593122,0.7922413115391109,0.7741949721873296,0.615487210724343,0.24710719017366856,0.40735367003347556,51
random_permuted_shock_weighted_sector_exposure,43200,28800,9600,-0.1994153533783038,0.5910268394397059,0.8265034583422743,0.7898776568174997,0.7970606023871164,0.780776342529326,0.6258476883582249,0.24192930030833698,0.4018282399261401,52
random_permuted_shock_weighted_sector_exposure,43200,28800,9600,-0.19901357949209003,0.5911120884595723,0.821588713824244,0.7874692186457557,0.7948008575804046,0.7748052652390566,0.6156176627509935,0.2470800568577432,0.4072845635938179,53
random_permuted_shock_weighted_sector_exposure,43200,28800,9600,-0.19759104975619063,0.5882099021239691,0.8171698287401957,0.7889571279231005,0.7877783399628686,0.7725753755592331,0.60837524271319,0.2493467982007155,0.4111036266819448,54
random_permuted_shock_weighted_sector_exposure,43200,28800,9600,-0.19827692513061185,0.5900917609488318,0.8198219385464893,0.7866026402787184,0.7901811187087838,0.7734674645222694,0.6129955565680365,0.24684705381948083,0.40867137066272613,55
random_permuted_shock_weighted_sector_exposure,43200,28800,9600,-0.19644456142700023,0.589069037287963,0.8193149330404601,0.7868141323213587,0.7953949347760065,0.7756009084905455,0.6207354906951971,0.2454530582182626,0.40456409899329676,56
random_permuted_shock_weighted_sector_exposure,43200,28800,9600,-0.19948842211433365,0.5917277747984688,0.8185798292156552,0.7881432291729115,0.7911484210779574,0.7703449593403884,0.6101200557231546,0.2501923013271698,0.41018680557131,57
random_permuted_shock_weighted_sector_exposure,43200,28800,9600,-0.19489944836720102,0.5874496263343709,0.8228067536074507,0.7878421631833623,0.7973106231936242,0.7673232833738789,0.6237171387969574,0.25095864685340796,0.4029706886822338,58
random_permuted_shock_weighted_sector_exposure,43200,28800,9600,-0.19533428406740078,0.5873736825458892,0.8197765158798982,0.7860592766553754,0.8017950041362331,0.7768519517863917,0.6322995353243629,0.24241837485939488,0.3983486301565188,59
random_permuted_shock_weighted_sector_exposure,43200,28800,9600,-0.19999133733551494,0.5910351804986334,0.822672770773374,0.7862283922250995,0.7840360095544017,0.7695479725703019,0.602892165481166,0.24901873206989625,0.4139715222585587,60
random_permuted_shock_weighted_sector_exposure,43200,28800,9600,-0.20046501315773418,0.5903715869676779,0.8250449411011839,0.7870000906767588,0.7906420409787495,0.7725042334009432,0.6097067854315712,0.2481551831612163,0.4104041457102597,61
random_permuted_shock_weighted_sector_exposure,43200,28800,9600,-0.19771328819183148,0.5903477315666483,0.8197844276556339,0.7870661041864422,0.7989768239561252,0.7741481694827328,0.6253931225822811,0.24667304473628202,0.4020722607634717,62
random_permuted_shock_weighted_sector_exposure,43200,28800,9600,-0.19882921855941132,0.5916421075707219,0.8231073558455564,0.7863318897638216,0.8017363210899033,0.7672634735787514,0.6316554935170491,0.24584452211356714,0.3986973391654546,63
random_permuted_shock_weighted_sector_exposure,43200,28800,9600,-0.19740421347720022,0.5897535420146047,0.8180219237713033,0.7865006596825918,0.7970786608643977,0.7761529187278029,0.6237673347716484,0.24489147043086898,0.40294380972599353,64
random_permuted_shock_weighted_sector_exposure,43200,28800,9600,-0.19717712254073555,0.5893110531659003,0.8231601443935336,0.7895641331758454,0.7937717902497345,0.7793429150573502,0.618776359853543,0.2457157054175671,0.4056076623409016,65
random_permuted_shock_weighted_sector_exposure,43200,28800,9600,-0.19781961366194628,0.5899215143546551,0.8219281789114528,0.7868245684127037,0.7931859671322891,0.7734195478085912,0.6191109491331133,0.2476446526054196,0.4054296280429755,66
random_permuted_shock_weighted_sector_exposure,43200,28800,9600,-0.19403431575150426,0.5843285740254336,0.8168220360120488,0.7845576339732919,0.7901968003859443,0.7707661574838153,0.6117303457401966,0.24882541422720522,0.40933884818993227,67
random_permuted_shock_weighted_sector_exposure,43200,28800,9600,-0.19771837165386824,0.5875077431104371,0.8231704950730794,0.7902291661833056,0.7975995279344856,0.7803431904008699,0.6258797954880296,0.24383098865047848,0.40181099851422153,68
random_permuted_shock_weighted_sector_exposure,43200,28800,9600,-0.19761792077184276,0.5889499765878768,0.8237875085328142,0.7867912500911607,0.8024133269492711,0.7766070567849731,0.6328095742007334,0.24433410630924982,0.3980722587458276,69
random_permuted_shock_weighted_sector_exposure,43200,28800,9600,-0.19831023582060087,0.5895483410094483,0.8273209049778488,0.790342052834915,0.8103811940887139,0.7784146986408592,0.6490267876478563,0.24100304929413957,0.389182428767038,70
random_permuted_shock_weighted_sector_exposure,43200,28800,9600,-0.1957790660176842,0.5863815644492641,0.8212575277706534,0.7862380677385588,0.8016061818312332,0.7725787074458207,0.6340448697148516,0.2440036718531359,0.39740210082340394,71
random_permuted_shock_weighted_sector_exposure,43200,28800,9600,-0.19809702312976346,0.5878290822970021,0.8188662579789104,0.7861793181371896,0.7950890876838943,0.7675360512768096,0.6204096980995821,0.24738349822577269,0.4047378243110292,72
random_permuted_shock_weighted_sector_exposure,43200,28800,9600,-0.19799227117282597,0.5883811315065506,0.8215939146933505,0.7866714512890279,0.7971665971710797,0.7734033663250359,0.6257747622856151,0.24481819971427052,0.40186739821372686,73
random_permuted_shock_weighted_sector_exposure,43200,28800,9600,-0.19856266822533558,0.5918510145922946,0.8205162653065892,0.7876208836173126,0.7964989517124205,0.774037679722935,0.6184155271808476,0.24750452074532148,0.4057995731588593,74
random_permuted_shock_weighted_sector_exposure,43200,28800,9600,-0.1971596407810789,0.5877476802496417,0.8207800539113245,0.7854325681536327,0.7962870086193393,0.7708751057455092,0.6239976133248865,0.24553262467750567,0.40282047710668767,75
random_permuted_shock_weighted_sector_exposure,43200,28800,9600,-0.20079273916519785,0.5925448812932465,0.82210049307822,0.7863868848326168,0.794002778223703,0.7669013096183761,0.6146697824101277,0.249444016216074,0.40778643280587223,76
random_permuted_shock_weighted_sector_exposure,43200,28800,9600,-0.19897850869522465,0.5914413058590358,0.8221210039456168,0.7871138228651458,0.7926409848650334,0.7732978408720389,0.6165827909038852,0.246214054952344,0.406772926073685,77
random_permuted_shock_weighted_sector_exposure,43200,28800,9600,-0.19682530493299494,0.5893679815854164,0.8212522110661593,0.7866105737522319,0.7958163915321799,0.7709431314400473,0.622263047013734,0.2464152664211347,0.40374854947854344,78
random_permuted_shock_weighted_sector_exposure,43200,28800,9600,-0.19845667715799126,0.5898115001181009,0.8220276360471447,0.7877528120991163,0.7976547695920813,0.7748073328065841,0.6257533236164152,0.24374213076401777,0.4018789091675005,79
random_permuted_shock_weighted_sector_exposure,43200,28800,9600,-0.19676998984935562,0.58936717705615,0.8238774152041719,0.7865708588713863,0.8037444889429729,0.772548438662094,0.6345992114942858,0.24524836256936092,0.3971009982318765,80
random_permuted_shock_weighted_sector_exposure,43200,28800,9600,-0.1970573731586816,0.588726981786023,0.8198853653698849,0.7843797313802195,0.7917788923916795,0.77197517847582,0.6164734347648827,0.24710316928933365,0.4068309307018497,81
random_permuted_shock_weighted_sector_exposure,43200,28800,9600,-0.20177247289683847,0.5926954817118425,0.8241782650069157,0.787928155596667,0.7982635021772477,0.7713611157573531,0.6247160249903014,0.24706310201445422,0.4024354671918413,82
random_permuted_shock_weighted_sector_exposure,43200,28800,9600,-0.19671035932500552,0.5894773284821568,0.8231203265352532,0.7883250122636133,0.8062486077694158,0.7730720540733169,0.6410148769910253,0.24366630501360095,0.3935994330586306,83
random_permuted_shock_weighted_sector_exposure,43200,28800,9600,-0.19773896259311813,0.5883175633779629,0.8242982358780053,0.7876065808121804,0.8006064718178483,0.7715727958899745,0.6280517830594952,0.24633101442831504,0.4006429262609625,84
random_permuted_shock_weighted_sector_exposure,43200,28800,9600,-0.19892294501811553,0.5894791706821229,0.8257870982082403,0.7882707000597644,0.8025032299503879,0.7764327602259458,0.6332458651579835,0.2450170541167678,0.39783569627716303,85
random_permuted_shock_weighted_sector_exposure,43200,28800,9600,-0.20006572166269493,0.5926407830035803,0.8232703941626437,0.7879787263104313,0.7929482248708187,0.7732212639620111,0.616193800555439,0.24609099181795774,0.40697921654027075,86
random_permuted_shock_weighted_sector_exposure,43200,28800,9600,-0.19682459078552478,0.5899364080582769,0.8188155048640057,0.7865866305632175,0.7969853315720413,0.7755418530598056,0.6234943776995954,0.2467249959649089,0.4030899512377554,87
random_permuted_shock_weighted_sector_exposure,43200,28800,9600,-0.198239292654309,0.5910734303261641,0.8238153650285255,0.7890898482550612,0.7962213312039411,0.7765327147579723,0.6223552624187786,0.24541032561802079,0.4036992637145694,88
random_permuted_shock_weighted_sector_exposure,43200,28800,9600,-0.19740222221867515,0.5899822631484926,0.8207208193711829,0.7885950774647554,0.7945900843364232,0.7739456919763126,0.6171873931536611,0.24563181394254674,0.40645208385580256,89
random_permuted_shock_weighted_sector_exposure,43200,28800,9600,-0.1961265515455422,0.5864595731989757,0.8228270768136668,0.7888214795794198,0.8003367882651445,0.7730957917707473,0.62950319114852,0.2454401995994346,0.3998604722222512,90
random_permuted_shock_weighted_sector_exposure,43200,28800,9600,-0.1948087012462139,0.586284050683803,0.8210034436679687,0.78711972122064,0.7968711191107698,0.76803439849666,0.6238818777836368,0.24838185697616894,0.40288246748311546,91
random_permuted_shock_weighted_sector_exposure,43200,28800,9600,-0.19686555018406954,0.5878810815973183,0.8233763783829471,0.7879855571353038,0.8121101460851793,0.7783440041472564,0.6524332375018992,0.23939648556578152,0.387289174693802,92
random_permuted_shock_weighted_sector_exposure,43200,28800,9600,-0.1967574043684997,0.5867947277383527,0.8228853228087403,0.7857406987683168,0.8047878023565317,0.7709743034195726,0.638027875605461,0.2437450480348061,0.3952335489025961,93
random_permuted_shock_weighted_sector_exposure,43200,28800,9600,-0.200760740461088,0.5933106109143883,0.822144580887536,0.7875528146653737,0.7973094286572998,0.7734133039199405,0.6223615277134216,0.24680358010928083,0.40369591492525325,94
random_permuted_shock_weighted_sector_exposure,43200,28800,9600,-0.19899418312266742,0.589379892376316,0.8241680501679842,0.7877473578932114,0.8033113871610366,0.7771832464366512,0.6354065047986663,0.2437833463227606,0.3966620908066605,95
random_permuted_shock_weighted_sector_exposure,43200,28800,9600,-0.1967468247291257,0.5898744395455497,0.8227878282603762,0.7871791326931471,0.796131497754944,0.7727341757494632,0.6239063461200935,0.2464191215308556,0.40286936252550315,96
random_permuted_shock_weighted_sector_exposure,43200,28800,9600,-0.19576638740434377,0.5878407284625273,0.8196322257695265,0.7853790840901564,0.7972430644794263,0.772157640292887,0.6234215256012446,0.24523726593180953,0.40312894737304006,97
random_permuted_shock_weighted_sector_exposure,43200,28800,9600,-0.19996649249122583,0.5919761081813355,0.8240547881787587,0.7897577534387503,0.8006790320517797,0.7778721964058268,0.6281576165154562,0.2447261331355626,0.4005859231081093,98
random_permuted_shock_weighted_sector_exposure,43200,28800,9600,-0.1982516729769211,0.5891804564492963,0.8242735609490509,0.7867453279320423,0.8020434867265805,0.7743330231409866,0.6344816790420991,0.245065880830482,0.3971648575653615,99
random_permuted_shock_weighted_sector_exposure,43200,28800,9600,-0.1963062940997818,0.5883757620908182,0.8196873251412646,0.7871623383758225,0.7909304812729113,0.7750124427920605,0.6149958569140992,0.24696905098657282,0.40761385757704477,100
random_permuted_shock_weighted_sector_exposure,43200,28800,9600,-0.1972377171079029,0.5898681400160553,0.8240453527147998,0.7874613313585086,0.8069455854393746,0.7748460800334986,0.6416721078163194,0.24274140888426293,0.39323896660370555,101
random_permuted_shock_weighted_sector_exposure,43200,28800,9600,-0.20109848659799096,0.59354064077499,0.8257096316762044,0.789879015990131,0.7986017330524361,0.7761049548540792,0.6260800942013021,0.24437234020730386,0.4017034221254582,102
random_permuted_shock_weighted_sector_exposure,43200,28800,9600,-0.19651079836581115,0.5886893621119254,0.822823159637959,0.7851831937141281,0.7999511876792953,0.7744055763557771,0.6277188950443514,0.244489250822091,0.4008221708371133,103
random_permuted_shock_weighted_sector_exposure,43200,28800,9600,-0.19875696496345313,0.5901815675381058,0.823704208929074,0.7909408523439517,0.7896711013903145,0.779244549611211,0.6112384365435457,0.24661910544894178,0.40959806727365133,104
random_permuted_shock_weighted_sector_exposure,43200,28800,9600,-0.19577919893924894,0.5862573347488218,0.8211569815326234,0.7884448474245326,0.8027494099850411,0.7764595803275871,0.6333656325300299,0.24365808094428384,0.3977707322836815,105
random_permuted_shock_weighted_sector_exposure,43200,28800,9600,-0.19728841219770005,0.5892433177329546,0.8207886810338652,0.7876723710763128,0.7961440629231781,0.7713642204983565,0.6222045116502715,0.24747695978132347,0.40377983136980594,106
random_permuted_shock_weighted_sector_exposure,43200,28800,9600,-0.19893086498372187,0.5917077608650331,0.8204305053447164,0.7880171111011665,0.7935053588672643,0.7750464379479949,0.6166562042463353,0.24620879460920983,0.40673398156492985,107
random_permuted_shock_weighted_sector_exposure,43200,28800,9600,-0.19906734290494837,0.5897614173757203,0.8227028334446539,0.7883642889263818,0.7992881714752423,0.7723763199866175,0.6260748082372816,0.24720737165110482,0.4017062614799549,108
random_permuted_shock_weighted_sector_exposure,43200,28800,9600,-0.19814868648614542,0.5883500495034403,0.825701048736967,0.7866901606931116,0.8045821438199513,0.7722137434222478,0.6380602446519996,0.24427521042211026,0.3952158767970708,109
random_permuted_shock_weighted_sector_exposure,43200,28800,9600,-0.19676486782740338,0.5894765327409633,0.8200655648624193,0.7878603208657764,0.7906453284990091,0.7740260169382228,0.6123232513464669,0.24659408860778176,0.4090261891663023,110
random_permuted_shock_weighted_sector_exposure,43200,28800,9600,-0.19924930460917617,0.5903476745923181,0.824072339537848,0.7866178601463316,0.7951568675222118,0.7762182393923311,0.6199347103086332,0.24671737868560062,0.4049909727999342,111
random_permuted_shock_weighted_sector_exposure,43200,28800,9600,-0.19558106448592233,0.5848903972506007,0.8198320284883526,0.7875210221750605,0.7857520666385194,0.7719411732011671,0.6058210685618672,0.24836628904340974,0.41244205552874486,112
random_permuted_shock_weighted_sector_exposure,43200,28800,9600,-0.19876319711028673,0.589977437234831,0.8233419262804752,0.789356718585006,0.7981103289239532,0.779075113831231,0.626049878178961,0.24439674273326678,0.40171965238518387,113
random_permuted_shock_weighted_sector_exposure,43200,28800,9600,-0.20090392592982048,0.5929126789394322,0.8200345097716898,0.7869964787053538,0.7892763417607641,0.7702769646415721,0.6078745903078271,0.24968228786326233,0.4113663198311238,114
random_permuted_shock_weighted_sector_exposure,43200,28800,9600,-0.198501180860356,0.5891024479201261,0.822654921648803,0.7889860573244867,0.803419579500482,0.7770503810026254,0.6370618266609539,0.24347779519864654,0.39576060680954944,115
random_permuted_shock_weighted_sector_exposure,43200,28800,9600,-0.19742494722941278,0.5887842482721287,0.8241632495885565,0.7890486275390052,0.7936496945037987,0.7758710097514657,0.6199491949019968,0.24613058262514415,0.40498325546082453,116
random_permuted_shock_weighted_sector_exposure,43200,28800,9600,-0.19579237705501923,0.5907591311508057,0.8192312922517219,0.7882468285101143,0.7864695186490478,0.7724314980984593,0.6041948106805495,0.24988077475147974,0.41329198268229506,117
random_permuted_shock_weighted_sector_exposure,43200,28800,9600,-0.2000023869980489,0.5924450354753625,0.820795970469384,0.7894560480220284,0.7970287734138491,0.774027078989741,0.6215277556327561,0.24621511393159096,0.4041413208180708,118
random_permuted_shock_weighted_sector_exposure,43200,28800,9600,-0.19800169274957274,0.5890126771720912,0.8218507416293694,0.7886968478301459,0.7856890465076705,0.7733063335293944,0.6041138610111676,0.24895066438473185,0.41333424354678727,119
random_permuted_shock_weighted_sector_exposure,43200,28800,9600,-0.19785782050581208,0.588110861580272,0.8191192156106766,0.7862074155730022,0.7903489418630751,0.7745142004502642,0.609684733302877,0.24760083858913678,0.4104157397591249,120
random_permuted_shock_weighted_sector_exposure,43200,28800,9600,-0.19957899922386607,0.5921857462281408,0.8241137377973555,0.7903471589404074,0.8046800244834197,0.773467536339857,0.6361730802286343,0.244707950296037,0.3962448707845384,121
random_permuted_shock_weighted_sector_exposure,43200,28800,9600,-0.19840879390635485,0.5912339735031584,0.8215288891993959,0.7875243324501,0.7991241580966196,0.7743570809421542,0.6264029069506166,0.24631532552549318,0.40152998526912514,122
random_permuted_shock_weighted_sector_exposure,43200,28800,9600,-0.19817321390075976,0.5897364514537279,0.8248804525326391,0.7869978580703363,0.8061481748676016,0.7743127729692114,0.6398854322966314,0.24330803730539316,0.3942181212023354,123
random_permuted_shock_weighted_sector_exposure,43200,28800,9600,-0.19712400310604078,0.5887506382746623,0.8201919145228572,0.7870959642650033,0.7880197009909365,0.7691902984467899,0.6084561970948204,0.24904380595172437,0.41106113401602234,124
random_permuted_shock_weighted_sector_exposure,43200,28800,9600,-0.1947348859015841,0.5872424726619766,0.820468923214265,0.7891441873309754,0.7968954278790471,0.771791664198708,0.6278465991875235,0.24621678835702027,0.4007534176266748,125
random_permuted_shock_weighted_sector_exposure,43200,28800,9600,-0.1969381206510769,0.588553785566547,0.8223880707161809,0.789637408786148,0.7934420003376192,0.7733988438688837,0.6187462731616087,0.2479043368161359,0.40562366758130425,126
random_permuted_shock_weighted_sector_exposure,43200,28800,9600,-0.2001759076684932,0.5915373724130554,0.8239477151990414,0.7884627681953973,0.7962522894470158,0.7767416185976753,0.6245406424981786,0.24529626310074093,0.40252949184474174,127
random_permuted_shock_weighted_sector_exposure,43200,28800,9600,-0.1973641659948711,0.5898600998660951,0.8220257200716241,0.7870342381220063,0.7937889024185573,0.7706398781239664,0.6174206919457489,0.24851587721279647,0.40632821224047394,128
random_permuted_shock_weighted_sector_exposure,43200,28800,9600,-0.20032262212911783,0.5921089440712476,0.8208076602635714,0.7884892734503726,0.7943525083796742,0.7740514861613417,0.6171566879355909,0.24612370840968747,0.4064683841936167,129
random_permuted_shock_weighted_sector_exposure,43200,28800,9600,-0.19981555176921956,0.5916971647611279,0.8235068453812601,0.7893912464982523,0.7985850102368087,0.7751282931149052,0.6267760326858002,0.2444267203497868,0.4013294234868358,130
random_permuted_shock_weighted_sector_exposure,43200,28800,9600,-0.19729565065072968,0.588349207686189,0.8204842296624743,0.789647258417467,0.799547344309713,0.7767164249620595,0.6258598991765026,0.24477220251548565,0.40182168284831654,131
random_permuted_shock_weighted_sector_exposure,43200,28800,9600,-0.20055648901469308,0.5914869665000071,0.8237615334192842,0.7892252217393074,0.7963858119458176,0.7699110617291299,0.622881521471516,0.24778152649948376,0.40341788225132197,132
random_permuted_shock_weighted_sector_exposure,43200,28800,9600,-0.19727397597166968,0.5885382654695539,0.8234699868853127,0.787412810037737,0.797437970110998,0.7761682804895187,0.625459982090693,0.24551807199312142,0.40203637840931167,133
random_permuted_shock_weighted_sector_exposure,43200,28800,9600,-0.19562491919398933,0.5870425561369937,0.8193406400546167,0.7895323696036598,0.7981416711268435,0.7737492108859739,0.6262495150124725,0.2439025675558448,0.40161240713887836,134
random_permuted_shock_weighted_sector_exposure,43200,28800,9600,-0.19750254012308205,0.5889379670969284,0.8205069235335212,0.7884292352507807,0.8019524817558861,0.7748878474318729,0.633310775683056,0.24645776573215372,0.3978004889486039,135
random_permuted_shock_weighted_sector_exposure,43200,28800,9600,-0.1978463236429719,0.5899212030863148,0.8199019640960655,0.7868777364642242,0.7940554807134061,0.7739430004494101,0.6193939513286207,0.24580482805236167,0.4052789820804191,136
random_permuted_shock_weighted_sector_exposure,43200,28800,9600,-0.19709280947875413,0.5881744394068784,0.8212682071978772,0.7872026236555314,0.8005907854786858,0.7726764184409006,0.631432125233224,0.2440235976541003,0.39881820813695595,137
random_permuted_shock_weighted_sector_exposure,43200,28800,9600,-0.19385758607492026,0.5849272534731196,0.8191232671165902,0.7873941079040868,0.7907559317323265,0.7728379897115649,0.6131578146793419,0.24793879821819081,0.4085856905138905,138
random_permuted_shock_weighted_sector_exposure,43200,28800,9600,-0.19778938885424807,0.5880448129464777,0.8219595890213792,0.790111296571865,0.802500032903378,0.7802936975573302,0.6338597895915354,0.24179396845055626,0.3975025802627427,139
random_permuted_shock_weighted_sector_exposure,43200,28800,9600,-0.19962380898539017,0.590733889781325,0.8201528737816227,0.7883421480341056,0.7929835015843775,0.7750661129650656,0.6178808509951483,0.24504576527845762,0.40608377683001723,140
random_permuted_shock_weighted_sector_exposure,43200,28800,9600,-0.19581836610708453,0.5876076061170216,0.821514779117144,0.7884488842068791,0.7973391284361082,0.7778859887152502,0.6241038376784478,0.24570435570054278,0.40276357272412583,141
random_permuted_shock_weighted_sector_exposure,43200,28800,9600,-0.19759385730335316,0.5885127038700342,0.821850176669976,0.7890661095326037,0.7935579709527225,0.7784875455909467,0.6176484253666128,0.24374536899256072,0.4062072591643434,142
random_permuted_shock_weighted_sector_exposure,43200,28800,9600,-0.20150880490656503,0.5918976030301469,0.8245923838728153,0.7890006346625051,0.7975927737258861,0.7752753485722771,0.6237619521117315,0.2461820123551462,0.4029466921202357,143
random_permuted_shock_weighted_sector_exposure,43200,28800,9600,-0.19888346217297087,0.5880374081451673,0.8208092007099665,0.7856344870736799,0.7961761463917678,0.7711700574299415,0.6224748134203304,0.24683951626983666,0.4036353591149134,144
random_permuted_shock_weighted_sector_exposure,43200,28800,9600,-0.19521603828320871,0.5877423259611287,0.8173089542090904,0.7864755356853433,0.7888931085702189,0.7784802744314389,0.6116404438221644,0.2484931075195906,0.40938623563984705,145
random_permuted_shock_weighted_sector_exposure,43200,28800,9600,-0.19749727345943585,0.5882893616708436,0.8253767302421439,0.7865298119869243,0.8018293643298197,0.7744559934942769,0.632707460691263,0.24432298780831702,0.3981276056814624,146
random_permuted_shock_weighted_sector_exposure,43200,28800,9600,-0.19970618597044326,0.5915648476704193,0.8234422091458988,0.7878220839589634,0.7877528928340678,0.7723358329188439,0.6063332955498332,0.24839847668447934,0.41217398865248406,147
random_permuted_shock_weighted_sector_exposure,43200,28800,9600,-0.19530782144403153,0.5868852843417943,0.8183809025304467,0.7875638484804839,0.7893002717321094,0.7764965964935803,0.6126115535971492,0.24572766369745427,0.40887407132151143,148
random_permuted_shock_weighted_sector_exposure,43200,28800,9600,-0.19781793719974278,0.5901011141145491,0.8248123877345485,0.7871639533381233,0.7964005103784613,0.7742864705195839,0.6250477250514062,0.2449312967357603,0.40225757872966583,149
random_permuted_shock_weighted_sector_exposure,43200,28800,9600,-0.2000782123546992,0.5919623420219906,0.824063220647519,0.7900169543785457,0.7966991548553137,0.7755700492281905,0.6222349139574856,0.2459185495908982,0.4037635843713148,150
random_permuted_shock_weighted_sector_exposure,43200,28800,9600,-0.1987623897908855,0.5893174834070497,0.8211553629484283,0.7905451383903299,0.795077613673737,0.7775875993677079,0.6204456587490286,0.2458080877274542,0.4047186523515889,151
random_permuted_shock_weighted_sector_exposure,43200,28800,9600,-0.1969443671472742,0.5867015201163442,0.8213703885394162,0.7883938164635356,0.7903067974278247,0.7780931067599148,0.6126144970260929,0.2466349171928957,0.4088725179787709,152
random_permuted_shock_weighted_sector_exposure,43200,28800,9600,-0.19842984844357053,0.5912067605514565,0.8213486874051201,0.7909207298458777,0.8025233566958258,0.7783358185500121,0.6335271839556278,0.2440362510404474,0.39768308705051464,153
random_permuted_shock_weighted_sector_exposure,43200,28800,9600,-0.19988556794437723,0.590858245598284,0.8268553163228263,0.7892338787388414,0.8105516448509094,0.7744652533165803,0.6450901613266007,0.24260360774390904,0.39135893915439807,154
random_permuted_shock_weighted_sector_exposure,43200,28800,9600,-0.19884911749092243,0.591321703677142,0.8234020703990337,0.7881827317007665,0.8017892710690669,0.7750887322011714,0.629467397917156,0.24483180668433127,0.3998797867647749,155
random_permuted_shock_weighted_sector_exposure,43200,28800,9600,-0.19555904866027968,0.5887689751402931,0.8156923826946286,0.7865821362094424,0.7864590381170755,0.7728888178595704,0.6045071192597724,0.24984203767398414,0.4131288972719577,156
random_permuted_shock_weighted_sector_exposure,43200,28800,9600,-0.19516840686848674,0.5860621569855563,0.8227721387375065,0.7862097023767766,0.8035359414736745,0.7745947562210371,0.6364403760444861,0.24338248207485344,0.396099287746698,157
random_permuted_shock_weighted_sector_exposure,43200,28800,9600,-0.1962349257963431,0.5884845261057096,0.8221499510092622,0.7879538386889304,0.8055458379924392,0.7833439438207209,0.6371504610486031,0.24276402951530354,0.395712278824911,158
random_permuted_shock_weighted_sector_exposure,43200,28800,9600,-0.19493819597089485,0.586092183307007,0.8236042436459234,0.7875582462850749,0.7979473586551467,0.7753378442451601,0.6279984417127826,0.24428583489892958,0.40067165346829653,159
random_permuted_shock_weighted_sector_exposure,43200,28800,9600,-0.1976222796063824,0.5894036497134805,0.8217892263874029,0.7882662063045351,0.7976035216161709,0.7738586622364102,0.6245288227849182,0.2455449701986505,0.4025358277445316,160
random_permuted_shock_weighted_sector_exposure,43200,28800,9600,-0.19621359944196365,0.5880518140787796,0.8216297874273312,0.7871866433063763,0.805197039641291,0.7765894235718627,0.636330193852231,0.24354448394046224,0.3961593051122512,161
random_permuted_shock_weighted_sector_exposure,43200,28800,9600,-0.19764988270021694,0.5876923747394774,0.8190728350863044,0.7872586594578483,0.7923232198902224,0.7782768482800133,0.6129563748292565,0.24519247100062344,0.40869205782781515,162
random_permuted_shock_weighted_sector_exposure,43200,28800,9600,-0.19734979997633978,0.5869806475179716,0.8208626338729029,0.7876812220833013,0.7908635130245356,0.7741835037935874,0.6145236515502852,0.24717334378717415,0.40786374900212735,163
random_permuted_shock_weighted_sector_exposure,43200,28800,9600,-0.19495433109933252,0.5865711387839937,0.8204375932506242,0.7878661776314472,0.7947796669035418,0.7728853334668275,0.6223286217503504,0.2464640603373587,0.403713502796295,164
random_permuted_shock_weighted_sector_exposure,43200,28800,9600,-0.19882483209950602,0.5904864373197662,0.8253078964062831,0.7873614634668877,0.7983498037790917,0.7699200021089854,0.6257820468381461,0.24742409749583183,0.40186348688156115,165
random_permuted_shock_weighted_sector_exposure,43200,28800,9600,-0.19749716742341245,0.5891330623321281,0.8210273535128749,0.7869711284165204,0.8032872984460363,0.7754285501865479,0.6327396940386953,0.2444273828794515,0.39811013559205294,166
random_permuted_shock_weighted_sector_exposure,43200,28800,9600,-0.1956295697028741,0.5862984258212512,0.8224741550149961,0.7892670504512925,0.8025378203253029,0.7773327085886147,0.6335943840849425,0.24279306818278143,0.3976466238001319,167
random_permuted_shock_weighted_sector_exposure,43200,28800,9600,-0.200091627361697,0.5913331018179638,0.8251872108698702,0.7902136312626994,0.8085845551703185,0.7776120980935546,0.6430681464934567,0.2417827051741555,0.3924721932605371,168
random_permuted_shock_weighted_sector_exposure,43200,28800,9600,-0.19577743425332023,0.5871677805803185,0.8196869142449664,0.7864856673395102,0.792238871686084,0.7718756984618381,0.6178890557333658,0.2466254016119742,0.4060794171571547,169
random_permuted_shock_weighted_sector_exposure,43200,28800,9600,-0.19773780169962335,0.5888512002036586,0.8225560105317952,0.7863089803030174,0.7854647575203733,0.7721081523820759,0.5982972379699104,0.25063868925007476,0.4163596623136905,170
random_permuted_shock_weighted_sector_exposure,43200,28800,9600,-0.19895542760711832,0.5910908391157953,0.8200514472091109,0.7867156511481495,0.793259533344767,0.7776167533884292,0.618810404985866,0.2450332604811326,0.4055895505642472,171
random_permuted_shock_weighted_sector_exposure,43200,28800,9600,-0.20096566396897492,0.5936972539692392,0.8225566454061197,0.7877654528700009,0.79300140782076,0.7718436306617318,0.6143084913771375,0.24703952113681188,0.4079775611633595,172
random_permuted_shock_weighted_sector_exposure,43200,28800,9600,-0.1958013401033925,0.5860765257776446,0.820628392501923,0.7890843343321999,0.7969124048439368,0.7748935710190553,0.6251040731962852,0.2462458033567402,0.40222735178948243,173
random_permuted_shock_weighted_sector_exposure,43200,28800,9600,-0.19709402596700837,0.5906400611600313,0.8186233357291047,0.7869119829748465,0.7838419524467733,0.7712483329198568,0.596470905769533,0.24981179774265835,0.41730507368677344,174
random_permuted_shock_weighted_sector_exposure,43200,28800,9600,-0.19534111891279599,0.5872109152264736,0.8268954600901812,0.785125134611621,0.8153606057285692,0.770638387483336,0.6570412478337923,0.2406397915333964,0.38471328514261643,175
random_permuted_shock_weighted_sector_exposure,43200,28800,9600,-0.1957513220098081,0.5863062792362376,0.8198863274515293,0.7871381929590617,0.7889128899118103,0.7728722913292021,0.6131133795759691,0.24630163011663656,0.4086091561889754,176
random_permuted_shock_weighted_sector_exposure,43200,28800,9600,-0.1988479686280819,0.5893752158104475,0.8239373836875666,0.7895784829028665,0.7980121710910275,0.777895557587687,0.6250733700554889,0.24486962952708982,0.4022438222140583,177
random_permuted_shock_weighted_sector_exposure,43200,28800,9600,-0.19941064645770007,0.5907853019111383,0.821340672234115,0.7859195581911952,0.8041740184785362,0.770043990582026,0.6366402990339626,0.24485824538743267,0.3959903644255253,178
random_permuted_shock_weighted_sector_exposure,43200,28800,9600,-0.199128767052473,0.5915927224081068,0.8221924051377728,0.7880548652012473,0.7866097849660842,0.7783973153950297,0.6060357246176991,0.24740336774854807,0.41232973947867385,179
random_permuted_shock_weighted_sector_exposure,43200,28800,9600,-0.19782893377039884,0.5896717606027665,0.8238238102722677,0.7883618717752796,0.798674158503903,0.7697200220682051,0.6261122067079824,0.2453359737596533,0.40168617246771426,180
random_permuted_shock_weighted_sector_exposure,43200,28800,9600,-0.19826325051295685,0.5894426760211909,0.8284199777755046,0.7893351687075952,0.8103845769384235,0.7804696322985623,0.6461838127770696,0.24140150719774547,0.39075548940289123,181
random_permuted_shock_weighted_sector_exposure,43200,28800,9600,-0.19824675906441974,0.5897961660946125,0.8205739179043917,0.788699639471254,0.7917077206877878,0.772541881506641,0.6132195679028467,0.24942780783947227,0.40855307709754574,182
random_permuted_shock_weighted_sector_exposure,43200,28800,9600,-0.19752898585977724,0.590250455567148,0.8216776992207537,0.7875221625680625,0.7961520111737536,0.7794211650903805,0.6218249090948649,0.2456752573424427,0.40398263603213685,183
random_permuted_shock_weighted_sector_exposure,43200,28800,9600,-0.1985355901232016,0.5896948984765537,0.8213612615653569,0.7861399834519633,0.7943984269236603,0.7684001624498803,0.6188341314105936,0.24839295033992287,0.4055769277909388,184
random_permuted_shock_weighted_sector_exposure,43200,28800,9600,-0.1983193215204923,0.589730597141318,0.8215797237305922,0.7884233179301577,0.7960811846315667,0.7789455943566799,0.623840569060637,0.24394933201262167,0.4029045909894468,185
random_permuted_shock_weighted_sector_exposure,43200,28800,9600,-0.1969429123263125,0.5880136678372555,0.8242049944857164,0.7879778240975032,0.7990820466751438,0.7749719833634765,0.628837157365008,0.24719786923186873,0.40021972093190405,186
random_permuted_shock_weighted_sector_exposure,43200,28800,9600,-0.19684444221077319,0.5888197134446226,0.8216108150963745,0.7871734356701053,0.7973898200617513,0.7747733134029385,0.6217108301770853,0.24643976371362536,0.40404356340153064,187
random_permuted_shock_weighted_sector_exposure,43200,28800,9600,-0.1977233001859547,0.590374587351514,0.8210784353972156,0.7880256021742983,0.8001497999353955,0.7775378902312767,0.6300998376729023,0.24282284303509394,0.39953837567121814,188
random_permuted_shock_weighted_sector_exposure,43200,28800,9600,-0.1950923911854741,0.5873363094655569,0.819232052904252,0.7887608586451967,0.7969610655822885,0.7768203674745742,0.6212986478186712,0.24707529571591977,0.4042636255941826,189
random_permuted_shock_weighted_sector_exposure,43200,28800,9600,-0.1999666407688297,0.5917861111189971,0.8239362407480726,0.7881536249478232,0.797273020022939,0.7741378286324514,0.621870324756503,0.24473723011677048,0.40395837783796384,190
random_permuted_shock_weighted_sector_exposure,43200,28800,9600,-0.19702464537187753,0.5888960856636597,0.8179059937091097,0.7854504109134677,0.7925712124256392,0.7742099442886237,0.614235314569634,0.2475919421268278,0.40801626188512946,191
random_permuted_shock_weighted_sector_exposure,43200,28800,9600,-0.19709460908510407,0.5890066239000389,0.8216758351100123,0.7867705266507469,0.797642203565134,0.7698649680896495,0.6271272611054768,0.24793292744508322,0.40114054028276686,192
random_permuted_shock_weighted_sector_exposure,43200,28800,9600,-0.19620878490882737,0.5881722691480501,0.8220763816063565,0.7890594371181595,0.7963922619027639,0.771394647995081,0.6240031544968618,0.24687519775857947,0.4028175088997804,193
random_permuted_shock_weighted_sector_exposure,43200,28800,9600,-0.19558389221054134,0.5886968480393269,0.8212638173424343,0.7864953123839418,0.7979516299163073,0.7743589858042041,0.6260674881885286,0.24673425503036375,0.40171019340951236,194
random_permuted_shock_weighted_sector_exposure,43200,28800,9600,-0.19959929436554852,0.5914685791191726,0.8262479867609979,0.7896344662315757,0.8084068945583561,0.7838957667114765,0.6440532299380006,0.2406020845965174,0.3919302340907974,195
random_permuted_shock_weighted_sector_exposure,43200,28800,9600,-0.1959832613028198,0.5882742019589537,0.8160066151656529,0.7853958913403616,0.791139608816289,0.7734600397818406,0.6122060904216878,0.24731099280529065,0.4090879909981656,196
random_permuted_shock_weighted_sector_exposure,43200,28800,9600,-0.19879394710045312,0.5895076362929237,0.8244193056710516,0.7880103705726882,0.8002096380042901,0.7709029164472307,0.6286755000830335,0.2467573858617477,0.4003068678410879,197
random_permuted_shock_weighted_sector_exposure,43200,28800,9600,-0.1949610871773238,0.5858001889558774,0.8204214189952385,0.7893847375927259,0.7922177026066831,0.7781016151568717,0.6179164506420158,0.2440071124384813,0.4060648602488787,198
random_permuted_shock_weighted_sector_exposure,43200,28800,9600,-0.1964241556192074,0.5884945738269347,0.8199317694780947,0.7889014276202262,0.7960610012823076,0.7753042390457532,0.6214454054550179,0.24574034165073944,0.4041852861284983,199
random_permuted_shock_weighted_sector_exposure,43200,28800,9600,-0.1988470400175379,0.5882518143209277,0.8235679545979627,0.7885975772334527,0.7928878630792008,0.7725410387009212,0.6183756732055868,0.2476773943786148,0.4058207641467531,200
random_permuted_shock_weighted_sector_exposure,43200,28800,9600,-0.20177707851096732,0.5924202315423673,0.8279897419015493,0.7892908351031107,0.8017557635912462,0.7789439761433924,0.6322168095047465,0.24546153710658164,0.39839343818207534,201
random_permuted_shock_weighted_sector_exposure,43200,28800,9600,-0.19494888474854372,0.5857605287338126,0.8206103400057225,0.7874839879414314,0.800452370200546,0.7746403971564554,0.6307381816629671,0.24431515890923966,0.3991934811900999,202
random_permuted_shock_weighted_sector_exposure,43200,28800,9600,-0.1973483768378385,0.5881768628599917,0.8196829972299007,0.7882254251994768,0.7942486052529724,0.7744960303219116,0.6180872883461315,0.247581539999537,0.4059740699693286,203
random_permuted_shock_weighted_sector_exposure,43200,28800,9600,-0.20102685447453056,0.5922710077178954,0.826367432819166,0.7891565247559702,0.8066846112492557,0.7794880717876975,0.6392758917386661,0.2421663299079754,0.39455161276273837,204
random_permuted_shock_weighted_sector_exposure,43200,28800,9600,-0.19423876949151248,0.5864567880063304,0.8222684248145281,0.7873369084367496,0.7992522444719119,0.7767636376869127,0.6295303095542799,0.2437468466620617,0.3998458381191976,205
random_permuted_shock_weighted_sector_exposure,43200,28800,9600,-0.19709756165548048,0.5888614929959681,0.8203166235658393,0.7880626404694259,0.7851133122273066,0.7685374085927777,0.6022202043817301,0.2503943453854499,0.4143216226064651,206
random_permuted_shock_weighted_sector_exposure,43200,28800,9600,-0.19788870185686752,0.5918577846264728,0.818752951114862,0.786363594797465,0.7914895533088833,0.7724022492173667,0.6109856055312537,0.2470687433687786,0.4097312366398876,207
random_permuted_shock_weighted_sector_exposure,43200,28800,9600,-0.19904338948568395,0.5905190434899364,0.8223224629619207,0.7875156436044938,0.7992727464428236,0.7735310499919913,0.6264855015861391,0.24696255675523493,0.40148559780387677,208
random_permuted_shock_weighted_sector_exposure,43200,28800,9600,-0.19916822214533386,0.5912337826237934,0.821280306459247,0.7879841322345889,0.7970073149412265,0.7773800268059776,0.620556336602816,0.24631926024705544,0.4046596401722114,209
random_permuted_shock_weighted_sector_exposure,43200,28800,9600,-0.19646424520426325,0.5880050260528555,0.819519888548566,0.7873248298906736,0.7971455103350717,0.7711564715566653,0.6238893211878916,0.2455627405000989,0.40287848092712103,210
random_permuted_shock_weighted_sector_exposure,43200,28800,9600,-0.19529505056686008,0.5851511431024442,0.8220339405206464,0.7891081544333778,0.8014783343526779,0.7751330091222833,0.6333722210904313,0.24310568883046677,0.39776715822120656,211
random_permuted_shock_weighted_sector_exposure,43200,28800,9600,-0.19786209250357395,0.5903934539584452,0.8202353201675078,0.7860463850365778,0.7944518012762588,0.7743005083092069,0.6183104643325115,0.24516592073642415,0.40585543434790194,212
random_permuted_shock_weighted_sector_exposure,43200,28800,9600,-0.20098805798316116,0.5952197939435704,0.8244351396106541,0.7896651964965901,0.8053034378153542,0.7789189836094144,0.635334146942522,0.24435381279811996,0.39670144997650353,213
random_permuted_shock_weighted_sector_exposure,43200,28800,9600,-0.19626573420965138,0.5877416004876227,0.8207957119896166,0.7872152989200196,0.7910006467907341,0.7789630103797165,0.6141115293536804,0.2467464455669375,0.4080817193155155,214
random_permuted_shock_weighted_sector_exposure,43200,28800,9600,-0.19563097712738114,0.5865531837737766,0.824318818918549,0.7880328982624867,0.7996116289617325,0.7764635291104743,0.6314617033576424,0.24394740963843067,0.39880220493637164,215
random_permuted_shock_weighted_sector_exposure,43200,28800,9600,-0.1988853247105325,0.5921413865551443,0.8240511865236961,0.7866063480087633,0.7931314024431743,0.7716393395748884,0.6166669445398082,0.24674052516736547,0.40672828371227865,216
random_permuted_shock_weighted_sector_exposure,43200,28800,9600,-0.20057240520130976,0.593219929486263,0.825842974190683,0.7889736023795967,0.7979143239618889,0.7780718434252046,0.6236856883327173,0.2429549928401971,0.40298752887312544,217
random_permuted_shock_weighted_sector_exposure,43200,28800,9600,-0.19840745343844174,0.590167473386964,0.8247795021421302,0.7858660867882303,0.7993378905317624,0.775891943507646,0.62809975200883,0.2469533660012375,0.4006170906217122,218
random_permuted_shock_weighted_sector_exposure,43200,28800,9600,-0.19664369137888332,0.5892714369915516,0.8197777203176069,0.7872977218478363,0.7924256145629782,0.7787705551114971,0.61625816361493,0.2444742613816438,0.40694509055971595,219
random_permuted_shock_weighted_sector_exposure,43200,28800,9600,-0.19499628498597382,0.5860014657865826,0.8169274674819973,0.7852105261672918,0.7873568211852734,0.7725308312870582,0.6060290376678776,0.24832502009570012,0.41233323880177264,220
random_permuted_shock_weighted_sector_exposure,43200,28800,9600,-0.19882352254923813,0.5909117210914016,0.8199559563660076,0.7891456428382965,0.7969336357670611,0.7797005116405784,0.6236597236692056,0.2451045571160984,0.40300143115478376,221
random_permuted_shock_weighted_sector_exposure,43200,28800,9600,-0.1974656945251529,0.5889213288897089,0.8248444237596942,0.7881496745698863,0.8057760668597781,0.7727265032843598,0.6398232650466832,0.24151242737479772,0.394252147038933,222
random_permuted_shock_weighted_sector_exposure,43200,28800,9600,-0.19729068608432082,0.5873394933192213,0.8236817654568203,0.7873105573242718,0.8058248491953767,0.7721772976853413,0.6396961918039389,0.24476354626477695,0.3943216885665744,223
random_permuted_shock_weighted_sector_exposure,43200,28800,9600,-0.19892550064367004,0.5913247942596134,0.8254238426848423,0.7884582466095893,0.8049380957895428,0.7778500061273038,0.6356989910895434,0.24450004154283372,0.39650295261201574,224
random_permuted_shock_weighted_sector_exposure,43200,28800,9600,-0.19982051140274676,0.5931470632983743,0.8192488826406555,0.7867844435336865,0.786593091313443,0.7725174774845542,0.6029329553311197,0.24930368547812956,0.4139502606912344,225
random_permuted_shock_weighted_sector_exposure,43200,28800,9600,-0.19814555624561486,0.5902495030919915,0.8230066035094773,0.7881172569858907,0.7962713120146683,0.7715335922651889,0.6221652601180652,0.24663066233244407,0.40380080642893584,226
random_permuted_shock_weighted_sector_exposure,43200,28800,9600,-0.20059571476731147,0.5916620735591684,0.821655403501558,0.7883489324553267,0.7930716096527509,0.7748115481288601,0.61574095675588,0.24525811763781272,0.40721923830758805,227
random_permuted_shock_weighted_sector_exposure,43200,28800,9600,-0.19920249636428994,0.5906438568044965,0.8225449536752655,0.787177821809124,0.7923071052675484,0.7717573972877361,0.6155232246998213,0.24996783711549633,0.40733459294550645,228
random_permuted_shock_weighted_sector_exposure,43200,28800,9600,-0.19703271875883027,0.588711842697266,0.8237576467679097,0.7876487654322543,0.799314231601597,0.7746495266753416,0.6302723775970005,0.24354935071099548,0.3994451824683675,229
random_permuted_shock_weighted_sector_exposure,43200,28800,9600,-0.19766641472100638,0.5891032183509102,0.8201975124288,0.7868025388871067,0.792109538591276,0.7734114293137997,0.6165302107887854,0.24597592004629745,0.40680081662416884,230
random_permuted_shock_weighted_sector_exposure,43200,28800,9600,-0.19999792923906973,0.5910533361416112,0.820326633468055,0.786549947233758,0.79883825605102,0.7805272557730706,0.6265542820405829,0.24303928631183036,0.4014486305196633,231
random_permuted_shock_weighted_sector_exposure,43200,28800,9600,-0.1975228956202088,0.5905448715070288,0.8185023173560637,0.788553280126128,0.7921965056332363,0.7736656359153903,0.6135127744419724,0.24733111042564862,0.40839819187737075,232
random_permuted_shock_weighted_sector_exposure,43200,28800,9600,-0.2000028431142295,0.5921774653391061,0.8221804985542418,0.7881833805541216,0.7983652734916711,0.776064806644364,0.6255968865611019,0.24457708331589567,0.401962894127977,233
random_permuted_shock_weighted_sector_exposure,43200,28800,9600,-0.19801985529972693,0.5893159256884278,0.8207948475525777,0.7860874752530878,0.7907162987730554,0.7746211507241155,0.6149836067679426,0.24640043453880167,0.40762034229896443,234
random_permuted_shock_weighted_sector_exposure,43200,28800,9600,-0.1998986300059144,0.5913803432309482,0.8234517259884809,0.7887664665871045,0.8088851131030268,0.7781815918942739,0.6451103452564538,0.24093821857341222,0.3913478105904289,235
random_permuted_shock_weighted_sector_exposure,43200,28800,9600,-0.19449288187274544,0.5861998414694871,0.821880663574291,0.787822309761485,0.8015299026136837,0.776984056151096,0.6305928448896523,0.24450203207301863,0.39927203220998525,236
random_permuted_shock_weighted_sector_exposure,43200,28800,9600,-0.1968181039804972,0.588159211500222,0.8209378331352154,0.7850235325343548,0.7923843512078941,0.7707381140346573,0.615709579279259,0.247670938261213,0.4072358641378988,237
random_permuted_shock_weighted_sector_exposure,43200,28800,9600,-0.19528505324177964,0.5856330888726676,0.8206321257433585,0.7872732459494634,0.7941343938733083,0.7740007739989755,0.6196307808200163,0.24768902401781892,0.40515287143239,238
random_permuted_shock_weighted_sector_exposure,43200,28800,9600,-0.19592543778582,0.5863299347394247,0.8224545597578483,0.7858843595880386,0.8076193115980107,0.7785072853732061,0.6431413787130305,0.24239287588397948,0.39243192915417946,239
random_permuted_shock_weighted_sector_exposure,43200,28800,9600,-0.19786418161167224,0.589360317369434,0.8229621349161336,0.7853875256639044,0.7956236466518415,0.7663222793110975,0.6198402563860634,0.24636011967527618,0.4050412939035164,240
random_permuted_shock_weighted_sector_exposure,43200,28800,9600,-0.20133935397931574,0.591983808769901,0.8232286481028337,0.787791397439132,0.7953671341680342,0.7729054725667905,0.6158021830073115,0.24829295344895466,0.4071867946980614,241
random_permuted_shock_weighted_sector_exposure,43200,28800,9600,-0.20011009758427017,0.5906251128269687,0.8264378290887063,0.7905444501993044,0.8080003274512411,0.781475897111985,0.6437473632042194,0.24010315330445067,0.3920985916777855,242
random_permuted_shock_weighted_sector_exposure,43200,28800,9600,-0.19782439574416538,0.5877802764945133,0.8182072976473679,0.7885422282984024,0.7871781465011743,0.7714224818813257,0.6046909537206127,0.2484757178314917,0.413032870062155,243
random_permuted_shock_weighted_sector_exposure,43200,28800,9600,-0.198866945407644,0.5887947736838299,0.8228050282541514,0.7872458339686728,0.804499679717366,0.7749690161211489,0.6375850759898469,0.2436533826853273,0.39547521913401945,244
random_permuted_shock_weighted_sector_exposure,43200,28800,9600,-0.1963952747131273,0.5886326313322694,0.8243438139684806,0.7885938863039855,0.7986890198168642,0.7790621894597628,0.6242885823408746,0.24420244447943035,0.40266458585951903,245
random_permuted_shock_weighted_sector_exposure,43200,28800,9600,-0.19797025258464457,0.5899319306711351,0.8212483329674133,0.7868348619932592,0.7914436707894449,0.7705997634907592,0.6131183471374724,0.24827628820074973,0.40860653294288396,246
random_permuted_shock_weighted_sector_exposure,43200,28800,9600,-0.2002302314261129,0.5918861576850807,0.8198040521007179,0.7876748920515659,0.7951742600392843,0.7778088332231752,0.6208548858442274,0.2458544878396079,0.4045004141614238,247
random_permuted_shock_weighted_sector_exposure,43200,28800,9600,-0.19651411910978595,0.5876627911467426,0.8223575752169737,0.7867745587490365,0.8057037803223183,0.7745943505511242,0.6396956467543333,0.24299056359147278,0.39432198682153957,248
random_permuted_shock_weighted_sector_exposure,43200,28800,9600,-0.19845818509566565,0.5910023828038928,0.8225014762453646,0.7869301768213166,0.7963473127539882,0.7748006767329221,0.6189474900682879,0.24442352239447734,0.4055166140552251,249
random_permuted_shock_weighted_sector_exposure,43200,28800,9600,-0.19707271491655515,0.5885027885207686,0.8269095670348796,0.7871401552826512,0.801971366683171,0.7757025125463045,0.6318560638340256,0.24461371425576678,0.398588775390097,250
random_permuted_shock_weighted_sector_exposure,43200,28800,9600,-0.19460641405903517,0.5864700579945794,0.822461803770348,0.7864587794326026,0.7948840824266298,0.7701152647565828,0.6204795320238525,0.24837420873037147,0.40470059241849254,251
random_permuted_shock_weighted_sector_exposure,43200,28800,9600,-0.1969265344475059,0.5877608673470986,0.8228138720664937,0.7882772962069458,0.7914303103142368,0.771787396491952,0.6137039215869919,0.24740794157287407,0.40829718750026767,252
random_permuted_shock_weighted_sector_exposure,43200,28800,9600,-0.19742975941079594,0.5881623741985582,0.8178537706439545,0.7850522544174778,0.7886944192501196,0.7730935957887627,0.6087970878252602,0.24815582927216245,0.41088215347510104,253
random_permuted_shock_weighted_sector_exposure,43200,28800,9600,-0.1941848368185744,0.5852205023189966,0.8218555541536061,0.7877355596289686,0.7888283266773451,0.7746332198996637,0.6102915759253442,0.24694160627384473,0.41009656873759837,254
random_permuted_shock_weighted_sector_exposure,43200,28800,9600,-0.20083381258413574,0.5933578192147937,0.8208136036864133,0.7876603401376935,0.7811725013865498,0.7738077228769654,0.5917989927904305,0.2528594380541428,0.4197138249665384,255
random_permuted_shock_weighted_sector_exposure,43200,28800,9600,-0.19651148149735714,0.5889548354935629,0.821323836215334,0.7861709512323457,0.7989559087472065,0.7722722424385255,0.6272421852933157,0.2466938917228594,0.4010787171743023,256
random_permuted_shock_weighted_sector_exposure,43200,28800,9600,-0.1960899303438925,0.5868379460955614,0.8190624354942873,0.7889655244247111,0.7875095087532542,0.7755790290932206,0.609635388890637,0.24780797549500808,0.410441681715737,257
random_permuted_shock_weighted_sector_exposure,43200,28800,9600,-0.1982365690499594,0.5882498077908096,0.8286860714627309,0.7888826431844571,0.8102497205200092,0.776235303590444,0.6483223252901384,0.24295171694415704,0.38957281032050456,258
random_permuted_shock_weighted_sector_exposure,43200,28800,9600,-0.19722443204544343,0.5902679559001469,0.8194442725967424,0.7897886736038626,0.7966051693949789,0.7727944627827192,0.6239495532164614,0.24677799811319734,0.40284622026404776,259
random_permuted_shock_weighted_sector_exposure,43200,28800,9600,-0.20249716189624095,0.5936335273271273,0.8287282408525006,0.790704219222944,0.8079118012559688,0.7818874940659855,0.6414382578167664,0.24065594078438812,0.39336726241269687,260
random_permuted_shock_weighted_sector_exposure,43200,28800,9600,-0.19622507251266547,0.5884665821293598,0.8182549028738114,0.7870142510639289,0.7999877782030922,0.7762075032329602,0.6291943491295278,0.24324424227308147,0.40002709712640755,261
random_permuted_shock_weighted_sector_exposure,43200,28800,9600,-0.19937866235138574,0.5904064314504751,0.8251297853389632,0.7883790771571061,0.8096585123254413,0.7746537726273985,0.6458674591564294,0.24201932434925377,0.39093014123995046,262
random_permuted_shock_weighted_sector_exposure,43200,28800,9600,-0.19880069767314407,0.5907125005125213,0.821072292685061,0.788455573872888,0.7915123614042928,0.776599366657319,0.6089343924291235,0.24804481258493116,0.4108100413298936,263
random_permuted_shock_weighted_sector_exposure,43200,28800,9600,-0.19823494274115633,0.5904225134617097,0.8247820835186594,0.7904577778156068,0.8002878974366828,0.7788780170219443,0.6297726878353207,0.24457095723842884,0.3997150179657541,264
random_permuted_shock_weighted_sector_exposure,43200,28800,9600,-0.2005310664138104,0.5924147941837411,0.82531161446412,0.7889079650394972,0.7965590360945677,0.7738192237854287,0.6223551336969468,0.24556187570379245,0.403699332515878,265
random_permuted_shock_weighted_sector_exposure,43200,28800,9600,-0.2010805826717736,0.5939258083704541,0.8227944664992367,0.7904145073637017,0.7987604672777168,0.7801089200680686,0.6248990349011129,0.2447007744598627,0.4023373299611026,266
random_permuted_shock_weighted_sector_exposure,43200,28800,9600,-0.19696230953223098,0.589173049694192,0.8200409208556965,0.7889519937593775,0.7975330847443918,0.7734004299998206,0.625558134669552,0.24486203561998418,0.40198369579719345,267
random_permuted_shock_weighted_sector_exposure,43200,28800,9600,-0.19842234911860074,0.5901636727315546,0.819465789284678,0.7856148135639521,0.7925674297154762,0.7755000866575852,0.6158959024770688,0.24576328303141706,0.4071371280207501,268
random_permuted_shock_weighted_sector_exposure,43200,28800,9600,-0.1973676289478768,0.5906986397564503,0.8215223373872848,0.7866144365798197,0.7938378290332806,0.7707599869014964,0.6165003495790411,0.24825476233397875,0.4068166553269485,269
random_permuted_shock_weighted_sector_exposure,43200,28800,9600,-0.19564519630850336,0.5862147689214641,0.822146168293297,0.7880194144325878,0.7908837132797092,0.769935709233526,0.6167972248015883,0.2487543990626087,0.4066591621357648,270
random_permuted_shock_weighted_sector_exposure,43200,28800,9600,-0.2017622835321234,0.5945041145386087,0.8253041164350574,0.7893798672117135,0.8012139244412491,0.778573898669921,0.6298798655201681,0.24460658646081165,0.3996571567143573,271
random_permuted_shock_weighted_sector_exposure,43200,28800,9600,-0.20008376869815742,0.5904163255259035,0.8245919288013455,0.7873484621087035,0.7932543297795942,0.7711331330940153,0.6147066548404579,0.24831111148661103,0.4077669217010245,272
random_permuted_shock_weighted_sector_exposure,43200,28800,9600,-0.19852139625658144,0.58966979358131,0.8207930847878674,0.7867080151766909,0.7956264193292925,0.7773353570994345,0.6217976155279451,0.2456029411385388,0.40399721384072285,273
random_permuted_shock_weighted_sector_exposure,43200,28800,9600,-0.19537305940466837,0.5874792294566463,0.8195019056674266,0.7875304986558346,0.7933697818042967,0.7730433288683556,0.6191609153880109,0.24742055751345352,0.405403034387282,274
random_permuted_shock_weighted_sector_exposure,43200,28800,9600,-0.20069410499066836,0.5917762976573024,0.8217723511884161,0.7880859446303552,0.7926990107259089,0.7693898883239958,0.6154413357589128,0.24954594277808545,0.4073779693268981,275
random_permuted_shock_weighted_sector_exposure,43200,28800,9600,-0.1984884465084495,0.5912625979986856,0.8217526016567177,0.7920779901082657,0.8041468452041799,0.7816355803217967,0.6345761240971933,0.24321691080699984,0.3971135432015473,276
random_permuted_shock_weighted_sector_exposure,43200,28800,9600,-0.1970846559772927,0.5892457023779708,0.8236168155248994,0.7871791540571083,0.8051427136839611,0.7745656544838951,0.6390055422865988,0.24290171224206783,0.39469943603217456,277
random_permuted_shock_weighted_sector_exposure,43200,28800,9600,-0.19738834908880692,0.5876413280261908,0.8242770892612848,0.7870452864111591,0.8052928049553999,0.7744675641539717,0.6378022628776636,0.24188042870021595,0.39535670179588595,278
random_permuted_shock_weighted_sector_exposure,43200,28800,9600,-0.1999411270871178,0.5920976372755876,0.8229705861215741,0.7854507604068772,0.7882949161949395,0.77182641947762,0.606462576480391,0.25066643532984706,0.41210630371526763,279
random_permuted_shock_weighted_sector_exposure,43200,28800,9600,-0.19475361589479817,0.5864132643354346,0.8236164971235348,0.7858539685638176,0.8032251801606357,0.7748769457065916,0.6358602908973285,0.2459909444730445,0.3964151640396512,280
random_permuted_shock_weighted_sector_exposure,43200,28800,9600,-0.19963406603200012,0.5921834670388879,0.8218480018013634,0.788688496323934,0.794810350533723,0.7723633136302658,0.6185853499831448,0.2463781605365974,0.40570926328675305,281
random_permuted_shock_weighted_sector_exposure,43200,28800,9600,-0.19706612534291962,0.589191913174377,0.8184980524124478,0.7844710255524369,0.7900629109842756,0.7729480091010632,0.6102435716380464,0.24955361416830943,0.41012182580940415,282
random_permuted_shock_weighted_sector_exposure,43200,28800,9600,-0.19670665829003547,0.5882039027231696,0.8238128775619911,0.7870201775339806,0.8090531206539704,0.7783938146369137,0.6462695009993377,0.2418155904115972,0.3907081693933154,283
random_permuted_shock_weighted_sector_exposure,43200,28800,9600,-0.198651505765647,0.5908013573587625,0.8206683813108707,0.7892152889996213,0.8018516191633486,0.7756912725551568,0.6306220156146389,0.24408438134228427,0.3992562673764869,284
random_permuted_shock_weighted_sector_exposure,43200,28800,9600,-0.1964975171535726,0.58667992731257,0.8244167725658849,0.7897316633878455,0.7977662304236239,0.7719316305140566,0.6265797864620456,0.2474789031069678,0.4014349218474322,285
random_permuted_shock_weighted_sector_exposure,43200,28800,9600,-0.19850424397818228,0.5916606370478421,0.8255823294995692,0.7884066623760895,0.8070680861992791,0.7776558972840785,0.6412893894497036,0.24203881261234567,0.39344891343416166,286
random_permuted_shock_weighted_sector_exposure,43200,28800,9600,-0.19768956333336024,0.5901335125170352,0.8176601232292092,0.7854025005716675,0.7874740332699695,0.7720448657741582,0.6052144931861168,0.24819299982870907,0.4127592731723581,287
random_permuted_shock_weighted_sector_exposure,43200,28800,9600,-0.1990759968606624,0.5895098045056139,0.8243364754132454,0.7890000554811477,0.7995797021531955,0.7723911737323301,0.6295729706923243,0.2453441586018269,0.3998228154940865,288
random_permuted_shock_weighted_sector_exposure,43200,28800,9600,-0.19632088897186178,0.5868429868577911,0.8209935691096256,0.7871841511530571,0.793202901600045,0.7724440373071887,0.6159984805693003,0.24817505306810536,0.4070827597663883,289
random_permuted_shock_weighted_sector_exposure,43200,28800,9600,-0.19598514562950536,0.5869114994592577,0.821309375337042,0.7848376593223718,0.8012740952695492,0.7731400974032683,0.6329552635714053,0.2454820873172352,0.3979932797657764,290
random_permuted_shock_weighted_sector_exposure,43200,28800,9600,-0.19382438540497032,0.5841483178128661,0.8198415287835451,0.7876815805312793,0.8005787495539476,0.7752499799338824,0.6313605610874403,0.24298936184206496,0.3988569251563088,291
random_permuted_shock_weighted_sector_exposure,43200,28800,9600,-0.1965062904698614,0.5878151469095032,0.8197030890226215,0.7874141272114517,0.7878954628535385,0.773792666407695,0.6063773885900525,0.24800942864950845,0.4121509050223706,292
random_permuted_shock_weighted_sector_exposure,43200,28800,9600,-0.19992623735632592,0.5902954662981377,0.8219168426350723,0.7844931000276512,0.7927189167283033,0.768236212383419,0.61641371552203,0.2451995121103563,0.40686260346151365,293
random_permuted_shock_weighted_sector_exposure,43200,28800,9600,-0.19794481851126872,0.58866941172082,0.8225410572997779,0.7888641811960665,0.8017584697304482,0.7788426618510736,0.6314439355534602,0.24306321646979537,0.3988118182576282,294
random_permuted_shock_weighted_sector_exposure,43200,28800,9600,-0.19408037946306506,0.5859102406821071,0.8217233473341683,0.7868763177394067,0.8039254618257731,0.7778927272134679,0.63676360947161,0.24210004216001038,0.3959231667031946,295
random_permuted_shock_weighted_sector_exposure,43200,28800,9600,-0.19865251184820415,0.5911735161522385,0.820242540003927,0.7869718230448315,0.7897180717490975,0.7745032195987003,0.6117883109372333,0.2468414900192219,0.40930829172953365,296
random_permuted_shock_weighted_sector_exposure,43200,28800,9600,-0.1946766326325095,0.5863466867206374,0.8188044038539817,0.7864343592393063,0.7917515649046678,0.7748330785456091,0.6137875521711638,0.24741971208699964,0.4082529882674531,297
random_permuted_shock_weighted_sector_exposure,43200,28800,9600,-0.2033483445410102,0.5939478340773631,0.824918576601077,0.7894356897250473,0.8043338571919284,0.7760291962849255,0.6357900250792887,0.2441401458050904,0.39645340910259397,298
random_permuted_shock_weighted_sector_exposure,43200,28800,9600,-0.19489840182246504,0.5868357305733447,0.8232880601441243,0.788683361794183,0.7965074467287316,0.7710541344569275,0.6245354292285237,0.24602126919525502,0.4025322864048703,299
random_permuted_shock_weighted_sector_exposure,43200,28800,9600,-0.19695690699275487,0.5880669255480717,0.8201719802219052,0.7888221699741199,0.7996214044943477,0.7749710464472866,0.6305306354726274,0.24516671243938284,0.39930565017647757,300
random_permuted_shock_weighted_sector_exposure,43200,28800,9600,-0.20051061335652948,0.592560198384644,0.8236719787350045,0.7886774936871067,0.7983204413082338,0.7745620482320495,0.6256448550803999,0.24692808097309357,0.40193714356423976,301
random_permuted_shock_weighted_sector_exposure,43200,28800,9600,-0.1976471501583255,0.588814647057868,0.8193810079627761,0.7879297697620504,0.7878850810185755,0.7752467516867929,0.6104362063498538,0.24779844442461335,0.41002046319142404,302
random_permuted_shock_weighted_sector_exposure,43200,28800,9600,-0.19738713452977413,0.5868548873076501,0.8256937835843305,0.7857077531572778,0.7992048249815966,0.7709097316316472,0.6287625197512761,0.24452123329359798,0.40025995925850477,303
random_permuted_shock_weighted_sector_exposure,43200,28800,9600,-0.198592393652348,0.5900800301588781,0.8235727483720581,0.7891285192565856,0.80375678407817,0.7759764162076355,0.6362687060730052,0.2432647163554205,0.39619279418109676,304
random_permuted_shock_weighted_sector_exposure,43200,28800,9600,-0.19504539882443256,0.5862554124407546,0.8210967993680831,0.7871651175253039,0.7989822973594011,0.7712345743344695,0.6278092544331909,0.24664327276958478,0.4007735244730228,305
random_permuted_shock_weighted_sector_exposure,43200,28800,9600,-0.1991144621865592,0.5894548238299324,0.82275531933664,0.788381976429062,0.7885613638234047,0.773013407521685,0.6106224562878031,0.2471648762482067,0.4099224363510065,306
random_permuted_shock_weighted_sector_exposure,43200,28800,9600,-0.1998694493251409,0.5908939435821597,0.8231718175186252,0.7873359780292922,0.7971209752921075,0.7733022730194572,0.6198577571607904,0.24655934210033523,0.4050319706938112,307
random_permuted_shock_weighted_sector_exposure,43200,28800,9600,-0.19687958604724304,0.5889938115668083,0.8239788611025105,0.7880866490920709,0.8007764686064833,0.775537316258521,0.6321254308358681,0.2436964399280056,0.39844292712289064,308
random_permuted_shock_weighted_sector_exposure,43200,28800,9600,-0.1959740098777219,0.5882794107149054,0.8194800177933217,0.7873838218917064,0.7946830416762873,0.7782663986947821,0.6206972041796257,0.2452073516214444,0.40458451872465234,309
random_permuted_shock_weighted_sector_exposure,43200,28800,9600,-0.19566420321188888,0.5869324353356896,0.8203616932849837,0.7865661949737106,0.7878389206275059,0.7661769113453172,0.609438322511599,0.24918921106495068,0.4105452695515299,310
random_permuted_shock_weighted_sector_exposure,43200,28800,9600,-0.1958779307398832,0.5884935821205628,0.8178404202431133,0.7884772766648441,0.7885372602128754,0.7739724778747569,0.6081274687464342,0.24685196277340338,0.411233655067738,311
random_permuted_shock_weighted_sector_exposure,43200,28800,9600,-0.1953082849013788,0.5881690673170731,0.8185737531281078,0.7848201270324722,0.7993795982361357,0.7728897347852896,0.6272655126236514,0.24510657012730921,0.4010661671461894,312
random_permuted_shock_weighted_sector_exposure,43200,28800,9600,-0.19911701478339122,0.5915339609250028,0.8213462465824978,0.7857016760507876,0.7886962258616089,0.7734119207351068,0.6061777186891042,0.24888696100713445,0.41225542607180427,313
random_permuted_shock_weighted_sector_exposure,43200,28800,9600,-0.19614499374398636,0.5860012938737597,0.8211502808570574,0.7846501555461521,0.7957585109633237,0.7672853306568134,0.620243829937228,0.24632881415375876,0.4048262430439264,314
random_permuted_shock_weighted_sector_exposure,43200,28800,9600,-0.1968858135128288,0.5882503721557124,0.8229865279486906,0.7866902766619478,0.7972538363288934,0.7701682860363528,0.6258054609162416,0.24707040647031434,0.4018509147826407,315
random_permuted_shock_weighted_sector_exposure,43200,28800,9600,-0.19700620980128564,0.5875832509487243,0.8230029028877193,0.78938167720624,0.8009545412665393,0.7766120528276623,0.6308050361465619,0.24465922420228306,0.3991573427636818,316
random_permuted_shock_weighted_sector_exposure,43200,28800,9600,-0.19727369971659797,0.586886733925383,0.8234357442352936,0.7900262533959059,0.8024584061367939,0.7782304674432131,0.6345335449353309,0.24275473481884413,0.39713667834736766,317
random_permuted_shock_weighted_sector_exposure,43200,28800,9600,-0.1984956957636424,0.589070548253317,0.825313742111222,0.7896144066728541,0.8036484933237507,0.7773342097487093,0.6345353896951241,0.24266075118442748,0.3971356760355399,318
random_permuted_shock_weighted_sector_exposure,43200,28800,9600,-0.19654702803509877,0.5886963095924994,0.8203372775723192,0.7881491553869139,0.7953080442697132,0.776909863465117,0.6212474072339638,0.24608999418855973,0.4042909743265983,319
random_permuted_shock_weighted_sector_exposure,43200,28800,9600,-0.20045452235733136,0.5929093561659825,0.8269517336182804,0.7889154318884091,0.8011876389615149,0.77095340937059,0.630892759449606,0.24682072542747624,0.39910991865962697,320
random_permuted_shock_weighted_sector_exposure,43200,28800,9600,-0.2004900796563835,0.5916770782804818,0.8243043863888356,0.7887526966251771,0.8004046321082888,0.7805631068747566,0.6286730400897094,0.2453199856835162,0.4003081938384187,321
random_permuted_shock_weighted_sector_exposure,43200,28800,9600,-0.19634747065970987,0.5874740926926717,0.8224370593224422,0.7893754352562733,0.7973714434557198,0.7801970924555818,0.6258708883752551,0.24480682541608326,0.40181578167553267,322
random_permuted_shock_weighted_sector_exposure,43200,28800,9600,-0.1974319687916954,0.5869916903161627,0.8194713604153999,0.787422904698936,0.7957312702534006,0.7687437494740238,0.6241054940743576,0.2463597478517087,0.402762685329233,323
random_permuted_shock_weighted_sector_exposure,43200,28800,9600,-0.1993013710264528,0.5909202228688198,0.8229828669782323,0.7870634087033077,0.7943940801128814,0.7768353525823637,0.6226542797199585,0.24497274246657824,0.40353940848982917,324
random_permuted_shock_weighted_sector_exposure,43200,28800,9600,-0.19628377290660143,0.5881286746689536,0.823766333579096,0.7878705376147884,0.8034207982830837,0.7770922562592126,0.6377196313503016,0.24287077259189782,0.3954017974186912,325
random_permuted_shock_weighted_sector_exposure,43200,28800,9600,-0.19701693193344777,0.5880479339462755,0.8185004654049055,0.7874060254445306,0.7874894675824169,0.7776218683396925,0.6089349637321613,0.24820456555139345,0.41080974125606234,326
random_permuted_shock_weighted_sector_exposure,43200,28800,9600,-0.1974707030949429,0.5892384906815893,0.8246974016712302,0.7873852314377285,0.8027915556813603,0.7723115712099036,0.6348435121200582,0.2454351844264017,0.3969682286183774,327
random_permuted_shock_weighted_sector_exposure,43200,28800,9600,-0.19934146895503096,0.5912746302450882,0.8213609648323813,0.7868572387543917,0.7872679294984485,0.7686000951910464,0.6065445731030841,0.24991678089748529,0.41206336868109916,328
random_permuted_shock_weighted_sector_exposure,43200,28800,9600,-0.19585634543083225,0.5860318908625056,0.822556067158059,0.7866594752733385,0.7975390155044526,0.7726573906589438,0.6267818252438007,0.2462803286896348,0.40132630909281686,329
random_permuted_shock_weighted_sector_exposure,43200,28800,9600,-0.1988736882928926,0.5906225781880368,0.8211756558152163,0.7891719058051693,0.7904099003537964,0.7759121246512154,0.6102181205453168,0.24668467571660652,0.4101352160673499,330
random_permuted_shock_weighted_sector_exposure,43200,28800,9600,-0.20035830988769449,0.5903047576976533,0.8280282016347844,0.7887321356835125,0.8050193530122406,0.7766706837478689,0.6371894813925862,0.24200345804665205,0.39569100107377136,331
random_permuted_shock_weighted_sector_exposure,43200,28800,9600,-0.19851549174805322,0.5909584285941848,0.8213451487655443,0.7861376689742903,0.7990662546222256,0.7747496992728555,0.6251708343557187,0.24672496534373106,0.4021915360363025,332
random_permuted_shock_weighted_sector_exposure,43200,28800,9600,-0.20048599544976703,0.5932095939477067,0.823792863339215,0.787855801191209,0.8002527393459069,0.7699903426366133,0.6284438446766771,0.2465035949713093,0.4004317165804919,333
random_permuted_shock_weighted_sector_exposure,43200,28800,9600,-0.19655702310273765,0.5878790721399032,0.8242988138783174,0.788563305644893,0.8060783375105969,0.7793625362776107,0.6403956452696861,0.24170565443442096,0.3939387566463481,334
random_permuted_shock_weighted_sector_exposure,43200,28800,9600,-0.19800554656435482,0.5899080432448622,0.8173563595361814,0.7869994505914049,0.7902098185741342,0.7775300747236965,0.6119298284322048,0.2469064220034661,0.4092336809365099,335
random_permuted_shock_weighted_sector_exposure,43200,28800,9600,-0.1979440276681636,0.5889693773551834,0.8239962856711034,0.786127701202501,0.7981663116870027,0.7729908125444626,0.6251160270717881,0.24517236758798788,0.4022209390577452,336
random_permuted_shock_weighted_sector_exposure,43200,28800,9600,-0.19765930088653189,0.5900263819638385,0.8193908218264173,0.7872082629912827,0.7940412459002425,0.774636838640666,0.6179132819099116,0.24526779457766107,0.4060665440534989,337
random_permuted_shock_weighted_sector_exposure,43200,28800,9600,-0.1935743441754199,0.5838984381343799,0.8171558282867719,0.7875843322094138,0.7908697517718513,0.7754908376310051,0.6148674378205274,0.24637485307805695,0.4076818322193963,338
random_permuted_shock_weighted_sector_exposure,43200,28800,9600,-0.19546494541648068,0.5876343160920459,0.8207539331613782,0.7867077497423532,0.80046739305967,0.7726834352274028,0.6313721745536838,0.24381092679657063,0.39885064239403495,339
random_permuted_shock_weighted_sector_exposure,43200,28800,9600,-0.20001401100012856,0.5926279530469221,0.8234074195259935,0.7894588033598733,0.7956301953771546,0.7775047031155256,0.6179857632300547,0.24548731456433473,0.4060280270968349,340
random_permuted_shock_weighted_sector_exposure,43200,28800,9600,-0.19756201311358018,0.5895779943196718,0.8227937121785394,0.7896286235962385,0.7987668253898574,0.780490172597494,0.6266004460309684,0.24311746746610785,0.4014238169489184,341
random_permuted_shock_weighted_sector_exposure,43200,28800,9600,-0.19826931663320285,0.5902565023663381,0.8247864265832273,0.7882061422157106,0.8026806522331453,0.7763783329931027,0.635280903344037,0.2437974189941667,0.3967304094220061,342
random_permuted_shock_weighted_sector_exposure,43200,28800,9600,-0.19908790889398803,0.5904756367729187,0.8223951361069054,0.7873674787832632,0.7946030150896751,0.7758143025392764,0.6169962806825122,0.24516770258115808,0.4065535282287508,343
random_permuted_shock_weighted_sector_exposure,43200,28800,9600,-0.20047067806672608,0.5915115567526378,0.8259899789605727,0.7881948088025457,0.8023837885773684,0.7749102694035934,0.6317304660938888,0.2448958180754384,0.398656761815254,344
random_permuted_shock_weighted_sector_exposure,43200,28800,9600,-0.19525739397579583,0.5867793225522002,0.8182620257124039,0.7871392090842233,0.7886822740398557,0.7659528945256362,0.6114708327475115,0.24989799556068193,0.4094756229853574,345
random_permuted_shock_weighted_sector_exposure,43200,28800,9600,-0.1967784696137112,0.5876244078113606,0.8195750939345274,0.787370424810029,0.7962274703009913,0.7779124829157308,0.6256959214243933,0.24627622382291592,0.4019097282064699,346
random_permuted_shock_weighted_sector_exposure,43200,28800,9600,-0.19933657525870058,0.5916710143512457,0.8237020909385684,0.7889702140606364,0.7957419091658574,0.7729121714599285,0.6208191325944493,0.24557270659805577,0.40451948583460884,347
random_permuted_shock_weighted_sector_exposure,43200,28800,9600,-0.19757365864328486,0.5891720005761736,0.821083062207065,0.7873061413243199,0.7916229628339828,0.7695026649949455,0.6130715553683836,0.25056210157453,0.40863124184847166,348
random_permuted_shock_weighted_sector_exposure,43200,28800,9600,-0.19789500713758573,0.5882227562039253,0.8277308449137446,0.7861770799724712,0.8087234861807489,0.7683262081069545,0.6459396236914736,0.2431272667277862,0.39089030766638355,349
random_permuted_shock_weighted_sector_exposure,43200,28800,9600,-0.19837903351173564,0.5901750368765409,0.8244434990315099,0.7895207405559906,0.8109507651221388,0.779270915601667,0.6491518438925473,0.24156448836125455,0.3891130872510627,350
random_permuted_shock_weighted_sector_exposure,43200,28800,9600,-0.19834655042040533,0.5902703486931032,0.8224911595299986,0.7885570701336455,0.7954673117746893,0.7723929403534118,0.6224930853958752,0.24736747298722933,0.40362559115119334,351
random_permuted_shock_weighted_sector_exposure,43200,28800,9600,-0.19375528078932042,0.5849201571344471,0.8193193012216964,0.7860269743515024,0.7872156549215166,0.771371241310528,0.6065823555850886,0.2499395412884915,0.41204358352943693,352
random_permuted_shock_weighted_sector_exposure,43200,28800,9600,-0.198442035393738,0.5910236571131341,0.8199153523227642,0.7872781181704276,0.7918698691241595,0.7749792687559721,0.6141816098679556,0.24754209678470707,0.4080446621377511,353
random_permuted_shock_weighted_sector_exposure,43200,28800,9600,-0.19873132062182502,0.5909183529177341,0.8179183770847678,0.7878035260373543,0.7888228064141272,0.7735987594073772,0.6078977251597624,0.24741247203765596,0.4113541846327405,354
random_permuted_shock_weighted_sector_exposure,43200,28800,9600,-0.19833780283237817,0.5890390658784181,0.8234382547653675,0.7906737116373891,0.8062020465331556,0.780254073858812,0.6394920007217885,0.24162852692869544,0.394433407574361,355
random_permuted_shock_weighted_sector_exposure,43200,28800,9600,-0.19702757511712404,0.5902730066605851,0.8202517811845151,0.7866490833362384,0.8018224125647184,0.7754528648825948,0.6341124475195725,0.24355154429109252,0.3973654067053909,356
random_permuted_shock_weighted_sector_exposure,43200,28800,9600,-0.19784823059356443,0.5873570418489149,0.8193384870819345,0.7860437996903934,0.7992991955581231,0.7708756961823882,0.6277326886959957,0.24620876930823196,0.40081474519485527,357
random_permuted_shock_weighted_sector_exposure,43200,28800,9600,-0.1983184165768352,0.5894460970842831,0.8194679824097277,0.7861871090513853,0.796725515089494,0.7713480342545685,0.6244945856878732,0.2460852325277449,0.4025541798110566,358
random_permuted_shock_weighted_sector_exposure,43200,28800,9600,-0.19801003846490312,0.5892501823726577,0.8216862999644589,0.7871853657169169,0.7969098021486025,0.7747981395259552,0.6238237310128143,0.24483093054647762,0.40291360851007135,359
random_permuted_shock_weighted_sector_exposure,43200,28800,9600,-0.19833817293001416,0.5881225955502583,0.8250608427661549,0.7900480557884606,0.7997895242511134,0.7796651346854363,0.6284132607358446,0.24419376517085273,0.4004481966303372,360
random_permuted_shock_weighted_sector_exposure,43200,28800,9600,-0.19872254017299446,0.5910256330581529,0.8211529307016568,0.7882663796158731,0.792641764189657,0.7757790098803083,0.6176441270759816,0.24392759552671617,0.40620954239274526,361
random_permuted_shock_weighted_sector_exposure,43200,28800,9600,-0.19712873991768015,0.5882998418145278,0.8256021007801018,0.7850080450904264,0.8114509805448928,0.778927462269674,0.650305994607312,0.24017346181474844,0.3884725464861547,362
random_permuted_shock_weighted_sector_exposure,43200,28800,9600,-0.19906942800332544,0.5914292968839912,0.8220178156814596,0.7860888281121848,0.8006660044993932,0.7751864056136034,0.6289184036326074,0.24337407932486343,0.40017591517546164,363
random_permuted_shock_weighted_sector_exposure,43200,28800,9600,-0.19805791070740236,0.5894158219635145,0.8253836142258815,0.7875216273905192,0.8001691368443706,0.7714334457925817,0.6316951394181489,0.24696939661628514,0.39867588215937505,364
random_permuted_shock_weighted_sector_exposure,43200,28800,9600,-0.19479518696627934,0.5873905791223445,0.8194691882070025,0.7875961125239025,0.7974124611580929,0.7758869758444472,0.6243782505255923,0.24440822245503319,0.40261653254609514,365
random_permuted_shock_weighted_sector_exposure,43200,28800,9600,-0.19778968174461814,0.5891101094727237,0.820885926547949,0.7868543350560421,0.7927188929021111,0.7722416486543269,0.6180712506480116,0.24698129323676402,0.40598259393439745,366
random_permuted_shock_weighted_sector_exposure,43200,28800,9600,-0.1968028111577928,0.5887586736443413,0.8187256625483804,0.7871736464530661,0.7888457534461313,0.7747514914287135,0.6104590935832157,0.24696959431035273,0.41000841847369823,367
random_permuted_shock_weighted_sector_exposure,43200,28800,9600,-0.20126155695021958,0.591107671108569,0.8235666997764898,0.786005961970123,0.7934981809941518,0.7690488236235272,0.6151420721854144,0.24932194926537174,0.407536449279598,368
random_permuted_shock_weighted_sector_exposure,43200,28800,9600,-0.19866815437264734,0.5897142519836855,0.8234518115950926,0.7906133209656114,0.8011174973057044,0.775996138788403,0.6307519172023234,0.24484012556488002,0.3991860566629897,369
random_permuted_shock_weighted_sector_exposure,43200,28800,9600,-0.19981921814261489,0.5916117412715761,0.8255320716059827,0.7900267658897322,0.8032419535862239,0.7726186414281975,0.6345164017318594,0.2430440945160735,0.39714599262909067,370
random_permuted_shock_weighted_sector_exposure,43200,28800,9600,-0.19830281584658266,0.5914760442192452,0.8214659290631773,0.7853052012225161,0.7943026300934835,0.7710275020666618,0.6165273359825262,0.2481360492774497,0.4068023414787662,371
random_permuted_shock_weighted_sector_exposure,43200,28800,9600,-0.19609220358769813,0.5886503690468268,0.821176652127486,0.7872641323022517,0.7958978090400061,0.7726840347621229,0.6213047805646353,0.24658780600658986,0.4042603522283213,372
random_permuted_shock_weighted_sector_exposure,43200,28800,9600,-0.1984351568616594,0.5881285794485124,0.8178924020126171,0.7861716649751563,0.7883534466313848,0.7693866821970163,0.6091671182357775,0.24870563893431638,0.41068778521149185,373
random_permuted_shock_weighted_sector_exposure,43200,28800,9600,-0.20055626758402895,0.5907463186242056,0.8222524573358347,0.7890383229806309,0.7923676716493625,0.7711212653874852,0.6167090597968197,0.2460686255443474,0.4067059403003675,374
random_permuted_shock_weighted_sector_exposure,43200,28800,9600,-0.19779626236602604,0.5892194102770394,0.821985667068394,0.785750732734841,0.801691103490604,0.7708599103807814,0.6305172120207592,0.24535761958225769,0.3993129038380885,375
random_permuted_shock_weighted_sector_exposure,43200,28800,9600,-0.19754826094951977,0.5895148016277663,0.8216598095802369,0.7873238354016698,0.7954085658667094,0.772401796823234,0.6213977146389924,0.24712654690450922,0.4042107452291607,376
random_permuted_shock_weighted_sector_exposure,43200,28800,9600,-0.19490429516974767,0.586060594625856,0.8203571336661835,0.7860956440115413,0.8010152189477485,0.7742074762014873,0.6332406136963347,0.24523962290906373,0.3978385445223829,377
random_permuted_shock_weighted_sector_exposure,43200,28800,9600,-0.1994625738959213,0.5925509809845257,0.8240614103024831,0.7871872988387075,0.7968099459772502,0.7738941578514122,0.6217720375029752,0.246539522916194,0.40401087488113324,378
random_permuted_shock_weighted_sector_exposure,43200,28800,9600,-0.1961433530298759,0.5876988549365278,0.8233208275831204,0.7853539269432785,0.8061209842105311,0.7742943722987096,0.6409927212517383,0.24319299691338314,0.39361157889882775,379
random_permuted_shock_weighted_sector_exposure,43200,28800,9600,-0.1963698602903015,0.5868846378342327,0.8227906284240812,0.7871913038024306,0.7963941398752544,0.7749178274274885,0.6232112927559306,0.24690149611311346,0.40324145927453897,380
random_permuted_shock_weighted_sector_exposure,43200,28800,9600,-0.1981697107596801,0.5902322912861717,0.817564713007384,0.7889525733906837,0.7839112143233599,0.7726179399706553,0.6020220076273791,0.2500684833718214,0.41442482917380824,381
random_permuted_shock_weighted_sector_exposure,43200,28800,9600,-0.19530513568901003,0.5867544384734124,0.8232502540230421,0.7892137926839088,0.7957879853292787,0.7747201787099174,0.6223255236667823,0.2448444725119222,0.40371515864801727,382
random_permuted_shock_weighted_sector_exposure,43200,28800,9600,-0.19958164249800597,0.5920996914750694,0.8254277581734436,0.790556080110734,0.8046088864016453,0.7814723627231827,0.634019070859408,0.24386232269512817,0.39741610846780656,383
random_permuted_shock_weighted_sector_exposure,43200,28800,9600,-0.19563960910953498,0.5858917937016742,0.8188213473675454,0.7879694843094261,0.784661809541622,0.772294560838618,0.6032764445178844,0.24996595381692288,0.4137711748114043,384
random_permuted_shock_weighted_sector_exposure,43200,28800,9600,-0.1977557970507035,0.5884756208693257,0.8271794084242122,0.7884156868552619,0.8101929491093788,0.7742565105187927,0.6481636736818861,0.24152640815011192,0.3896606739926429,385
random_permuted_shock_weighted_sector_exposure,43200,28800,9600,-0.19599454160069257,0.5878984082383677,0.8183789860129466,0.7893119458938201,0.7835683272320962,0.7729434203039917,0.6005447818743586,0.24951515691938758,0.4151932535586073,386
random_permuted_shock_weighted_sector_exposure,43200,28800,9600,-0.19729384933773836,0.5889111303620594,0.8182800303120246,0.7867827837414981,0.7847305812382996,0.7720710327572816,0.6009161965467662,0.24971971780507962,0.4150001846964425,387
random_permuted_shock_weighted_sector_exposure,43200,28800,9600,-0.1980622826780391,0.5900259315918164,0.8233151568523603,0.7885703551609797,0.7935353799556656,0.7721507526688514,0.6164861374463186,0.24646244305103238,0.4068241933764975,388
random_permuted_shock_weighted_sector_exposure,43200,28800,9600,-0.19717721712673736,0.5882508955312195,0.8236341527931844,0.7885730433256969,0.7918294321820276,0.777135353541517,0.6156910133654981,0.24486633563002963,0.4072457012483365,389
random_permuted_shock_weighted_sector_exposure,43200,28800,9600,-0.19704971144352584,0.5870157510398065,0.8231877869244275,0.7865258781268989,0.8042376973591243,0.775527467435759,0.6371751281532334,0.24226475707459486,0.39569882801260925,390
random_permuted_shock_weighted_sector_exposure,43200,28800,9600,-0.19403553135575308,0.5854134932480624,0.818170223202257,0.7867133732959943,0.7916763261538311,0.7705837310888524,0.6160951988716508,0.2473795146702959,0.4070314906555447,391
random_permuted_shock_weighted_sector_exposure,43200,28800,9600,-0.19947198124793336,0.5900468318750549,0.8253383382683759,0.7883608449704893,0.7992007989386319,0.7737223445321344,0.6270828569372044,0.2448816376710144,0.4011644248148377,392
random_permuted_shock_weighted_sector_exposure,43200,28800,9600,-0.20061376098892686,0.593470640992515,0.822291566582151,0.7861483603305423,0.7983969386854864,0.7688757956209351,0.6248922929989565,0.24738300320080356,0.4023409456632422,393
random_permuted_shock_weighted_sector_exposure,43200,28800,9600,-0.19958862432171404,0.5908339365988089,0.8203517092622368,0.7868811729350862,0.7935940412413376,0.7711203661100312,0.6165331243155994,0.2484618964591247,0.4067992712255849,394
random_permuted_shock_weighted_sector_exposure,43200,28800,9600,-0.19482294514486093,0.5861748741813926,0.822937696126582,0.7857083242717605,0.8051787402519057,0.7690505045812047,0.638643757739144,0.24601792880149417,0.3948971681504105,395
random_permuted_shock_weighted_sector_exposure,43200,28800,9600,-0.1972251793556435,0.588442586422428,0.8242192542591029,0.7874876728370254,0.7999341237490237,0.7727963423801486,0.6311269694686106,0.24250227742374164,0.3989832747410663,396
random_permuted_shock_weighted_sector_exposure,43200,28800,9600,-0.19602549303995803,0.587590139468685,0.8241121570983938,0.7880465357601221,0.798981912790458,0.776929844845012,0.6290765645916921,0.24434054358746796,0.4000906253731059,397
random_permuted_shock_weighted_sector_exposure,43200,28800,9600,-0.19649502902970978,0.5883890133318909,0.823046987600342,0.7881037479413716,0.7987083385654096,0.7736792392742456,0.6273519325254941,0.2442995655297437,0.401019670096382,398
random_permuted_shock_weighted_sector_exposure,43200,28800,9600,-0.1978108626324913,0.5879751202773045,0.8227053114202645,0.7869242580896612,0.7948022820663708,0.7744040915163019,0.6211236171028671,0.2471409381637335,0.40435703743088164,399
random_permuted_shock_weighted_sector_exposure,43200,28800,9600,-0.19851256274947465,0.5909385972640067,0.8185516614947488,0.7890161543140399,0.7907305585907403,0.7752008069386256,0.6121152374941543,0.24844610037824236,0.4091359090598763,400
random_permuted_shock_weighted_sector_exposure,43200,28800,9600,-0.1987990671951148,0.5913133859633753,0.8181306831362418,0.785240439583396,0.7913196542807237,0.77288875357669,0.611740541556204,0.24914045989238792,0.4093334736120656,401
random_permuted_shock_weighted_sector_exposure,43200,28800,9600,-0.19810387333226348,0.5892314256719369,0.8217907362597234,0.7886531924467551,0.7950560713177478,0.7736626304729979,0.6199540330812309,0.24505316043022685,0.4049806776636111,402
random_permuted_shock_weighted_sector_exposure,43200,28800,9600,-0.19858902304775533,0.5913098147929218,0.8233763100641407,0.7877744233765486,0.8058953915843384,0.76975956663628,0.6384245489709492,0.24643998003246964,0.3950169278051202,403
random_permuted_shock_weighted_sector_exposure,43200,28800,9600,-0.19498233308818474,0.5884992299925782,0.8199803732707855,0.785037217615086,0.7983242473004577,0.7754994245672026,0.6253318222458621,0.24662147224129047,0.4021051567914249,404
random_permuted_shock_weighted_sector_exposure,43200,28800,9600,-0.1984319314431922,0.590227477135067,0.8233733350038664,0.7869889467022616,0.801562786866956,0.7734628989970305,0.6315691636410788,0.24492216051234597,0.39874405830300585,405
random_permuted_shock_weighted_sector_exposure,43200,28800,9600,-0.19643757002060797,0.5899516938331519,0.8184054939490645,0.789315174722671,0.7887484027724779,0.7738593843138821,0.6084403033853159,0.24989936905508575,0.41106947691393697,406
random_permuted_shock_weighted_sector_exposure,43200,28800,9600,-0.19774112818145467,0.5889499414023438,0.8244621861885363,0.787310713901567,0.7993689411513278,0.7734883153850443,0.6287108939067249,0.2463712884382452,0.4002877892072421,407
random_permuted_shock_weighted_sector_exposure,43200,28800,9600,-0.2022588925322683,0.5930257919370341,0.824193008641496,0.7901441050217076,0.7938168731435471,0.7755571853039704,0.6182309841102939,0.24575202667692644,0.4058976883239816,408
random_permuted_shock_weighted_sector_exposure,43200,28800,9600,-0.19631721860807977,0.5873785342486526,0.8241107023173204,0.7870964839065002,0.79869079627814,0.7721213638513562,0.6277684555437751,0.2461058990606397,0.40079548991255887,409
random_permuted_shock_weighted_sector_exposure,43200,28800,9600,-0.1982905283739555,0.590758323489915,0.8231582889668928,0.788970944264742,0.7988914660884369,0.7726436173367882,0.6257940200125716,0.2465791560574803,0.40185705798087573,410
random_permuted_shock_weighted_sector_exposure,43200,28800,9600,-0.19679019498115352,0.589428413431703,0.8253745191212563,0.7893725400923362,0.7983529073821253,0.7770770950093819,0.6278608133601653,0.24406884902194642,0.40074576428715686,411
random_permuted_shock_weighted_sector_exposure,43200,28800,9600,-0.19754843286844187,0.5884295230597675,0.8229089517593112,0.7875161766399392,0.7885370113190431,0.7740201659034225,0.6083390398138407,0.247739580667199,0.4111226280333633,412
random_permuted_shock_weighted_sector_exposure,43200,28800,9600,-0.19584256331695032,0.5880989365907066,0.8258062326815355,0.7869691573988414,0.8046528981265215,0.7720151301922951,0.6391488367295126,0.2440666320773777,0.39462109154749087,413
random_permuted_shock_weighted_sector_exposure,43200,28800,9600,-0.19819925458062954,0.5900475477291494,0.822921275164035,0.7859629118615137,0.7876968888503598,0.7752726634935814,0.6083157830767996,0.24669407115336658,0.4111348340353523,414
random_permuted_shock_weighted_sector_exposure,43200,28800,9600,-0.1973919052159216,0.5877485103084419,0.823540022568618,0.7900977602678979,0.801256249845391,0.7773564036570354,0.6333957486559356,0.24285732514981806,0.39775439508164917,415
random_permuted_shock_weighted_sector_exposure,43200,28800,9600,-0.1995887052844048,0.5926273715144413,0.8253918329292806,0.7879824483965573,0.794806374508785,0.7700520202785543,0.618073639823043,0.2486145509889706,0.40598132410986193,416
random_permuted_shock_weighted_sector_exposure,43200,28800,9600,-0.19897173367491322,0.5913487236997474,0.8232631156290451,0.7889585473754577,0.7980400928366351,0.7760529694396023,0.624995780102454,0.24405222826689826,0.40228544164335506,417
random_permuted_shock_weighted_sector_exposure,43200,28800,9600,-0.19764266015058612,0.5907881744589086,0.8236846885713917,0.789590958333663,0.7977210653819116,0.7741775395799922,0.6261425656155859,0.2456706377806412,0.40166986409770117,418
random_permuted_shock_weighted_sector_exposure,43200,28800,9600,-0.19887132274907154,0.5912149452423655,0.823624862097552,0.7890657690086704,0.7940082205165617,0.7762244959198881,0.6206629500824821,0.24454930437123806,0.404602786932383,419
random_permuted_shock_weighted_sector_exposure,43200,28800,9600,-0.19931460024439213,0.5903245561131274,0.825900931122733,0.788551463603368,0.8032084979362228,0.7766524335329449,0.6375233369075204,0.24302437852463118,0.3955089032288599,420
random_permuted_shock_weighted_sector_exposure,43200,28800,9600,-0.198876244499487,0.5896643508264856,0.8213825362449155,0.7850604262947668,0.7931315614544779,0.7686138476712787,0.6171911363619511,0.24839603028607526,0.40645009667133974,421
random_permuted_shock_weighted_sector_exposure,43200,28800,9600,-0.1986326230747773,0.5901834954208752,0.8245173642601674,0.7891363114782068,0.7960445532532249,0.7772167925447208,0.6228381159965457,0.24612713985437182,0.4034410978214421,422
random_permuted_shock_weighted_sector_exposure,43200,28800,9600,-0.19902556069637228,0.5902920475409714,0.824706281460302,0.788018556080165,0.7974982002149275,0.7761858842421515,0.6258205845162019,0.24490291439584713,0.4018427940148951,423
random_permuted_shock_weighted_sector_exposure,43200,28800,9600,-0.19679692259857445,0.5892526894407769,0.8234206449286495,0.7871159544325846,0.801410671364325,0.7732380982913853,0.630229894685793,0.24545135408496443,0.39946813058713576,424
random_permuted_shock_weighted_sector_exposure,43200,28800,9600,-0.19804161077861565,0.5903115737159692,0.8223494400334465,0.787158873574056,0.7940022028205227,0.7724823447506834,0.6177004768075329,0.24846366609672818,0.40617960870570524,425
random_permuted_shock_weighted_sector_exposure,43200,28800,9600,-0.1976119338750862,0.589349230157256,0.8186793692532515,0.7885856027627449,0.7931082294975532,0.7771417469228677,0.6132434202709681,0.2472211292015819,0.40854047937047827,426
random_permuted_shock_weighted_sector_exposure,43200,28800,9600,-0.19624433804302738,0.5887168648555758,0.820980348070079,0.7878763926230653,0.7961040041438725,0.7763321142017338,0.6224548087244435,0.24517430654656305,0.40364605309763535,427
random_permuted_shock_weighted_sector_exposure,43200,28800,9600,-0.1981512635257942,0.590868841746203,0.8195441024193376,0.7873981305440292,0.7949982757343161,0.7731157196795775,0.6173301848513306,0.24802520958158292,0.40637627209413785,428
random_permuted_shock_weighted_sector_exposure,43200,28800,9600,-0.19614458780488125,0.5868641760711646,0.820627663003834,0.7898417516637684,0.8047816894150269,0.7790728986139618,0.6386867199421093,0.24220058099285505,0.39487369248484494,429
random_permuted_shock_weighted_sector_exposure,43200,28800,9600,-0.1969951429824482,0.5883627069229044,0.821593165843158,0.7884386673308436,0.7982972893593231,0.7777414036916246,0.6238350499440889,0.24327927349773057,0.40290754674311935,430
random_permuted_shock_weighted_sector_exposure,43200,28800,9600,-0.2001155665059164,0.5924471507784967,0.8259608638067795,0.7871835275182045,0.8019864040343179,0.7771411545841465,0.6319441669986195,0.24514292359878848,0.3985410779675591,431
random_permuted_shock_weighted_sector_exposure,43200,28800,9600,-0.1993347624729061,0.5912446674914043,0.8232257625527156,0.7876043595433648,0.8012275440983805,0.776051950388446,0.630998483472131,0.24683759412162767,0.3990527556953715,432
random_permuted_shock_weighted_sector_exposure,43200,28800,9600,-0.19615562744346088,0.5873680031170587,0.8181386342490203,0.7876813366356983,0.790632324892208,0.7735798590504993,0.6121023458898942,0.24869403601621032,0.4091427079534061,433
random_permuted_shock_weighted_sector_exposure,43200,28800,9600,-0.2023045380816499,0.593475322635156,0.8227835414507608,0.7883427179013573,0.7884239860932235,0.7696554373756208,0.6076793861881002,0.24992152461045142,0.4114686983142007,434
random_permuted_shock_weighted_sector_exposure,43200,28800,9600,-0.19786013410356423,0.5891063075024985,0.8233444320203236,0.7890553999251411,0.7969898370694215,0.779569758712608,0.6236427093934732,0.24569587675113425,0.4030105408626795,435
random_permuted_shock_weighted_sector_exposure,43200,28800,9600,-0.19924552869952988,0.5916301142863405,0.8233580514294865,0.7878149421033569,0.7988991891604459,0.771882021703309,0.6268864981297652,0.24605057956357151,0.40127002709526977,436
random_permuted_shock_weighted_sector_exposure,43200,28800,9600,-0.19778457332976235,0.5891168553108225,0.8202525619853496,0.7891701645123662,0.7896811909025129,0.7761392457080882,0.6107714921324228,0.2477362329935817,0.40984397909975034,437
random_permuted_shock_weighted_sector_exposure,43200,28800,9600,-0.2007847909232921,0.5920404872736873,0.8223902897070714,0.7878018485230636,0.7939178086811608,0.7722012340370529,0.619547795864891,0.2465794819704067,0.40519706501793545,438
random_permuted_shock_weighted_sector_exposure,43200,28800,9600,-0.20107700643554388,0.592095745852408,0.8268025797376274,0.7884935298874968,0.8047472821426375,0.778669174884171,0.6378952505457625,0.24003638645579253,0.3953059482241782,439
random_permuted_shock_weighted_sector_exposure,43200,28800,9600,-0.2016732118798305,0.5941929471511197,0.8270023959627868,0.7896031472854608,0.8085064346457206,0.7804385797813382,0.6438115920119234,0.2417683038720789,0.3920632443460688,440
random_permuted_shock_weighted_sector_exposure,43200,28800,9600,-0.19334461535104525,0.5848192801289661,0.8192778296867756,0.7890769788256785,0.8013913232240644,0.7777557806725399,0.632963737446234,0.24188426282273104,0.3979886855510034,441
random_permuted_shock_weighted_sector_exposure,43200,28800,9600,-0.19873302902370232,0.5911625226060924,0.8192333917015134,0.787480221140453,0.7867853432765192,0.7713505403182104,0.6013745270800758,0.2494874624584214,0.41476181133110146,442
random_permuted_shock_weighted_sector_exposure,43200,28800,9600,-0.19732546036048254,0.5891878193697969,0.8196500121087061,0.7868545305475859,0.7990657821736941,0.7715745138504325,0.6271887457874348,0.24775218208477137,0.40110746597511376,443
random_permuted_shock_weighted_sector_exposure,43200,28800,9600,-0.1967437557086324,0.5898418986832359,0.8231120577344239,0.7888497007598295,0.7965905887942996,0.7767082412367285,0.6227698328590949,0.24639263718247253,0.4034776165927608,444
random_permuted_shock_weighted_sector_exposure,43200,28800,9600,-0.20059586502368715,0.5914532857926489,0.8231886878051831,0.7878255023870372,0.7894286012841992,0.7728235239057198,0.6104602169662818,0.24864115854959867,0.4100078272689766,445
random_permuted_shock_weighted_sector_exposure,43200,28800,9600,-0.19661708094730518,0.587640756784673,0.8194242526810896,0.7870039455134414,0.8030464067149516,0.7716371181011518,0.6343561150012763,0.24599121343369773,0.39723306938871095,446
random_permuted_shock_weighted_sector_exposure,43200,28800,9600,-0.19747242853682206,0.5920667695358915,0.8271643018130592,0.7893179069202196,0.8093308032204258,0.7801456747089497,0.6412719238581756,0.24323306541822026,0.39345849181595755,447
random_permuted_shock_weighted_sector_exposure,43200,28800,9600,-0.19780081707071356,0.5902320076662969,0.8215650873029895,0.7872274921849712,0.800054199565204,0.7746076711609132,0.6294761701066369,0.2426483942913762,0.3998750532514469,448
random_permuted_shock_weighted_sector_exposure,43200,28800,9600,-0.19624528855762396,0.5884265010623525,0.8208031237404187,0.7877461550127043,0.7925369014459328,0.7725667114302974,0.6167286043744196,0.247819029748761,0.40669557089646197,449
random_permuted_shock_weighted_sector_exposure,43200,28800,9600,-0.2008313763768918,0.5921663271778776,0.8264309344645122,0.7901121934924624,0.8080741848589217,0.7801017411732634,0.6423187335922467,0.24172138041323743,0.39288399385871353,450
random_permuted_shock_weighted_sector_exposure,43200,28800,9600,-0.19495865495786863,0.5848290643888785,0.8217806167995562,0.7877818347406117,0.7941922530443628,0.7763925203830729,0.621685611731618,0.24493721310901787,0.4040570308512644,451
random_permuted_shock_weighted_sector_exposure,43200,28800,9600,-0.19893252142934942,0.5892335866578732,0.8238249152833882,0.788324121603053,0.8036213293249587,0.7760529136392326,0.6367193603598804,0.24345012114228717,0.3959472814606702,452
random_permuted_shock_weighted_sector_exposure,43200,28800,9600,-0.197562684420949,0.5891015415496583,0.8223262557313612,0.7870729379286505,0.7967845024567403,0.7740271889130267,0.6229803269729286,0.24667648932700595,0.4033650308006741,453
random_permuted_shock_weighted_sector_exposure,43200,28800,9600,-0.1969263757776028,0.5900972851620104,0.8172166382328188,0.7878907723382169,0.7863127827810982,0.7772115875835495,0.604714352349363,0.24855865396623608,0.4130206460239067,454
random_permuted_shock_weighted_sector_exposure,43200,28800,9600,-0.19645687619751856,0.5865786547244647,0.8203265119915406,0.7887886019941105,0.7948534903423287,0.7777845159180462,0.6224585918946823,0.2429667364151353,0.4036440307363448,455
random_permuted_shock_weighted_sector_exposure,43200,28800,9600,-0.19719263807886317,0.5893987873983964,0.8234984411464499,0.7876862896353516,0.7987671987559604,0.770666172682787,0.6255522792097887,0.24679888583884907,0.401986838862075,456
random_permuted_shock_weighted_sector_exposure,43200,28800,9600,-0.2025218084902884,0.5944596152102694,0.8236955016229947,0.7890197921980198,0.7996463163678136,0.778468129590465,0.627874515688029,0.24584176366184893,0.4007383864019502,457
random_permuted_shock_weighted_sector_exposure,43200,28800,9600,-0.1971030395079369,0.5874222209159907,0.8257770397894358,0.7896416056701356,0.804358357455246,0.7772752364257343,0.6375613961977369,0.24338552025437651,0.3954881388806792,458
random_permuted_shock_weighted_sector_exposure,43200,28800,9600,-0.1953587740147395,0.5863179379565231,0.818107964730057,0.7868131488821276,0.7967396915735245,0.7737999756129533,0.6278299664817377,0.24531002993379752,0.4007623729918527,459
random_permuted_shock_weighted_sector_exposure,43200,28800,9600,-0.19844700433356371,0.5895147591845384,0.8222551214673497,0.7892757937373536,0.797894245692934,0.7785453917709769,0.6230543253364069,0.24622365899630588,0.4033254442498373,460
random_permuted_shock_weighted_sector_exposure,43200,28800,9600,-0.19724855766052946,0.5882802119936329,0.8187935045936509,0.787911500762239,0.7850650625840611,0.7744793707519603,0.6010202227285896,0.24941552642780626,0.41494609367856505,461
random_permuted_shock_weighted_sector_exposure,43200,28800,9600,-0.1968925391338217,0.5887583933268271,0.8237909919075183,0.7880126535776024,0.8017933591619394,0.7740089326133539,0.6316505982781959,0.24329431991176656,0.39869998846819504,462
random_permuted_shock_weighted_sector_exposure,43200,28800,9600,-0.19823594320013344,0.5908017661937431,0.8222039072998016,0.7889280697988742,0.8007503669878968,0.7778222437812139,0.6295096313253234,0.24550512268170566,0.39985699691117266,463
random_permuted_shock_weighted_sector_exposure,43200,28800,9600,-0.1955864872091722,0.5876036913340348,0.8222199637367129,0.7878756602124345,0.7917096097239533,0.774072552186595,0.6163296606406655,0.24498524517750742,0.4069071787187217,464
random_permuted_shock_weighted_sector_exposure,43200,28800,9600,-0.19998250124106093,0.5912786294632278,0.8280198502831058,0.7906947496996866,0.8047537601335877,0.7701442881310098,0.6354475861365207,0.24508602405666632,0.39663974281000575,465
random_permuted_shock_weighted_sector_exposure,43200,28800,9600,-0.1975768155216337,0.5885118185318374,0.8248538840709636,0.7876015395680016,0.8021158820718162,0.7738171747402375,0.6316358377955551,0.245205275277842,0.3987079767332451,466
random_permuted_shock_weighted_sector_exposure,43200,28800,9600,-0.19708121519790828,0.5875471813650481,0.8248142604000176,0.7875684184466768,0.8034144366278595,0.7770217370201724,0.6361096569652851,0.24321775255850422,0.3962794065023326,467
random_permuted_shock_weighted_sector_exposure,43200,28800,9600,-0.19674255103471833,0.5905987195177054,0.8198406166343923,0.7865306500750489,0.7944121106757425,0.7727113876387267,0.617367237319524,0.2481412759194633,0.4063565976805809,468
random_permuted_shock_weighted_sector_exposure,43200,28800,9600,-0.19526859915466993,0.5879572588134693,0.822244799716682,0.7878611983010586,0.8004138587701025,0.7751696801703657,0.6318262830701595,0.24488234042206491,0.39860489685371975,469
random_permuted_shock_weighted_sector_exposure,43200,28800,9600,-0.2013382170198758,0.5921508873331771,0.8253612337284478,0.7882522451983431,0.7930368842978953,0.7735730426444907,0.6179583678126757,0.24643442757957013,0.4060425855959493,470
random_permuted_shock_weighted_sector_exposure,43200,28800,9600,-0.1945622186472878,0.5872759529595326,0.8208591361389544,0.7866288826576487,0.7974638187673171,0.7712813890796176,0.6241246153987798,0.2463549868603829,0.40275244115993514,471
random_permuted_shock_weighted_sector_exposure,43200,28800,9600,-0.2007028289104757,0.592495982131302,0.8204769883753116,0.7882394084439756,0.7881960797982799,0.7750730595393156,0.6066312884369668,0.24737859759255323,0.41201795796979085,472
random_permuted_shock_weighted_sector_exposure,43200,28800,9600,-0.19428650496733818,0.5870164310593162,0.8214687759875465,0.7884270386030102,0.8026611847316664,0.7763933336622689,0.634184370794403,0.2420222905404096,0.39732634931494726,473
random_permuted_shock_weighted_sector_exposure,43200,28800,9600,-0.1977082140417616,0.588607143125497,0.8187664941920062,0.7873066649735093,0.7900109689068361,0.7722299681932807,0.6124430284560274,0.24850693219376566,0.4089629976548386,474
random_permuted_shock_weighted_sector_exposure,43200,28800,9600,-0.19969834212919774,0.5927569392572308,0.8165729845801803,0.7859133015158657,0.7961967607180338,0.778116007141462,0.6182098501384155,0.24724506736820948,0.40590892301205,475
random_permuted_shock_weighted_sector_exposure,43200,28800,9600,-0.19550043734116934,0.5871627024928354,0.8146294781558282,0.7861612938295758,0.781517806299189,0.7703041185665284,0.5983958635551796,0.25010707428574624,0.4163085471110481,476
random_permuted_shock_weighted_sector_exposure,43200,28800,9600,-0.1984063303000762,0.5907501063473781,0.8188382145650388,0.7870570727504133,0.7915145589914198,0.7691971228474429,0.6117017186188989,0.24926793932865746,0.40935393818826565,477
random_permuted_shock_weighted_sector_exposure,43200,28800,9600,-0.19778024768526986,0.5895392582380651,0.8192104504686554,0.7874943691631046,0.7916176824903716,0.7710593339999889,0.6154349126279823,0.2467450053486569,0.407381371449061,478
random_permuted_shock_weighted_sector_exposure,43200,28800,9600,-0.1984604587828755,0.5916168849140675,0.8210925872764038,0.7871578495001921,0.7953715686605974,0.7734889752238121,0.6178967890069204,0.24711239020284534,0.4060753079590884,479
random_permuted_shock_weighted_sector_exposure,43200,28800,9600,-0.19899716054652422,0.5917168177955586,0.8241477932407999,0.7880242539166585,0.8005625531933643,0.7737262282977437,0.6283079336549918,0.2445542183757741,0.40050494657144964,480
random_permuted_shock_weighted_sector_exposure,43200,28800,9600,-0.19857201498582616,0.5892905888379157,0.8224634738593418,0.7882003270233807,0.7950560666919932,0.774571002940989,0.6220131055319339,0.24621158378870595,0.40388210382411144,481
random_permuted_shock_weighted_sector_exposure,43200,28800,9600,-0.20199310099993045,0.5932064732100896,0.8217157117484126,0.7871252910668978,0.7878504426100197,0.7670994075894323,0.6048755916866967,0.25040655730756856,0.41293640065831844,482
random_permuted_shock_weighted_sector_exposure,43200,28800,9600,-0.19897585660637623,0.589983098772195,0.8256926372488106,0.787576495499115,0.7993825723847927,0.7748481654125532,0.6284168054309528,0.244130178676479,0.4004462866184895,483
random_permuted_shock_weighted_sector_exposure,43200,28800,9600,-0.19558221302659035,0.5860829474355121,0.8217715366142313,0.7876331694167287,0.7963434106493069,0.7734090893783749,0.6218168040568759,0.24795553513842766,0.4039869650812298,484
random_permuted_shock_weighted_sector_exposure,43200,28800,9600,-0.19670418479552249,0.5882253552566445,0.8232683135203072,0.7877020389077692,0.7964754345385034,0.7752579939789767,0.6232079780232321,0.24635859794286025,0.403243232993715,485
random_permuted_shock_weighted_sector_exposure,43200,28800,9600,-0.19872809068955127,0.5926504165635252,0.8177371199075923,0.7864430730064899,0.7885488364311035,0.7724423928550321,0.607998363099906,0.24855483461690342,0.41130139165355345,486
random_permuted_shock_weighted_sector_exposure,43200,28800,9600,-0.19510922645901335,0.5877230327866184,0.8210878950036096,0.7855836677505191,0.790425591461643,0.7717807740510548,0.6099406871735906,0.24937164120782257,0.4102811501935321,487
random_permuted_shock_weighted_sector_exposure,43200,28800,9600,-0.19848871055150724,0.590200540266216,0.8222762309261775,0.7884763641527454,0.7990429031463221,0.7793364672802603,0.6278341646433256,0.24342570403803884,0.40076011264067807,488
random_permuted_shock_weighted_sector_exposure,43200,28800,9600,-0.19909300469870034,0.5916590387305377,0.8239114835464998,0.7875482798310005,0.7877779087384268,0.7702582767213192,0.6049188909882799,0.25096944531185966,0.41291377443321836,489
random_permuted_shock_weighted_sector_exposure,43200,28800,9600,-0.19690661118175407,0.58839971640243,0.8223719859709984,0.7888453067070481,0.8044372643506236,0.7759981447679942,0.6350180464472753,0.24403555280319827,0.39687334756600895,490
random_permuted_shock_weighted_sector_exposure,43200,28800,9600,-0.19593908457089665,0.5881961733913992,0.8156638070959208,0.7877008492342324,0.7864149373335491,0.7704066911403933,0.6044386332882442,0.25008135324748776,0.4131646656896833,491
random_permuted_shock_weighted_sector_exposure,43200,28800,9600,-0.19327495580415893,0.5853435156876988,0.8200644631465621,0.7863209376077368,0.7987355926490199,0.7735769590627211,0.6278442513047303,0.2462745329639945,0.4007546817835621,492
random_permuted_shock_weighted_sector_exposure,43200,28800,9600,-0.20058193655595052,0.5915442967209337,0.8225541042842694,0.7902498866357925,0.7900900067566236,0.7792494596534859,0.611535741417184,0.24514393432342496,0.4094414175377964,493
random_permuted_shock_weighted_sector_exposure,43200,28800,9600,-0.19755081044766903,0.5919050502180988,0.8212940478372551,0.7892494908785309,0.7946459876486645,0.7745187226756028,0.6184162758837078,0.24821026658934575,0.40579917505113766,494
random_permuted_shock_weighted_sector_exposure,43200,28800,9600,-0.19771150716245905,0.5891378692065313,0.8235317068772825,0.7902616633575564,0.7996624417311725,0.778516233068773,0.6286447308087298,0.24361235497860823,0.4003234529259325,495
random_permuted_shock_weighted_sector_exposure,43200,28800,9600,-0.20056130821296353,0.590244472686018,0.8218675471380893,0.78797898784917,0.7918769049460598,0.7710989143746904,0.6131936559509503,0.2465973955161481,0.4085667621621224,496
random_permuted_shock_weighted_sector_exposure,43200,28800,9600,-0.1964606239385675,0.5891698687566365,0.8234828777659821,0.7872355975570576,0.8045270250754879,0.7747988107440048,0.6357766532744875,0.2427856210220089,0.3964606868397601,497
random_permuted_shock_weighted_sector_exposure,43200,28800,9600,-0.19989164921464814,0.5913368264069502,0.8228031922151398,0.7852711262625334,0.7964439985070761,0.7675913900247142,0.6221860220140398,0.2476777791687096,0.403789711915084,498
random_permuted_shock_weighted_sector_exposure,43200,28800,9600,-0.1948243971329216,0.5852505613800327,0.8206185547043415,0.7891119420506232,0.7898875086351866,0.7742889017672177,0.6127012858738454,0.24455034173221918,0.4088267140416238,499
random_permuted_shock_weighted_sector_exposure,43200,28800,9600,-0.19635813894904525,0.5877919433572857,0.819207949938102,0.7880935652817865,0.7937562471916219,0.7714169981728473,0.6166590524921834,0.2490193118773304,0.4067324705446147,500
random_permuted_shock_weighted_sector_exposure,43200,28800,9600,-0.19809513087186775,0.5913283723966345,0.8215688688696392,0.7900349791946907,0.7911426452307341,0.7789225738701899,0.6118665019058358,0.2455918399765937,0.4092670696020587,501
random_permuted_shock_weighted_sector_exposure,43200,28800,9600,-0.20091832808906956,0.5935957895422087,0.8224410394442853,0.7876638006237843,0.7923235580619786,0.7739250464985202,0.6109864663285987,0.24905234434514326,0.4097307833202152,502
random_permuted_shock_weighted_sector_exposure,43200,28800,9600,-0.19880668580732702,0.5903586097700668,0.8203744437294513,0.7847965336932987,0.7940926064146285,0.772060203980572,0.6166802458959477,0.2466151848517713,0.4067212270749649,503
random_permuted_shock_weighted_sector_exposure,43200,28800,9600,-0.19958838888954838,0.590273680601014,0.8216269681417431,0.7874188573116522,0.7951036022156343,0.7710531837735268,0.6204296424666935,0.24658019881093599,0.4047271913394454,504
random_permuted_shock_weighted_sector_exposure,43200,28800,9600,-0.19531516299117474,0.5877093829148697,0.81883114803767,0.7862490973446612,0.7970797046268744,0.7743812024691101,0.6240492143668006,0.24494336165980324,0.40279283543438216,505
random_permuted_shock_weighted_sector_exposure,43200,28800,9600,-0.1957034165929778,0.5858949529347939,0.8208316485887862,0.7872395512639336,0.7969525917048804,0.772333757640184,0.6249779679729897,0.24772748930535946,0.40229499550288744,506
random_permuted_shock_weighted_sector_exposure,43200,28800,9600,-0.20085951909205085,0.5924830791904008,0.8235613035201548,0.7879978969136119,0.7941116539202258,0.774087393680916,0.6179975659304182,0.2465028069415132,0.4060217547335334,507
random_permuted_shock_weighted_sector_exposure,43200,28800,9600,-0.20032165925161655,0.5908993351115125,0.8280645725045419,0.7899504894069171,0.8039190407782535,0.7811979860146206,0.6334872043110656,0.242891909115505,0.3977047786933492,508
random_permuted_shock_weighted_sector_exposure,43200,28800,9600,-0.1960813389868556,0.5892309243149686,0.8192296332619255,0.7847895875518481,0.7922004133745093,0.7715095317149259,0.6170305681278344,0.24778531189362563,0.40653532998006636,509
random_permuted_shock_weighted_sector_exposure,43200,28800,9600,-0.19990521671636424,0.5911311216709331,0.824992735387987,0.7888807995653652,0.7943894319717367,0.7792019476330162,0.6189413316474863,0.24526269314888632,0.4055198909420007,510
random_permuted_shock_weighted_sector_exposure,43200,28800,9600,-0.19734596641518248,0.5881068542699984,0.8248401450837606,0.7879979894499666,0.8036801232383195,0.7723762886926112,0.6370859351646865,0.24423654022680538,0.3957474622091487,511
random_permuted_shock_weighted_sector_exposure,43200,28800,9600,-0.19535776169179847,0.5880299551486998,0.8259172960152446,0.7905294291230681,0.801911922938472,0.7757340048562139,0.6330513015159234,0.2444496766323752,0.39794120851491993,512
random_permuted_shock_weighted_sector_exposure,43200,28800,9600,-0.19523917367249238,0.5867259130133314,0.8232568269657575,0.7881545370547646,0.8077192687232145,0.7755652876275805,0.6426422449427959,0.24301560785501314,0.39270627811506786,513
random_permuted_shock_weighted_sector_exposure,43200,28800,9600,-0.19786209489901324,0.5903355281985058,0.8221254237185334,0.7870654981189174,0.7873909922234754,0.7731948432898019,0.6054464374389072,0.24950840582718384,0.4126380032605433,514
random_permuted_shock_weighted_sector_exposure,43200,28800,9600,-0.19782343460562307,0.5868405689548669,0.8227141396680558,0.7897964196189144,0.7888445127511016,0.7730827058887528,0.6113667915543336,0.24689755287191764,0.409530444456084,515
random_permuted_shock_weighted_sector_exposure,43200,28800,9600,-0.1954982226031708,0.5855530102206293,0.8225947840361146,0.7885905623950138,0.7970532417289521,0.7729332763526352,0.6250168885085482,0.24623619931289256,0.40227411947214264,516
random_permuted_shock_weighted_sector_exposure,43200,28800,9600,-0.19989709624028656,0.5893348535885577,0.8208712247848896,0.7859438255843351,0.787313555062396,0.7688765240076708,0.6058917860101696,0.24841453232860028,0.4124050569023647,517
random_permuted_shock_weighted_sector_exposure,43200,28800,9600,-0.19934745065668685,0.5922327691852667,0.8222955071697581,0.78572522920031,0.7887558215118008,0.7671861799037188,0.6085079044552104,0.24899971147014924,0.41103399070814883,518
random_permuted_shock_weighted_sector_exposure,43200,28800,9600,-0.19957784415152963,0.591657015370514,0.8244860334468029,0.7902466011317774,0.7963098641292828,0.7742290212238461,0.6200965713292115,0.24744487492068656,0.4049047254698776,519
random_permuted_shock_weighted_sector_exposure,43200,28800,9600,-0.19810938877989498,0.5893879081804037,0.8253559265930425,0.7878934338718798,0.7913750446761524,0.7728232220150516,0.6149218008558057,0.24763509517995763,0.40765305822551445,520
random_permuted_shock_weighted_sector_exposure,43200,28800,9600,-0.1963923563437005,0.588504129660495,0.822931486373836,0.7905617534303672,0.7982315305912312,0.7761300715343346,0.6245140288832292,0.24495344314573372,0.40254375780303625,521
random_permuted_shock_weighted_sector_exposure,43200,28800,9600,-0.1989708145134425,0.5933827232249445,0.8248438779280804,0.7869307318044882,0.8099487800279278,0.7735312686021562,0.6441101549871718,0.24425487191288942,0.39189889297211494,522
random_permuted_shock_weighted_sector_exposure,43200,28800,9600,-0.19815075652740916,0.5891500488317186,0.8229513064508607,0.7865281877666676,0.7964053520453759,0.7692705119864821,0.6223371749978683,0.24796897547572105,0.40370893125438645,523
random_permuted_shock_weighted_sector_exposure,43200,28800,9600,-0.19776821281987184,0.5893024279309736,0.8237666213511069,0.7891377054203328,0.8003284876437589,0.775758289421189,0.6300181232560176,0.24420447197541298,0.3995825041224195,524
random_permuted_shock_weighted_sector_exposure,43200,28800,9600,-0.19725947820292106,0.5899526339085379,0.821954699018792,0.7870901720236276,0.7959060949859592,0.7793512630749316,0.6210236483343863,0.2435604360097854,0.4044103799071723,525
random_permuted_shock_weighted_sector_exposure,43200,28800,9600,-0.19822667967835267,0.59121409744754,0.8211598934664943,0.7886537760824224,0.7910923030420252,0.773770169198217,0.6120733661632984,0.24944466896774012,0.4091579911373109,526
random_permuted_shock_weighted_sector_exposure,43200,28800,9600,-0.197882752384057,0.5906612138828176,0.8207210217177435,0.7876443414574393,0.7909754748451351,0.7722382305778146,0.612067644245954,0.24939298093483814,0.40916100866610233,527
random_permuted_shock_weighted_sector_exposure,43200,28800,9600,-0.20004334912644467,0.592288217288052,0.8233224415101684,0.7894183575641381,0.7935410647039749,0.7747271763459315,0.6150834738465432,0.24743013167232653,0.4075674737801655,528
random_permuted_shock_weighted_sector_exposure,43200,28800,9600,-0.1992806636535412,0.5920999615959589,0.8209051738181228,0.7882533396942173,0.8011974544373699,0.7766566521268915,0.6276832994960636,0.24436165230782128,0.40084133262603827,529
random_permuted_shock_weighted_sector_exposure,43200,28800,9600,-0.1986240312043927,0.590562735783094,0.8236942836696887,0.7893830330878933,0.7939978531874939,0.7739807840795639,0.6169427770984397,0.24719976980242298,0.4065819239207133,530
random_permuted_shock_weighted_sector_exposure,43200,28800,9600,-0.19803604790143575,0.59171654615971,0.8206578009572038,0.7885092959215135,0.8002938319646649,0.7784666902317896,0.626353626394667,0.24439091124734338,0.40155646696394803,531
random_permuted_shock_weighted_sector_exposure,43200,28800,9600,-0.19944449981735152,0.591223335538404,0.823638624403757,0.7874975369159289,0.7907049734154075,0.770712418760592,0.6108930358139619,0.25028561777387165,0.40977998348470107,532
random_permuted_shock_weighted_sector_exposure,43200,28800,9600,-0.19806621557428644,0.588329735939687,0.8259447935353018,0.7890391280595295,0.7994935637988936,0.7767076052360743,0.6294844613153683,0.24462009708707436,0.39987057922600894,533
random_permuted_shock_weighted_sector_exposure,43200,28800,9600,-0.1968319180030545,0.5877423414442732,0.8249678229360486,0.7898375130713088,0.8070651491906534,0.7764390054163954,0.6424982470172977,0.2425014335337497,0.392785390983206,534
random_permuted_shock_weighted_sector_exposure,43200,28800,9600,-0.19863512990754867,0.5907891285923718,0.8244996549271195,0.7873201001878894,0.7984580559627343,0.7754767814987481,0.6258470312519075,0.24565302246329224,0.40182859278211713,535
random_permuted_shock_weighted_sector_exposure,43200,28800,9600,-0.19829350131088302,0.5898801161359933,0.8254803874692463,0.7903509585375791,0.8011170365582976,0.778458955373484,0.6302017863167779,0.24354592624994145,0.3994833132426387,536
random_permuted_shock_weighted_sector_exposure,43200,28800,9600,-0.19545035684139062,0.5869352390249708,0.826793575852751,0.7890545146586921,0.8096440170738108,0.7802379477745398,0.6462959404011851,0.2397991187670551,0.3906935674811797,537
random_permuted_shock_weighted_sector_exposure,43200,28800,9600,-0.1976127630378745,0.5892632647578006,0.8230290709499112,0.787546631619285,0.795119495262659,0.7691434115474952,0.6195007817074689,0.24883836581208876,0.40522210023905897,538
random_permuted_shock_weighted_sector_exposure,43200,28800,9600,-0.20011573106560315,0.5928646132304463,0.8239568518600802,0.790674462462849,0.801149479335772,0.7794848745873851,0.6269368690965191,0.24476247754825625,0.40124294010791234,539
random_permuted_shock_weighted_sector_exposure,43200,28800,9600,-0.19701260722775354,0.5876139366560209,0.8213883740352368,0.7877162944180686,0.8041979713498493,0.7741740419906985,0.6365935363394164,0.24577455865470776,0.3960158446599357,540
random_permuted_shock_weighted_sector_exposure,43200,28800,9600,-0.19961363132557325,0.5920457484487117,0.8241323810795769,0.787969000675012,0.802512738314889,0.779372335001226,0.6325803401730787,0.24396598126460342,0.39819649601248364,541
random_permuted_shock_weighted_sector_exposure,43200,28800,9600,-0.20116714410087028,0.5910020463271257,0.8247024854229684,0.7888502052899868,0.797356683699881,0.7721710328155459,0.625993481882871,0.24495348527764274,0.40174994338526815,542
random_permuted_shock_weighted_sector_exposure,43200,28800,9600,-0.19716002488084844,0.5903667664186538,0.819586320516591,0.7857434387552784,0.7945247396012993,0.7718461792905362,0.6184038643909588,0.2475088259380431,0.4058057745629169,543
random_permuted_shock_weighted_sector_exposure,43200,28800,9600,-0.19605728299379438,0.5893234529564181,0.8201502901081432,0.7862991319195174,0.7880206513317715,0.7708945367958846,0.6055516169215862,0.24948907466564355,0.41258299939203563,544
random_permuted_shock_weighted_sector_exposure,43200,28800,9600,-0.19583839482542315,0.5872012161504283,0.8209200187738637,0.7857415328296701,0.7904537401893919,0.7701851550263895,0.613794385426423,0.24891143935652935,0.40824937664225247,545
random_permuted_shock_weighted_sector_exposure,43200,28800,9600,-0.1993341627150666,0.5916489733268403,0.8250109061756948,0.7882008910928388,0.8011785577530147,0.7752476304648726,0.628127220707717,0.24481077714085767,0.4006022954804127,546
random_permuted_shock_weighted_sector_exposure,43200,28800,9600,-0.19764586300233827,0.5900694326685915,0.8215795624999949,0.788843875743531,0.7951429479221397,0.7786472919024578,0.621122696329887,0.24378930848023125,0.40435752877954445,547
random_permuted_shock_weighted_sector_exposure,43200,28800,9600,-0.20104709418503725,0.5916241074898788,0.8253496965317696,0.7882334367934247,0.8025319181345122,0.7780447880493283,0.6333662205349855,0.24371912694925546,0.39777041331296265,548
random_permuted_shock_weighted_sector_exposure,43200,28800,9600,-0.19677758490738612,0.5879121707951362,0.8232899505643544,0.7891591023484987,0.8031815306079684,0.7802945781085496,0.6359502244273507,0.24284713051939538,0.3963662086309614,549
random_permuted_shock_weighted_sector_exposure,43200,28800,9600,-0.19652184570609738,0.5878790897558238,0.8222783021545051,0.7853805434392701,0.8042650583286086,0.7738446779806675,0.6358724097566948,0.24348472774803578,0.39640856747866754,550
random_permuted_shock_weighted_sector_exposure,43200,28800,9600,-0.19770660267063495,0.591607455171626,0.8235318266733547,0.7882298952641648,0.8008585440550016,0.7764253009566391,0.630923497120325,0.2432251965166393,0.3990933002309917,551
random_permuted_shock_weighted_sector_exposure,43200,28800,9600,-0.1987073377413872,0.5899770076761566,0.8213091875071373,0.7897246807365441,0.7920876681891377,0.7766317308913071,0.6154021513170829,0.24700082080232524,0.40739872360084145,552
random_permuted_shock_weighted_sector_exposure,43200,28800,9600,-0.19843893844331267,0.5906974648371445,0.8207628150094407,0.7879100701514447,0.7915484986206892,0.7715841045659114,0.6114526813833909,0.24841318750212527,0.4094851878455419,553
random_permuted_shock_weighted_sector_exposure,43200,28800,9600,-0.19623971430274217,0.5873979172376157,0.8164099220637501,0.7868446769649294,0.7845723696212117,0.7756703393298213,0.601516350649412,0.24870055646287115,0.4146880224773169,554
random_permuted_shock_weighted_sector_exposure,43200,28800,9600,-0.19628479810534,0.5887201683419577,0.8204108818092906,0.7874314176564822,0.8003057548013476,0.7759794596916368,0.6314328299383526,0.24453986820049517,0.39881782686475314,555
random_permuted_shock_weighted_sector_exposure,43200,28800,9600,-0.1964479881292825,0.5872144090784498,0.8235505557932088,0.7875792728722537,0.7983613026140517,0.7738199425959114,0.6269461842987156,0.24547209105407153,0.4012379306575813,556
random_permuted_shock_weighted_sector_exposure,43200,28800,9600,-0.19990623675690117,0.5911794425943997,0.8231113972945564,0.7870314914550809,0.7928566061217999,0.7713083491638913,0.6173754618543963,0.24679846858919216,0.40635223042260726,557
random_permuted_shock_weighted_sector_exposure,43200,28800,9600,-0.1995356333742408,0.5905690685036504,0.8211175105487657,0.786516105847133,0.7954663919265051,0.7719871819538972,0.6209457633153223,0.24617784050534672,0.4044519338087288,558
random_permuted_shock_weighted_sector_exposure,43200,28800,9600,-0.19525732565043624,0.5871204300091907,0.8203268823691955,0.7863446223522176,0.7922624068239673,0.7709399243155011,0.6147057366627535,0.2490055628340221,0.4077674075675438,559
random_permuted_shock_weighted_sector_exposure,43200,28800,9600,-0.19737476960858197,0.5897701659963455,0.8224200908064553,0.7867962995040793,0.7941385367161964,0.7707258060572493,0.6167864136657153,0.24854111560857972,0.4066648985457441,560
random_permuted_shock_weighted_sector_exposure,43200,28800,9600,-0.19959473708952763,0.592070104143821,0.8215490167347517,0.7902160833549725,0.7999399010632369,0.7729843713996027,0.6276120488135081,0.24539828119602086,0.40087968552860426,561
random_permuted_shock_weighted_sector_exposure,43200,28800,9600,-0.198028024646902,0.5884066683891603,0.8243972669431712,0.7891800208623467,0.804804241743382,0.7734715228582305,0.6379680433204215,0.24523872257546883,0.3952662126736821,562
random_permuted_shock_weighted_sector_exposure,43200,28800,9600,-0.1992493157748531,0.5914225263471362,0.819187643225407,0.7866212375831337,0.7898364153524686,0.773543369738277,0.6085658262461195,0.2500819399664071,0.4110035830628827,563
random_permuted_shock_weighted_sector_exposure,43200,28800,9600,-0.1988551899083248,0.5916026445713373,0.8215477146326863,0.7850336541543462,0.7956891063317086,0.7691493887851758,0.6216699721606065,0.2477611972254297,0.4040653826527211,564
random_permuted_shock_weighted_sector_exposure,43200,28800,9600,-0.19868843716539059,0.5874175636412003,0.8237621969828665,0.7863612345446461,0.802409488289042,0.7693120677150513,0.6333646157420569,0.24542369181272772,0.39777128385256333,565
random_permuted_shock_weighted_sector_exposure,43200,28800,9600,-0.1992633136762642,0.5901024136655978,0.8243355248750884,0.7879665452900498,0.7990067308110835,0.7752018073628099,0.6279177084764473,0.2469913657153537,0.4007151287760147,566
random_permuted_shock_weighted_sector_exposure,43200,28800,9600,-0.19920544384627975,0.5918166343518753,0.824386562027096,0.7892525744918885,0.7909949472087566,0.7761794539335605,0.6138142908567784,0.24772974023008978,0.40823885571254437,567
random_permuted_shock_weighted_sector_exposure,43200,28800,9600,-0.19471115580787085,0.5859351892472863,0.8222291501715074,0.7876268783474334,0.7953665773123908,0.772664404272776,0.6210283423918395,0.24631400403024012,0.4044078753558621,568
random_permuted_shock_weighted_sector_exposure,43200,28800,9600,-0.19442268675378188,0.5844914183752921,0.8195903402667564,0.787908859660191,0.7926385127875071,0.769019789259859,0.6156903698137258,0.2479575142990088,0.40724604222863126,569
random_permuted_shock_weighted_sector_exposure,43200,28800,9600,-0.19944031859283112,0.592039558727384,0.8250711746151737,0.7888704086202171,0.8056915479216034,0.7742403708071467,0.6382650863297705,0.24494178810600337,0.3951040237334126,570
random_permuted_shock_weighted_sector_exposure,43200,28800,9600,-0.19912180182100753,0.5885586258663443,0.8215234197224897,0.7862691165836172,0.7920126520088531,0.7726342892125267,0.6167254052973998,0.2479154113453827,0.40669726818949614,571
random_permuted_shock_weighted_sector_exposure,43200,28800,9600,-0.19609754056949774,0.5894468394121,0.8211381415345395,0.7873807686210061,0.7947810342137679,0.7740124093263401,0.6200390246965473,0.24643485060017128,0.40493539118571653,572
random_permuted_shock_weighted_sector_exposure,43200,28800,9600,-0.19813861831894036,0.5896856979829364,0.825348587358926,0.7897341079284199,0.8060743951677741,0.7761162014047205,0.637882442192198,0.24405030099784425,0.39531293953482166,573
random_permuted_shock_weighted_sector_exposure,43200,28800,9600,-0.19609575176486888,0.5880213938472647,0.8231159611965557,0.7871762059966441,0.7962430678716649,0.7732907873106755,0.6214421841547983,0.24689284808353454,0.4041870058267927,574
random_permuted_shock_weighted_sector_exposure,43200,28800,9600,-0.20056758863936303,0.5919606843178661,0.8226208268893453,0.7893000714288098,0.7927618670832703,0.772071225207403,0.6148883536163623,0.24782926282603143,0.40767076186780854,575
random_permuted_shock_weighted_sector_exposure,43200,28800,9600,-0.196540266289218,0.5864361101831521,0.8203838600376284,0.7874367913874253,0.8004156955813259,0.7722612869358301,0.631894675641556,0.2457934532181191,0.39856787237482316,576
random_permuted_shock_weighted_sector_exposure,43200,28800,9600,-0.19608267312282385,0.587742069401822,0.8222878788757422,0.7861567652600306,0.799431092362369,0.77471377171165,0.6258393119543618,0.24660795686137485,0.4018327379028706,577
random_permuted_shock_weighted_sector_exposure,43200,28800,9600,-0.19856036530325843,0.590706751795696,0.8202489556661449,0.7893302932323719,0.7861456613836801,0.7719147197046998,0.6063922198978244,0.2471201159376552,0.41214314023152127,578
random_permuted_shock_weighted_sector_exposure,43200,28800,9600,-0.2006146094903049,0.594348156352587,0.8196456633847163,0.7873661645094358,0.7828405576199776,0.7734653894307187,0.5950896792209759,0.24950907054199487,0.41801865353532186,579
random_permuted_shock_weighted_sector_exposure,43200,28800,9600,-0.2004585794471085,0.5929020961417913,0.8235270162881984,0.7894903259990198,0.7995436077314672,0.7786867586294859,0.6264543047469018,0.24363006868954953,0.401502363980536,580
random_permuted_shock_weighted_sector_exposure,43200,28800,9600,-0.19653386638525733,0.5893239701108947,0.8221338291583514,0.7898394604346486,0.7978618125272335,0.779425030630116,0.625336681766504,0.24277837395138224,0.40210254909111587,581
random_permuted_shock_weighted_sector_exposure,43200,28800,9600,-0.1960989894362311,0.5868494594556638,0.8212906773989217,0.787179091477941,0.7970322169113568,0.7760992492777716,0.623195331737746,0.244238283750448,0.4032499999711975,582
random_permuted_shock_weighted_sector_exposure,43200,28800,9600,-0.19660903141819025,0.5874124692140135,0.826037523457848,0.7868682525458693,0.8049673822037823,0.7790242826217644,0.6402969100507148,0.24109612160425362,0.3939928340781099,583
random_permuted_shock_weighted_sector_exposure,43200,28800,9600,-0.19568090214547612,0.588165911088637,0.8188139943546291,0.7867532845098124,0.7994845733054835,0.7766427780535722,0.6276382294898011,0.24475229221953954,0.4008655933893178,584
random_permuted_shock_weighted_sector_exposure,43200,28800,9600,-0.1975617494595418,0.5906076961480722,0.8216684697726476,0.7861222893271493,0.7971815974672255,0.7719158323235314,0.6223519499378507,0.24622850548375821,0.40370103421875786,585
random_permuted_shock_weighted_sector_exposure,43200,28800,9600,-0.19589074125930223,0.5891967211094159,0.820854110581966,0.7872332920790706,0.8008835245199059,0.7736264996335034,0.6283901148438135,0.24602461186540495,0.40046066826268123,586
random_permuted_shock_weighted_sector_exposure,43200,28800,9600,-0.1938635243829932,0.585510969997264,0.8201624891083398,0.7870125058287044,0.7970562580280268,0.7726541496872033,0.6243593743022428,0.24636193862919256,0.40262664881881616,587
random_permuted_shock_weighted_sector_exposure,43200,28800,9600,-0.19545913967881284,0.588852731303348,0.8200890572917511,0.7863188747348038,0.7956110828627868,0.770803234261275,0.6212266529710067,0.2458645315845503,0.40430205101149763,588
random_permuted_shock_weighted_sector_exposure,43200,28800,9600,-0.19854906700189018,0.5901410384547819,0.8232441884848049,0.7853985712921695,0.7990895242471638,0.7711518199631704,0.6279570127387882,0.24669141549272236,0.4006939637960464,589
random_permuted_shock_weighted_sector_exposure,43200,28800,9600,-0.19391914430626672,0.5828674181485782,0.8222486183444787,0.7862469226081343,0.7999032759421355,0.7755665763027664,0.6310790686748353,0.2435431432546614,0.3990091793119846,590
random_permuted_shock_weighted_sector_exposure,43200,28800,9600,-0.1970709304089992,0.5888927178968855,0.8206809333066982,0.7869491601813886,0.7928589847539672,0.7727906169883788,0.61709346091953,0.24744052501082686,0.40650194716996524,591
random_permuted_shock_weighted_sector_exposure,43200,28800,9600,-0.19757581645982109,0.5874333648921773,0.824041511262594,0.7894253423773422,0.7971706042935163,0.7797773850908294,0.6240488220028357,0.24387627524268463,0.40279304562326695,592
random_permuted_shock_weighted_sector_exposure,43200,28800,9600,-0.1976518347298642,0.5898061852102395,0.8190488564156746,0.7884061737622845,0.7893414618043189,0.7748593613785258,0.6111865311279437,0.24796616743901864,0.40962541005945424,593
random_permuted_shock_weighted_sector_exposure,43200,28800,9600,-0.1935032699044295,0.585354935144462,0.81824405893382,0.7880626600637893,0.7906656142258427,0.7766831370658103,0.6159150478793196,0.2457376821600398,0.40712698116046986,594
random_permuted_shock_weighted_sector_exposure,43200,28800,9600,-0.19770627180817973,0.5899184754622497,0.8219084325735158,0.7894778329197569,0.8004292079999505,0.7764329682908339,0.6312353916440963,0.24477372183154492,0.39892463421946517,595
random_permuted_shock_weighted_sector_exposure,43200,28800,9600,-0.19867788984076357,0.5922478260617465,0.8214938947418129,0.7873540442307837,0.7968639967482103,0.7720797257770727,0.6187481915641253,0.24654501425689246,0.40562264706610823,596
random_permuted_shock_weighted_sector_exposure,43200,28800,9600,-0.20116000270239792,0.5926074169090367,0.8253192643061498,0.78982341750718,0.8030843088805553,0.7797452036437617,0.6324042900152551,0.24331816925074723,0.3982918830700966,597
random_permuted_shock_weighted_sector_exposure,43200,28800,9600,-0.19891133769874608,0.5897016113670706,0.8214538382324487,0.7873037644868688,0.7908231446553461,0.7674727116690266,0.6122833728713502,0.24840089619791555,0.4090472259209147,598
random_permuted_shock_weighted_sector_exposure,43200,28800,9600,-0.19687091689818464,0.5896902938582437,0.8213234671501936,0.7879506663122485,0.7915890426766812,0.7746773944550565,0.6131460413707124,0.24697866364574111,0.40859190799613343,599
random_permuted_shock_weighted_sector_exposure,43200,28800,9600,-0.20062830328373898,0.5923055177021742,0.822429005657457,0.7886545983664871,0.7938772034253654,0.7796927366912635,0.6170934950304856,0.2457643658991101,0.40650192906349697,600
random_permuted_shock_weighted_sector_exposure,43200,28800,9600,-0.19959337385884796,0.5920701358955514,0.8261301774986571,0.7893860660583314,0.8019377595788745,0.7766912718503937,0.6312691568490731,0.24283455590089048,0.3989063704272154,601
random_permuted_shock_weighted_sector_exposure,43200,28800,9600,-0.19912818987898323,0.5905760002249439,0.8225194753613856,0.7898369302238772,0.7928423523889285,0.7797431060464937,0.6162726367315319,0.24369676784648475,0.40693741636482367,602
random_permuted_shock_weighted_sector_exposure,43200,28800,9600,-0.19672723232877415,0.5886256215442265,0.8248953147949208,0.7879216200939484,0.7975537892133895,0.7730200963954977,0.6239387457009022,0.2457029280270376,0.40285200902929164,603
random_permuted_shock_weighted_sector_exposure,43200,28800,9600,-0.20026077903256861,0.5930884020185674,0.8222917517053666,0.7888833222254845,0.7904037239722703,0.7727393068259588,0.6146909117661425,0.2462719954688946,0.4077752522879118,604
random_permuted_shock_weighted_sector_exposure,43200,28800,9600,-0.19926560544949995,0.5894851437314057,0.821426604006961,0.7874676847710778,0.7904125081465022,0.7724111749470377,0.6127106810660947,0.24951069205173643,0.40882175529953496,605
random_permuted_shock_weighted_sector_exposure,43200,28800,9600,-0.1991165183195816,0.5913297990865427,0.8198186681093921,0.7862538868370043,0.7923038772810246,0.7709837297126942,0.6177762812662342,0.2472879831309923,0.40613933694237475,606
random_permuted_shock_weighted_sector_exposure,43200,28800,9600,-0.19490579646617961,0.5858993815543551,0.8198560077179451,0.7879540869937987,0.7919550508795087,0.7728278227013853,0.6160163210491997,0.24871483938215155,0.40707330324632146,607
random_permuted_shock_weighted_sector_exposure,43200,28800,9600,-0.19895439717219682,0.5909118055060757,0.8241918527196492,0.7883772394529872,0.8018057003027862,0.7744011691324154,0.6298660049702887,0.24364841216622557,0.39966463998205704,608
random_permuted_shock_weighted_sector_exposure,43200,28800,9600,-0.1967942655115003,0.5895030992086238,0.8237483309382162,0.7880389022968347,0.7957857956263826,0.7727924035736232,0.6243910629835847,0.24482198769266877,0.4026096658625133,609
random_permuted_shock_weighted_sector_exposure,43200,28800,9600,-0.1968228053686139,0.5889372033776515,0.819479760393161,0.7864857528278351,0.7916554510181645,0.7759162764348884,0.6134693144609481,0.24714317247823198,0.40842115315210553,610
random_permuted_shock_weighted_sector_exposure,43200,28800,9600,-0.19837213485511856,0.5918979285063842,0.8189305795989226,0.7883187093374214,0.7895897936908716,0.7790373754533002,0.608298821364216,0.2468274513743955,0.4111437359454775,611
random_permuted_shock_weighted_sector_exposure,43200,28800,9600,-0.19585871775039337,0.5855781030063096,0.8213001012078839,0.787664523182524,0.7922560903253875,0.7721862910151603,0.6178043189421372,0.24711829332512905,0.40612444067694864,612
random_permuted_shock_weighted_sector_exposure,43200,28800,9600,-0.19901257721864313,0.5922717578302376,0.8219317521532644,0.7886624465448947,0.7913394416220721,0.7741547694467362,0.6116560238670511,0.24798205540570223,0.40937802376531335,613
random_permuted_shock_weighted_sector_exposure,43200,28800,9600,-0.1975215910827896,0.5889487533659634,0.8256743162804588,0.788952542793684,0.8037284589234266,0.78107874663659,0.6342279621953215,0.2430763938505663,0.3973026754655965,614
random_permuted_shock_weighted_sector_exposure,43200,28800,9600,-0.19601408267192016,0.5881217118450636,0.8225872416742843,0.7865572518510439,0.7938782959181211,0.7729634771864335,0.6172853396176091,0.24723440105995229,0.406400083098155,615
random_permuted_shock_weighted_sector_exposure,43200,28800,9600,-0.2000114409183203,0.5937303046199615,0.8208928898589394,0.7908248287468549,0.7988735251208067,0.7806339560997629,0.6239261615580797,0.24458316953279527,0.40285874929400933,616
random_permuted_shock_weighted_sector_exposure,43200,28800,9600,-0.20065393255837388,0.5925803554691486,0.8213344934394387,0.7899949440349353,0.8034552391356505,0.77673509957374,0.6345404630859707,0.24444367932963143,0.39713291950120067,617
random_permuted_shock_weighted_sector_exposure,43200,28800,9600,-0.1977489110908927,0.5894052361836243,0.8208753298625765,0.7878145376838553,0.7912577562487704,0.7724299419987652,0.6138391007017883,0.24744950884721617,0.4082257421959483,618
random_permuted_shock_weighted_sector_exposure,43200,28800,9600,-0.19770474358558948,0.5884921591562748,0.8208641353897813,0.7862213938198016,0.7901895649706324,0.7749694424705617,0.6134434910989602,0.24747240432799922,0.408434795834988,619
random_permuted_shock_weighted_sector_exposure,43200,28800,9600,-0.20298783382252433,0.5947181767318624,0.8195621116528115,0.7870346047602609,0.7827014454178421,0.7728948774870029,0.5956072351443953,0.2507189009602259,0.4177514126213429,620
random_permuted_shock_weighted_sector_exposure,43200,28800,9600,-0.1974966933804439,0.5887665516793751,0.8234921894307338,0.7904375170371382,0.7989598860807836,0.7751588002469453,0.6262886977091546,0.2453288511653224,0.40159135476540997,621
random_permuted_shock_weighted_sector_exposure,43200,28800,9600,-0.1974372933110396,0.5906605071072044,0.8227858354478752,0.787065738134677,0.8035601820860868,0.7754621799072962,0.6348995666925078,0.24397107199906315,0.3969377584787277,622
random_permuted_shock_weighted_sector_exposure,43200,28800,9600,-0.19602916299838086,0.5875293307452313,0.8208223283604518,0.7876493126447124,0.792894865207574,0.7734459446658845,0.6150044895931437,0.24871687374869395,0.4076092877309861,623
random_permuted_shock_weighted_sector_exposure,43200,28800,9600,-0.1977758205166728,0.5894795667749341,0.8215517119950935,0.7869111280380945,0.795150473984497,0.7732184140410049,0.6197690402866374,0.24729589589259063,0.4050792307323753,624
random_permuted_shock_weighted_sector_exposure,43200,28800,9600,-0.19586140835884885,0.586965926885439,0.820132859295676,0.7858242658064952,0.7911424534583804,0.7741040239199098,0.6160963474474492,0.24522098188866304,0.40703088177169167,625
random_permuted_shock_weighted_sector_exposure,43200,28800,9600,-0.19885014333637335,0.5886623715154429,0.8223807599624707,0.7893840440357467,0.7922283635408647,0.7759007094429442,0.6143039179412071,0.24637466081831397,0.40797998000544455,626
random_permuted_shock_weighted_sector_exposure,43200,28800,9600,-0.1988319693110911,0.5899021817411825,0.8215676547749556,0.7878653314201344,0.8014441175980372,0.7747429458817596,0.6340783528119238,0.2440344425497676,0.3973839202373218,627
random_permuted_shock_weighted_sector_exposure,43200,28800,9600,-0.1955506568360123,0.5871179047045192,0.8215648352350292,0.7870924758605815,0.7978904141442554,0.7759778221445991,0.6251964131830039,0.244997644703276,0.4021778127667515,628
random_permuted_shock_weighted_sector_exposure,43200,28800,9600,-0.19696582392152523,0.5892450399152357,0.8211980116441147,0.786527773127651,0.7978768655886653,0.7722679599120548,0.6276399934125207,0.2438921191828941,0.4008646439138062,629
random_permuted_shock_weighted_sector_exposure,43200,28800,9600,-0.1995186370417748,0.5915493887104075,0.8212044060727369,0.7880366117981462,0.7881774461715875,0.773000351774651,0.6072754422072908,0.24817574875200402,0.41168047350071124,630
random_permuted_shock_weighted_sector_exposure,43200,28800,9600,-0.19787923684213,0.5893509035202847,0.8228472439670804,0.7874279159412522,0.8059134930203272,0.7715509822162537,0.6403363376422545,0.24360127626530315,0.3939712404156278,631
random_permuted_shock_weighted_sector_exposure,43200,28800,9600,-0.19561518972919661,0.5874428938608289,0.8205001969439165,0.7850741715528974,0.7989734308745875,0.7681043026486245,0.6261052690517139,0.24810846032833675,0.4016898991842788,632
random_permuted_shock_weighted_sector_exposure,43200,28800,9600,-0.19690138169783472,0.5873571183911415,0.8224464913368866,0.7889682647997179,0.802978910327387,0.7789605854654706,0.6350053603988828,0.24259587424171458,0.3968802447710559,633
random_permuted_shock_weighted_sector_exposure,43200,28800,9600,-0.1961771264716889,0.5858569116746523,0.8243398591367671,0.78805017901656,0.8077359048625536,0.7769261130111416,0.6442191470830316,0.2413430595950997,0.3918388784014323,634
random_permuted_shock_weighted_sector_exposure,43200,28800,9600,-0.19973691865939153,0.5905274366302072,0.8210350341005567,0.7901164896237415,0.7846375270673225,0.778137983832473,0.6007285267381188,0.24658589346399684,0.4150977504840997,635
random_permuted_shock_weighted_sector_exposure,43200,28800,9600,-0.1973005208157958,0.5884348438694401,0.8246994820876095,0.7873991094474438,0.7936030594835384,0.7728948269223512,0.6203112394142339,0.2473645307587889,0.40479031165085744,636
random_permuted_shock_weighted_sector_exposure,43200,28800,9600,-0.1965964590370612,0.5874886072210123,0.8240777276835406,0.7874374329430878,0.7956433557892226,0.771171015817129,0.6220220797120284,0.2461175228243663,0.40387730930305354,637
random_permuted_shock_weighted_sector_exposure,43200,28800,9600,-0.19927287156540313,0.5907691987561555,0.820901388852579,0.78586338419239,0.7928204308530914,0.7691083906144839,0.6151080270298219,0.24717527138582093,0.4075544745481358,638
random_permuted_shock_weighted_sector_exposure,43200,28800,9600,-0.19668856235350557,0.589753483679797,0.8209607428166756,0.7881927176382388,0.8016401707849211,0.7761682581706159,0.6324086933165507,0.24450475852874073,0.3982894975629087,639
random_permuted_shock_weighted_sector_exposure,43200,28800,9600,-0.1969385173091423,0.588406061391416,0.8203671185559634,0.7879717528757909,0.7938085123231913,0.7754029256951878,0.6180881569168901,0.24583330354113409,0.4059736083227328,640
random_permuted_shock_weighted_sector_exposure,43200,28800,9600,-0.19770998055961392,0.5898708087375922,0.8204288980750382,0.7887880703924431,0.7907296497167563,0.7754984815514273,0.609950095234231,0.24760274325269507,0.41027620226242384,641
random_permuted_shock_weighted_sector_exposure,43200,28800,9600,-0.19856981140823654,0.5888070065146525,0.8230585549531032,0.7865409706713712,0.8025582658435868,0.7749749878451622,0.6359801088437307,0.24282236586978417,0.39634993967996685,642
random_permuted_shock_weighted_sector_exposure,43200,28800,9600,-0.1991262671647817,0.5909334285589898,0.8250894959066951,0.7874198477570034,0.802638716689535,0.777047322399694,0.6340941013765893,0.2437227910351614,0.3973753688250865,643
random_permuted_shock_weighted_sector_exposure,43200,28800,9600,-0.19700543508265184,0.5885190942215596,0.8229383183238269,0.7887877536307873,0.796648668002325,0.7740312964711302,0.6244225393533549,0.24695591450241078,0.40259279598140335,644
random_permuted_shock_weighted_sector_exposure,43200,28800,9600,-0.19389304855448292,0.5857677321703387,0.8208378978156256,0.7878780350189056,0.8003851931824313,0.7747483615771906,0.6305130600383171,0.2449048861522773,0.399315147427725,645
random_permuted_shock_weighted_sector_exposure,43200,28800,9600,-0.19755147702900006,0.5888340784990649,0.8195303435145046,0.7886203587981185,0.7935320743554306,0.774205607105109,0.6172161296243417,0.24634509564147355,0.4064368280656525,646
random_permuted_shock_weighted_sector_exposure,43200,28800,9600,-0.19618969902566424,0.588524212173873,0.8226469480518113,0.7854461804576436,0.7974880610152,0.773154688132836,0.6254487616726351,0.24621044377376697,0.40204240043932177,647
random_permuted_shock_weighted_sector_exposure,43200,28800,9600,-0.19954924750422925,0.590476714303858,0.8243327554328106,0.7871394482011584,0.8010934114695228,0.7780750191826556,0.6308011466288537,0.244154746514834,0.3991594453458079,648
random_permuted_shock_weighted_sector_exposure,43200,28800,9600,-0.1946988398609319,0.5864506017145346,0.8248198222999623,0.7903604666385348,0.8078590101131897,0.7782915450985143,0.6453940959645104,0.2404168186544378,0.3911913289598812,649
random_permuted_shock_weighted_sector_exposure,43200,28800,9600,-0.2006817729839458,0.5924492978581171,0.8190688883680798,0.7882351623284176,0.7958480179326448,0.7747393663872458,0.6187119782404402,0.24611236081234134,0.405641910706431,650
random_permuted_shock_weighted_sector_exposure,43200,28800,9600,-0.19688560048472364,0.5880838254762023,0.8229413510443251,0.7868917426876267,0.795607849778386,0.7704065419794565,0.6214128075865972,0.246608348536573,0.4042026882355325,651
random_permuted_shock_weighted_sector_exposure,43200,28800,9600,-0.2028337975778935,0.5950942553065576,0.8240165913871715,0.7887910164851825,0.7952813108689624,0.776848828382399,0.618015092594299,0.246011590225774,0.4060124402792062,652
random_permuted_shock_weighted_sector_exposure,43200,28800,9600,-0.19616223850470454,0.586156789529431,0.822658205568587,0.7886329758334852,0.7957400471073793,0.7761950194690527,0.6231080292347977,0.24410561907485098,0.4032967120986627,653
random_permuted_shock_weighted_sector_exposure,43200,28800,9600,-0.19831327457770326,0.5886283071788427,0.8254429901376218,0.7891514370498912,0.8003804957730295,0.7757898264398507,0.6303264383084053,0.24526709853278392,0.3994159784288971,654
random_permuted_shock_weighted_sector_exposure,43200,28800,9600,-0.2032320727606432,0.5949944534772362,0.8251363780063039,0.7888034311427918,0.7983030977964121,0.7746442628188299,0.6254256358622796,0.2457659675111777,0.4020548118424174,655
random_permuted_shock_weighted_sector_exposure,43200,28800,9600,-0.19763074212118908,0.590115518224876,0.8211060353663576,0.7882121881308564,0.7973009359937349,0.7783902231752596,0.6231173633800884,0.24495090858509794,0.4032917180238271,656
random_permuted_shock_weighted_sector_exposure,43200,28800,9600,-0.19566390113104576,0.5871678622940407,0.824595933591018,0.7876251548138586,0.8032372889470778,0.7770274734266498,0.6363085870602477,0.2433481686924794,0.39617107348622205,657
random_permuted_shock_weighted_sector_exposure,43200,28800,9600,-0.2011367257654611,0.5937025514661988,0.8241653329570753,0.7893114249195887,0.8033587434093461,0.7732032527141123,0.6348396555209648,0.24514765415251513,0.39697032490218886,658
random_permuted_shock_weighted_sector_exposure,43200,28800,9600,-0.19789066031414654,0.5884552882217848,0.8223149997528755,0.7876426594852429,0.7924868746138763,0.7720528493262372,0.6157922823034052,0.24786322445890463,0.4071920412269829,659
random_permuted_shock_weighted_sector_exposure,43200,28800,9600,-0.19759279497669818,0.5893709243259521,0.8196173385313147,0.7891511718969414,0.7897419115990059,0.7745901827190947,0.6097890168459906,0.249049040659857,0.41036090912565865,660
random_permuted_shock_weighted_sector_exposure,43200,28800,9600,-0.19924017408818268,0.5901100194462964,0.820930783809145,0.7878565661997593,0.7899220717602361,0.7767209299144321,0.6105323062565888,0.2482372903325535,0.40996988693247594,661
random_permuted_shock_weighted_sector_exposure,43200,28800,9600,-0.20005849456335972,0.5925596963282951,0.8218173857495623,0.7872590254644188,0.7976242694955521,0.7747653653449185,0.623166390776686,0.24510230274196998,0.403265485738025,662
random_permuted_shock_weighted_sector_exposure,43200,28800,9600,-0.1977775515130285,0.5868896905890776,0.8219915666466473,0.7883021011797637,0.7980290555151963,0.776107615659289,0.6256923680280828,0.24488997547583927,0.40191163593502227,663
random_permuted_shock_weighted_sector_exposure,43200,28800,9600,-0.19767276009387097,0.5899231228595319,0.8255113610063701,0.7868999698725284,0.7942420527620667,0.7750068354205416,0.6176441887506439,0.24658668985054732,0.4062095096315938,664
random_permuted_shock_weighted_sector_exposure,43200,28800,9600,-0.1973149047161729,0.5887289486226944,0.819945813014317,0.7858587951478784,0.7870503561831729,0.770623833821206,0.6068563081558258,0.24966086625574477,0.4119000972646434,665
random_permuted_shock_weighted_sector_exposure,43200,28800,9600,-0.20127216631104233,0.5938129258308213,0.8222163612980801,0.7887982248690589,0.7928451560688937,0.7696800651048368,0.6126898012798929,0.2512138457811613,0.408832775479256,666
random_permuted_shock_weighted_sector_exposure,43200,28800,9600,-0.19645659632856843,0.585863508186914,0.820528445106457,0.7877874821520564,0.792629090099063,0.7764365389235638,0.6179587104291473,0.24481074931160482,0.4060424035255969,667
random_permuted_shock_weighted_sector_exposure,43200,28800,9600,-0.19799901743445608,0.588415418903902,0.8265751601108163,0.7873710176019028,0.8055427284483824,0.7719707970371003,0.640653832200133,0.2432120477827272,0.3937973121673518,668
random_permuted_shock_weighted_sector_exposure,43200,28800,9600,-0.19647422161301714,0.5896206376017314,0.816952714313599,0.7875737055473272,0.7828509776114593,0.7764676122864578,0.5999522183355741,0.24855415571721926,0.41550109433604393,669
random_permuted_shock_weighted_sector_exposure,43200,28800,9600,-0.19522066145686584,0.5861663553732446,0.8201942156106181,0.786470694808282,0.7977652667589775,0.7769101715358936,0.6266313124786269,0.24307334733638697,0.4014072250928567,670
random_permuted_shock_weighted_sector_exposure,43200,28800,9600,-0.19902179241396617,0.5933468847053749,0.8226746263266413,0.788078461765394,0.8037902366696058,0.7773274671873224,0.6320207847029677,0.2450079970099957,0.39849959391944295,671
random_permuted_shock_weighted_sector_exposure,43200,28800,9600,-0.19896833124585883,0.5893809779015444,0.82470923998511,0.7879625769257924,0.7930997916457466,0.7793368934351544,0.6162895960119873,0.24677692161089568,0.4069284237274882,672
random_permuted_shock_weighted_sector_exposure,43200,28800,9600,-0.19497130269152257,0.5868387350992831,0.8161782489500418,0.7861459215310008,0.7872147102313739,0.7705374060256096,0.6075603292053884,0.24887905426507065,0.41153112749067566,673
random_permuted_shock_weighted_sector_exposure,43200,28800,9600,-0.1972307721694107,0.5881179835373171,0.8205139984105833,0.7866295661668115,0.7934253092886123,0.778587536560169,0.6197181887219988,0.24449448598624382,0.4051063171958624,674
random_permuted_shock_weighted_sector_exposure,43200,28800,9600,-0.20156295139768715,0.5928295016107725,0.8279606273101292,0.7914329761333031,0.8120338785133764,0.7825756506385865,0.6499503835281654,0.23927731720955894,0.3886700191858964,675
random_permuted_shock_weighted_sector_exposure,43200,28800,9600,-0.1985898990298524,0.591489462897611,0.8203046305251008,0.7864095792410557,0.7982249776133542,0.7743596398695631,0.6236583970509642,0.24608818719680467,0.40300214145422864,676
random_permuted_shock_weighted_sector_exposure,43200,28800,9600,-0.19709568507380942,0.5895947881313431,0.8213612840156016,0.7872204265234217,0.7986232404533817,0.7693994709553726,0.6259356914054366,0.24656254460073418,0.4017809808446608,677
random_permuted_shock_weighted_sector_exposure,43200,28800,9600,-0.19960193817949917,0.5918185807751303,0.824553315030572,0.787995945747545,0.8006553813894818,0.7727888385500009,0.629143563477252,0.24533738066594243,0.4000544901036271,678
random_permuted_shock_weighted_sector_exposure,43200,28800,9600,-0.19725879526366324,0.587813708124771,0.8217099048454864,0.7900680463044699,0.7949829787743732,0.778520219202518,0.6205411583193028,0.2455690906889913,0.4046677335704099,679
random_permuted_shock_weighted_sector_exposure,43200,28800,9600,-0.19583576315382195,0.5872123531767548,0.8194614021005657,0.7856297290303934,0.7931480613020407,0.7739204346826304,0.6202288653570449,0.24513371708567233,0.4048342192080713,680
random_permuted_shock_weighted_sector_exposure,43200,28800,9600,-0.1986932902063417,0.5902440538562577,0.8186687801010728,0.7893617235108974,0.786069168096886,0.7777094529130542,0.6029785352015951,0.24644964898834468,0.4139265010503688,681
random_permuted_shock_weighted_sector_exposure,43200,28800,9600,-0.20054794299918438,0.5942387814788602,0.8246548215158139,0.7877175781335456,0.8084082032816567,0.7784993822514441,0.6421627690478354,0.2425744802481798,0.3929696417533244,682
random_permuted_shock_weighted_sector_exposure,43200,28800,9600,-0.19631790158258638,0.5880993678233745,0.8222504922309855,0.7893060630370623,0.7981671413954446,0.7776954817731015,0.6262520393007516,0.24421088177949424,0.40161105090357624,683
random_permuted_shock_weighted_sector_exposure,43200,28800,9600,-0.2007681657195251,0.5917892325532066,0.8266316904730586,0.789513104266996,0.8063189775300358,0.77441692572466,0.6388395256515011,0.24380392971667922,0.3947901841570581,684
random_permuted_shock_weighted_sector_exposure,43200,28800,9600,-0.19654888201286264,0.5885933256679333,0.823234732475901,0.78911508129709,0.8031822569108741,0.7786136789543275,0.6339060990806135,0.24418919942394068,0.39747744136379215,685
random_permuted_shock_weighted_sector_exposure,43200,28800,9600,-0.200939142022389,0.5920435303067105,0.8230369205394643,0.7890105851956593,0.798547964148255,0.7708625087546264,0.6261960860442761,0.24576297996891622,0.40164111207784153,686
random_permuted_shock_weighted_sector_exposure,43200,28800,9600,-0.1995646291484226,0.5903411468347889,0.8232936102523744,0.7907738651003048,0.7994282150293052,0.7815168382414672,0.6258634514132386,0.24270918105144224,0.401819775315379,687
random_permuted_shock_weighted_sector_exposure,43200,28800,9600,-0.20125847241436473,0.5925127907972798,0.823181767422264,0.7891070452499573,0.7941421009644395,0.7740592123847162,0.6177197620828468,0.24581368600723788,0.4061693636178925,688
random_permuted_shock_weighted_sector_exposure,43200,28800,9600,-0.1995969470518209,0.5921106574840687,0.8269309288917717,0.7879216559198916,0.7997849151688579,0.7724510418173516,0.6285264931590431,0.24710523548605445,0.4003871783407081,689
random_permuted_shock_weighted_sector_exposure,43200,28800,9600,-0.19540697713334593,0.5880518849215348,0.8218869510018896,0.7867332081730557,0.7981339303028904,0.7727882838092588,0.6278974098038566,0.24659445606619831,0.4007260589848068,690
random_permuted_shock_weighted_sector_exposure,43200,28800,9600,-0.19666857105336882,0.5885188978880824,0.8208113500300998,0.7876526455462515,0.7980197694699219,0.7724043675634543,0.624956397640714,0.24705809424227104,0.4023065648390989,691
random_permuted_shock_weighted_sector_exposure,43200,28800,9600,-0.1968203319195146,0.588502096357472,0.820288550488748,0.7849199350183215,0.7951826108399835,0.773745405264166,0.6207117086199662,0.2459730627006014,0.40457678304727196,692
random_permuted_shock_weighted_sector_exposure,43200,28800,9600,-0.19641268841723375,0.5893059475532441,0.8211670030367216,0.7874720085223792,0.7938226797199284,0.7694316680990312,0.6163802879882134,0.24786510099375686,0.40688033104680266,693
random_permuted_shock_weighted_sector_exposure,43200,28800,9600,-0.19827548255330268,0.5914871544755216,0.8233993807746127,0.7862415135839682,0.7978487091147772,0.7746133059661703,0.6231157289889705,0.24633369261833601,0.40329259248131494,694
random_permuted_shock_weighted_sector_exposure,43200,28800,9600,-0.1992341547004946,0.5899191194376876,0.8198937017676854,0.7872504869492976,0.7949067120014714,0.7766144203143618,0.6195803877069788,0.2445269480317711,0.4051797088277818,695
random_permuted_shock_weighted_sector_exposure,43200,28800,9600,-0.19688435069687055,0.587516597493113,0.8237428041069595,0.7884740771346197,0.805235540560786,0.7770544834378205,0.6373149404532346,0.24264021534979824,0.39562258062961536,696
random_permuted_shock_weighted_sector_exposure,43200,28800,9600,-0.19697400514715474,0.58810042834524,0.8196085896118436,0.7874216171170008,0.795748555412003,0.773090491103494,0.622752581334518,0.24487397317283335,0.40348684242495325,697
random_permuted_shock_weighted_sector_exposure,43200,28800,9600,-0.19701857724131827,0.5886691054320153,0.8249303641424715,0.7861116217373976,0.8080172035473068,0.7745762802323504,0.6446546587280375,0.24350874417426638,0.3915989798115821,698
random_permuted_shock_weighted_sector_exposure,43200,28800,9600,-0.19737732799365,0.5897344643941457,0.8211149329895399,0.7883016222599382,0.7985680015228955,0.7755516816277968,0.6245685167776672,0.24584586524890292,0.4025145495779022,699
random_permuted_shock_weighted_sector_exposure,43200,28800,9600,-0.1968495833655894,0.5903570464585574,0.8187626084791192,0.7885404448070786,0.7921139872198725,0.7789311924394992,0.6133047471304212,0.24484411374127352,0.4085080875520115,700
random_permuted_shock_weighted_sector_exposure,43200,28800,9600,-0.20119741401094354,0.5918135477997509,0.8233797643574762,0.7878271981613901,0.7901734829988597,0.7744854962920122,0.6090489218220427,0.24769174376613076,0.4107498810025178,701
random_permuted_shock_weighted_sector_exposure,43200,28800,9600,-0.20002734545716,0.5923093255767375,0.8250945765296933,0.7877187399142858,0.7991367785840391,0.7735810589785778,0.6263775145527931,0.24668058365405,0.4015436304982692,702
random_permuted_shock_weighted_sector_exposure,43200,28800,9600,-0.19750212867342726,0.5894751639351915,0.821815957378041,0.7872786474874887,0.796983245486044,0.7778587173109595,0.6213783192997093,0.24453077063160408,0.4042210987114894,703
random_permuted_shock_weighted_sector_exposure,43200,28800,9600,-0.19943774466660041,0.5899953646775586,0.8222265623306221,0.7885289922490551,0.7902324706335153,0.7755900294139065,0.6132977760130782,0.24735639764158587,0.40851176970864317,704
random_permuted_shock_weighted_sector_exposure,43200,28800,9600,-0.19847981616719707,0.5904116462094234,0.8236366592424081,0.7886043434907413,0.8008917689692515,0.7755677820157378,0.6307876196115549,0.24411562057195055,0.39916675764813014,705
random_permuted_shock_weighted_sector_exposure,43200,28800,9600,-0.1963796468989138,0.5874568370244819,0.8212704166279509,0.7896980648800552,0.802458251304128,0.7730697110002162,0.6330929007287096,0.24526930778374112,0.39791865153315736,706
random_permuted_shock_weighted_sector_exposure,43200,28800,9600,-0.1974387972432597,0.5887633389522688,0.8242920824770901,0.7885824062705876,0.8036899751423425,0.7772348274418809,0.6347725527609781,0.2442360413441994,0.39700679734668043,707
random_permuted_shock_weighted_sector_exposure,43200,28800,9600,-0.1966225647905538,0.58814036952578,0.8218093177922278,0.787546625963064,0.7995016562265357,0.7750424264377638,0.628997872209995,0.24561973504694304,0.4001330632612511,708
random_permuted_shock_weighted_sector_exposure,43200,28800,9600,-0.19664308278444836,0.5893958908702732,0.8203937209213487,0.7863612915532457,0.8007944966396674,0.7717196060600221,0.6301635791597575,0.24452992268445906,0.3995039498045384,709
random_permuted_shock_weighted_sector_exposure,43200,28800,9600,-0.19744421427950037,0.590003382612641,0.8201583567251665,0.7867355128124605,0.7899461786286693,0.7707034525347798,0.6095250315250842,0.24818332168627147,0.41049969422582433,710
random_permuted_shock_weighted_sector_exposure,43200,28800,9600,-0.19601778095228445,0.5871076605922576,0.8206137474493722,0.7883907419836643,0.7981770347808294,0.7783100348078635,0.6223181870041641,0.2447934719988665,0.40371907989199074,711
random_permuted_shock_weighted_sector_exposure,43200,28800,9600,-0.19595156876844483,0.589764083650966,0.8201917160271524,0.7876938635226195,0.796517433404596,0.7790264826182373,0.6232924097347907,0.24336591648552428,0.4031980510075619,712
random_permuted_shock_weighted_sector_exposure,43200,28800,9600,-0.19938065028516766,0.5908242625450325,0.8235466884367201,0.7884647332655718,0.7990494374448417,0.7782400860483599,0.6278955222850666,0.24447466194163506,0.4007270753402779,713
random_permuted_shock_weighted_sector_exposure,43200,28800,9600,-0.19592288173745448,0.5876475174170861,0.822735651262106,0.7888895713570319,0.7931240763226249,0.7794345744068665,0.6186548577388784,0.2471768318835428,0.4056722940391726,714
random_permuted_shock_weighted_sector_exposure,43200,28800,9600,-0.19447716576310364,0.5869146944382339,0.8230604939001003,0.7874948512502742,0.8076874104751278,0.7787428978701071,0.6447561668703552,0.24116267500956978,0.3915430436284543,715
random_permuted_shock_weighted_sector_exposure,43200,28800,9600,-0.19668617717610454,0.5904474238331637,0.8202124005929677,0.7881439044777476,0.800221885220426,0.7770778595468186,0.6302572236196808,0.24388419588161792,0.3994533683880078,716
random_permuted_shock_weighted_sector_exposure,43200,28800,9600,-0.19636998315546378,0.5886123169835592,0.819671766899283,0.7864704400430803,0.792389035667863,0.7748671398982825,0.6166924486199774,0.24946899288738156,0.40671475317642747,717
random_permuted_shock_weighted_sector_exposure,43200,28800,9600,-0.19612814649723215,0.5873471387702595,0.8234677269260452,0.7865046046833801,0.807564777689545,0.7746649621851396,0.6447260799383714,0.2431977528520646,0.391559623901501,718
random_permuted_shock_weighted_sector_exposure,43200,28800,9600,-0.20365736900559356,0.594320284609572,0.8251799351250442,0.7905035810889823,0.7955333511602394,0.7753076977254117,0.6198550851461339,0.24681127197489267,0.4050333941734175,719
random_permuted_shock_weighted_sector_exposure,43200,28800,9600,-0.19820051116915077,0.5907471518793223,0.8208565522061857,0.7846825650101957,0.7953273249643211,0.7693755218016658,0.6208759195589644,0.24705123410669272,0.4044891938344184,720
random_permuted_shock_weighted_sector_exposure,43200,28800,9600,-0.19823800559254007,0.590326691027385,0.8202040853393534,0.7855764765209178,0.7928744749216794,0.7731138553811463,0.6176720786127807,0.24667391061139823,0.4061946944601105,721
random_permuted_shock_weighted_sector_exposure,43200,28800,9600,-0.19595236901100893,0.586513337891643,0.8222603426102854,0.7874288852214301,0.7886961621676057,0.7746150703422185,0.6097575388583083,0.2500688134470369,0.41037746052439333,722
random_permuted_shock_weighted_sector_exposure,43200,28800,9600,-0.19733356030719346,0.5890667686023875,0.8230925373519841,0.7888006981099996,0.8010725753587445,0.7737211910107799,0.630823248843336,0.2455150111793497,0.39914749725924875,723
random_permuted_shock_weighted_sector_exposure,43200,28800,9600,-0.19710521041947654,0.5901604772336068,0.8223491611397075,0.7869232108072249,0.7921710904396284,0.7738993059273226,0.6160591453614452,0.24772587756793607,0.4070506029060759,724
random_permuted_shock_weighted_sector_exposure,43200,28800,9600,-0.2007260820657905,0.5927809908992475,0.8212930110203354,0.787056233312304,0.7965982899231199,0.7702812567130095,0.6214374955307824,0.2481376515116389,0.4041895088460876,725
random_permuted_shock_weighted_sector_exposure,43200,28800,9600,-0.1962926238852431,0.5875495335303202,0.8241680926402819,0.7862000742842423,0.8003438028324412,0.7723068065740767,0.6312728316636519,0.24530932436372188,0.39890438264856165,726
random_permuted_shock_weighted_sector_exposure,43200,28800,9600,-0.20162961996458412,0.5940436008630574,0.8218041640878615,0.7888604092891262,0.7910174436464632,0.7714857576291716,0.6125969414944863,0.24909676192856758,0.40888178251375784,727
random_permuted_shock_weighted_sector_exposure,43200,28800,9600,-0.19762032651951217,0.5899258064408919,0.8241359986622495,0.7881719841917132,0.8006693173474008,0.768762539727998,0.6310817123899239,0.24604942455025508,0.3990077496445571,728
random_permuted_shock_weighted_sector_exposure,43200,28800,9600,-0.19799087793318676,0.5886384286870813,0.8221757878664272,0.7880252766194208,0.7979189786712988,0.7738131816810977,0.6245120744022162,0.2464762582580143,0.4025448054628268,729
random_permuted_shock_weighted_sector_exposure,43200,28800,9600,-0.1974294729958574,0.5885896728980513,0.821268639782693,0.7912030047485542,0.7982681799626216,0.7791740089018272,0.6251181906507954,0.24459653062079373,0.4022197783812446,730
random_permuted_shock_weighted_sector_exposure,43200,28800,9600,-0.1966097763308408,0.5868214741344115,0.8208596087582597,0.7874338270773832,0.7915873884506415,0.7713862667557818,0.6166449795029272,0.24578865509537717,0.40673993633869804,731
random_permuted_shock_weighted_sector_exposure,43200,28800,9600,-0.19480396535104,0.5864454616789665,0.8191486782832825,0.7868698302734122,0.7941695408554537,0.7739831606695918,0.6194863320800471,0.2467800476107801,0.4052297944109543,732
random_permuted_shock_weighted_sector_exposure,43200,28800,9600,-0.19762205235693292,0.5893393494743339,0.8222764668071672,0.7871484595400005,0.7973855185506977,0.7722016946189587,0.6235971217723175,0.24797394247436558,0.4030349481692449,733
random_permuted_shock_weighted_sector_exposure,43200,28800,9600,-0.19761887165706343,0.5897503004841871,0.8200024193561137,0.7872615026718676,0.788301391048748,0.7727182053715212,0.6084477239007396,0.24805195106369354,0.411065581771163,734
random_permuted_shock_weighted_sector_exposure,43200,28800,9600,-0.19584759040098126,0.5859771803394529,0.8201455039675624,0.785905514833329,0.7911481250334039,0.7721432912199396,0.6164229863039181,0.2470000053933903,0.40685768676167483,735
random_permuted_shock_weighted_sector_exposure,43200,28800,9600,-0.19822422664816391,0.5909668896448584,0.8188727171269156,0.788219621245123,0.7934000197643578,0.7791755191307799,0.6177054674727105,0.24560764202954025,0.40617695749517296,736
random_permuted_shock_weighted_sector_exposure,43200,28800,9600,-0.19754672431839987,0.5888224303787621,0.8216145603442436,0.7876716093083396,0.7917948678429899,0.7765829720233108,0.6126163647436553,0.24640920956446852,0.40887153232068973,737
random_permuted_shock_weighted_sector_exposure,43200,28800,9600,-0.19478419279886577,0.5857243590148743,0.8226019327476635,0.7871734108902634,0.799843907244927,0.7734912143945903,0.6295677431858238,0.24489051827686809,0.3998256366556486,738
random_permuted_shock_weighted_sector_exposure,43200,28800,9600,-0.19392704852324,0.5849116090780117,0.8218890542106304,0.7878568670768549,0.7982835070627976,0.7738828141183373,0.6270078946849723,0.24472279482326575,0.40120474299042214,739
random_permuted_shock_weighted_sector_exposure,43200,28800,9600,-0.19286663251820407,0.5857985934213842,0.8175510896752034,0.7848952434416725,0.7855890095490209,0.7695323326848981,0.6027989830133405,0.24901502175778906,0.4140200891993737,740
random_permuted_shock_weighted_sector_exposure,43200,28800,9600,-0.19958515829667528,0.5890194191446264,0.8210976322942984,0.7890624617860751,0.7942805758787048,0.7762566019801558,0.6188938248915792,0.24692256911941426,0.40554516832796483,741
random_permuted_shock_weighted_sector_exposure,43200,28800,9600,-0.19765107689586275,0.5892887511888095,0.8245042067699401,0.7885446881994163,0.802597789136071,0.7723662450349388,0.6338333191014199,0.24412318278925127,0.397516948935799,742
random_permuted_shock_weighted_sector_exposure,43200,28800,9600,-0.19593088732737435,0.586173527194155,0.8239266996481092,0.7884012512350209,0.7999924882835067,0.7741420310344687,0.6294681463710521,0.24471889683603099,0.3998793828978361,743
random_permuted_shock_weighted_sector_exposure,43200,28800,9600,-0.19874099260095185,0.5913588939082984,0.8223868666304801,0.7889795020973085,0.792812316495172,0.7795117228530729,0.6166665120399184,0.24671261272883152,0.40672851316012526,744
random_permuted_shock_weighted_sector_exposure,43200,28800,9600,-0.19202124706610407,0.5830973808457822,0.818721399609416,0.7872585196660057,0.8065108476083274,0.7795692896258589,0.6410627549468675,0.24301980721621513,0.3935731849449323,745
random_permuted_shock_weighted_sector_exposure,43200,28800,9600,-0.19972934062423414,0.5906113161140003,0.8234837263687603,0.7902291046230874,0.7961438612016202,0.7771054234273658,0.6218366113990672,0.24427223677826576,0.4039763855354941,746
random_permuted_shock_weighted_sector_exposure,43200,28800,9600,-0.19749487298919383,0.5917878880561169,0.8201787024978386,0.7868962545642364,0.7927530554708679,0.7716902052099069,0.6117555937361336,0.25050542160547956,0.40932553894276186,747
random_permuted_shock_weighted_sector_exposure,43200,28800,9600,-0.19616437301924078,0.5864246750979979,0.82159290966721,0.7883663945688281,0.8048379523178416,0.7776349351483373,0.6379892586074538,0.24286547723966123,0.3952546310869513,748
random_permuted_shock_weighted_sector_exposure,43200,28800,9600,-0.19497640157004986,0.5870417789862791,0.8223623704749815,0.7872858205575871,0.8035417059132618,0.7704625217334822,0.6380992646450265,0.2448862828897406,0.3951945725106714,749
random_permuted_shock_weighted_sector_exposure,43200,28800,9600,-0.19519001961086052,0.587181939650672,0.8177099395815975,0.7844997385274495,0.7877447053732396,0.7681923818151014,0.6088407570813402,0.24945166185943596,0.4108592198284154,750
random_permuted_shock_weighted_sector_exposure,43200,28800,9600,-0.19474622088650145,0.5868383162083415,0.8230334871358517,0.785253685220851,0.8059947050537994,0.7757932764333393,0.641324838692165,0.24262359820467547,0.3934294718423581,751
random_permuted_shock_weighted_sector_exposure,43200,28800,9600,-0.1962747247859245,0.5892686917762022,0.8219096979236995,0.786854879132766,0.7952587207420942,0.7749883963045994,0.6216444725292047,0.24531164132710864,0.4040789995268151,752
random_permuted_shock_weighted_sector_exposure,43200,28800,9600,-0.19877880512786145,0.5906004561628668,0.8267336667857522,0.7875349435131388,0.8069526273234132,0.7774490096218233,0.6408821147275794,0.24416383545409517,0.393672208109505,753
random_permuted_shock_weighted_sector_exposure,43200,28800,9600,-0.19152229932509274,0.5833512403218254,0.8156370688168776,0.7880096730225515,0.7891419312547219,0.7770178039531964,0.6124532314585728,0.24431842006367158,0.40895761434570527,754
random_permuted_shock_weighted_sector_exposure,43200,28800,9600,-0.1959295616684385,0.5881918097667025,0.8219276097712156,0.7872756547225912,0.8009937624781016,0.7788761036351662,0.6308684595975544,0.24448440202797617,0.3991230559694594,755
random_permuted_shock_weighted_sector_exposure,43200,28800,9600,-0.19640182065751094,0.5885690862029366,0.8169181425463597,0.7876896167069201,0.7899094082163413,0.7746203443219885,0.6108064154328132,0.24776651675918715,0.40982559218155307,756
random_permuted_shock_weighted_sector_exposure,43200,28800,9600,-0.20103383879266884,0.5915921449425536,0.8230976518482477,0.7884436658718168,0.7948075634316699,0.7737981924710535,0.6171753731943256,0.2486092096124669,0.40645846491416204,757
random_permuted_shock_weighted_sector_exposure,43200,28800,9600,-0.1969800574300326,0.5891254099186998,0.8222997251292185,0.7878754869145851,0.7993965810543501,0.777257058805377,0.6289350545495069,0.24380595177888367,0.40016693686621185,758
random_permuted_shock_weighted_sector_exposure,43200,28800,9600,-0.1994691993110072,0.5913191806284985,0.8245708963932646,0.7874314124221027,0.8029683155084562,0.778659338713722,0.634625320908407,0.24245628418229687,0.39708681071510854,759
random_permuted_shock_weighted_sector_exposure,43200,28800,9600,-0.19842135190373938,0.5900521369034798,0.8239374913013897,0.7881286171567242,0.8085818223141703,0.7804825507460169,0.6424379239971861,0.2396211325899398,0.3928185278859278,760
random_permuted_shock_weighted_sector_exposure,43200,28800,9600,-0.19857901251813298,0.5902452697810414,0.8223814968325325,0.7886324417767242,0.7977254609225443,0.7720720057097117,0.624247941550903,0.24700156000199305,0.4026863634307836,761
random_permuted_shock_weighted_sector_exposure,43200,28800,9600,-0.20219384044444494,0.5946150003702955,0.8270436362597949,0.7903972572082437,0.7967067828572847,0.7743875559621506,0.6238165129612633,0.24554076754233886,0.402917474034675,762
random_permuted_shock_weighted_sector_exposure,43200,28800,9600,-0.19958058281059637,0.5902767953172096,0.8218992524179787,0.7885901408722494,0.7944194845149731,0.7776058504259857,0.6194332391899214,0.24439103397835704,0.4052580641845896,763
random_permuted_shock_weighted_sector_exposure,43200,28800,9600,-0.1991970083077536,0.5904307643337776,0.8241265507935229,0.7874703313633153,0.7956769761998106,0.7715221694498705,0.6209184661328453,0.24699752947916295,0.4044664966316885,764
random_permuted_shock_weighted_sector_exposure,43200,28800,9600,-0.1979620108358749,0.588789589467993,0.8191003902355639,0.7867613772951968,0.7875005560710631,0.7710745363913909,0.6061125220841002,0.2491484117522216,0.41228954874991885,765
random_permuted_shock_weighted_sector_exposure,43200,28800,9600,-0.19883198349370296,0.589480414570329,0.8228311157122797,0.7892643737660882,0.7877669447291992,0.7747716766252372,0.6069840518253076,0.24826823990230948,0.4118331727458031,766
random_permuted_shock_weighted_sector_exposure,43200,28800,9600,-0.1985577747922735,0.5899556597247886,0.8205618285573039,0.7905410977678251,0.8001328796055514,0.7774131466290127,0.6290783165422901,0.24239442295679703,0.40008968051525773,767
random_permuted_shock_weighted_sector_exposure,43200,28800,9600,-0.1992533705798128,0.5907784721577701,0.8222331481952612,0.7869075967798584,0.7919207203207682,0.7718176734238742,0.6151899237138245,0.24905709027413073,0.40751111285440883,768
random_permuted_shock_weighted_sector_exposure,43200,28800,9600,-0.19799513797177298,0.5908051765115141,0.8206516454172167,0.786164656838616,0.793635141928526,0.7758841231582713,0.6197304381919506,0.24596157599219728,0.4050997925903272,769
random_permuted_shock_weighted_sector_exposure,43200,28800,9600,-0.1972393408484035,0.587923138441671,0.8205577266122847,0.7875471542514735,0.7943970731501723,0.7739616088518401,0.6168283521499545,0.24888678364907596,0.4066426454515301,770
random_permuted_shock_weighted_sector_exposure,43200,28800,9600,-0.20148574274190417,0.5927819686996201,0.8256345594624317,0.7880622143431982,0.7993544888701538,0.7742862613549086,0.6241385383833895,0.24658627667221472,0.4027449818154314,771
random_permuted_shock_weighted_sector_exposure,43200,28800,9600,-0.1974715072138728,0.5870198228883154,0.8220001693527754,0.7866629364057224,0.7938457502385953,0.7698599819804919,0.6193582328481115,0.24695560163067767,0.40529799860664095,772
random_permuted_shock_weighted_sector_exposure,43200,28800,9600,-0.19732458613127363,0.5899110163772667,0.8181437317121204,0.7885959836525626,0.7921639877846918,0.7753419863129187,0.6177519761063696,0.2457358462095451,0.4061522497001486,773
random_permuted_shock_weighted_sector_exposure,43200,28800,9600,-0.19615224648029078,0.5865875089073384,0.8207897429950678,0.7862627226801205,0.7943210107815949,0.7714778795196462,0.6175700935383718,0.24765081783541787,0.40624886658779435,774
random_permuted_shock_weighted_sector_exposure,43200,28800,9600,-0.1958665940513465,0.5855122334618419,0.8201237900217198,0.7902494772067121,0.7922231381045641,0.7757713257600505,0.6141752857069005,0.24526093289046297,0.408048006366088,775
random_permuted_shock_weighted_sector_exposure,43200,28800,9600,-0.19893588705018966,0.5918651187426138,0.8237256338684715,0.7851690480790412,0.7999800434685884,0.7750190534916791,0.6301205494881224,0.24397846069060503,0.3995271898409671,776
random_permuted_shock_weighted_sector_exposure,43200,28800,9600,-0.1956797873077108,0.586749677720786,0.8237033339793529,0.7870179147950807,0.8008390902426881,0.7724483756473489,0.6303963043878784,0.24651911067097382,0.3993782330367359,777
random_permuted_shock_weighted_sector_exposure,43200,28800,9600,-0.1956633691597745,0.5867007853618121,0.8218508147597562,0.7868377813514235,0.7974620522241405,0.7745991591679245,0.6252968489780378,0.24582650421777255,0.40212392353492943,778
random_permuted_shock_weighted_sector_exposure,43200,28800,9600,-0.19831505470630878,0.5908634021241077,0.8222423073521293,0.7880164173455056,0.8033945835461245,0.774993299284433,0.6357775145681404,0.2431125639814076,0.39646021807618675,779
random_permuted_shock_weighted_sector_exposure,43200,28800,9600,-0.20031717964599954,0.5926371281091399,0.8248325302095318,0.7883191884954746,0.7932223944696732,0.7688508933760965,0.6148718608362291,0.24937285873324355,0.4076794912224261,780
random_permuted_shock_weighted_sector_exposure,43200,28800,9600,-0.193166930071552,0.5849494424623355,0.8216276830833141,0.7887087941780949,0.7985201838147908,0.7726540839902961,0.626664086527937,0.24412789259031625,0.4013896070796951,781
random_permuted_shock_weighted_sector_exposure,43200,28800,9600,-0.19905861043767542,0.5904709676433351,0.8230843262376901,0.7860523627220929,0.8055206644705103,0.7702286192173649,0.6382733107881671,0.24448924171007097,0.39509953213617754,782
random_permuted_shock_weighted_sector_exposure,43200,28800,9600,-0.19709085666394516,0.5904122431064457,0.8203160282040729,0.7888522905657854,0.7985708749418156,0.7778391439883654,0.6284777334215619,0.2445105116583224,0.4004134549563318,783
random_permuted_shock_weighted_sector_exposure,43200,28800,9600,-0.19956155694849181,0.59261606937228,0.8198667466494056,0.787935675102723,0.7896617112114427,0.7714306261854581,0.6080482651249941,0.24849747212389972,0.411275211373067,784
random_permuted_shock_weighted_sector_exposure,43200,28800,9600,-0.19763972241406774,0.590223775778997,0.8234406998503461,0.7847928820823886,0.8047394599940108,0.775656436017566,0.6386405637925157,0.24159755697425833,0.39489891335022187,785
random_permuted_shock_weighted_sector_exposure,43200,28800,9600,-0.1976449407565119,0.5903908442144725,0.8235952965495538,0.7899523876166348,0.8034674276504646,0.7777905572607027,0.6353197530288095,0.24332185499660114,0.3967092791028768,786
random_permuted_shock_weighted_sector_exposure,43200,28800,9600,-0.19396899244492377,0.5851041823372607,0.8197093577113356,0.7857057475591034,0.7979752504661313,0.7712847059793217,0.6291738830088878,0.24676650529107774,0.40003813645367425,787
random_permuted_shock_weighted_sector_exposure,43200,28800,9600,-0.19810509474596022,0.5908671934140823,0.8218182608800519,0.7897553133816865,0.8038511428920143,0.7815955562934445,0.6355106488165939,0.24245323185365464,0.3966054346473342,788
random_permuted_shock_weighted_sector_exposure,43200,28800,9600,-0.1994831484054123,0.592140178430785,0.8224507813701432,0.789166105444141,0.7944370934863414,0.7686764279682979,0.620919370619337,0.2488353724858851,0.40446601410396277,789
random_permuted_shock_weighted_sector_exposure,43200,28800,9600,-0.20096288305481075,0.5925730585148452,0.8219620673594372,0.786153072873873,0.7911879895705731,0.7675678513512818,0.6138480253267423,0.2491267687489083,0.40822102488419754,790
random_permuted_shock_weighted_sector_exposure,43200,28800,9600,-0.19814514727980553,0.5897936401379099,0.8249514562457666,0.7895154263781924,0.7968220437145095,0.7744516313316859,0.6226323493879174,0.24684175011462814,0.40355113463930814,791
random_permuted_shock_weighted_sector_exposure,43200,28800,9600,-0.19546442135102432,0.5880855819073906,0.8221780022105949,0.7874066489372066,0.8059553258353819,0.7790579892147206,0.6397801994183536,0.24139338429653734,0.3942757163138017,792
random_permuted_shock_weighted_sector_exposure,43200,28800,9600,-0.19744631027721865,0.5899457833097026,0.8248029207066995,0.784766873067144,0.8045443589019272,0.7772232492494392,0.6381343340512073,0.2416942848255939,0.3951754242009308,793
random_permuted_shock_weighted_sector_exposure,43200,28800,9600,-0.1984521381289916,0.5898632424092551,0.8183378953952707,0.7876909504611835,0.7842172252818177,0.7700491523002359,0.6029121605864439,0.2502705154279068,0.41396110001597325,794
random_permuted_shock_weighted_sector_exposure,43200,28800,9600,-0.1993729772995549,0.5927393935038215,0.8221676367932027,0.7888095254278902,0.7956047486958013,0.7735946318752233,0.6205933355459569,0.24680680680826905,0.4046399108349558,795
random_permuted_shock_weighted_sector_exposure,43200,28800,9600,-0.1969863405239029,0.5890142565297877,0.8175020490722763,0.787275541453768,0.7838405371632959,0.7759276944969522,0.6015486316904927,0.24768821602881957,0.4146712252608786,796
random_permuted_shock_weighted_sector_exposure,43200,28800,9600,-0.19780343439690679,0.5872811778131194,0.8225801150598454,0.7867854358286592,0.796585750922417,0.771994538299333,0.6258007755043644,0.24540514527611562,0.4018534306279543,797
random_permuted_shock_weighted_sector_exposure,43200,28800,9600,-0.19720036725925644,0.5895695676707992,0.8197074267399631,0.7863714113621416,0.7952321546718167,0.7727978127221751,0.6187906056677854,0.24730766058027284,0.40560008376393714,798
random_permuted_shock_weighted_sector_exposure,43200,28800,9600,-0.19500881669658426,0.5870033989800769,0.822527280832594,0.7882922046563714,0.8002599969854183,0.77429149367532,0.6313278113471809,0.24331984080362673,0.3988746418860154,799
random_permuted_shock_weighted_sector_exposure,43200,28800,9600,-0.19772736300074528,0.5898312410638362,0.8256089245812549,0.7900836038427052,0.8032844247394668,0.77680898737045,0.6336837195773841,0.24286356379489785,0.397598144572465,800
random_permuted_shock_weighted_sector_exposure,43200,28800,9600,-0.1969919431475789,0.5864976217942187,0.8217254085226596,0.7888909257078973,0.7954844606147085,0.7740221293877572,0.6223435196870681,0.2478805578299399,0.40370554010984644,801
random_permuted_shock_weighted_sector_exposure,43200,28800,9600,-0.19852848193345446,0.5903256520792645,0.8202569010916798,0.7857153721873897,0.7903157117036129,0.7728208278428707,0.6121996093760074,0.24683756754280856,0.4090914094464883,802
random_permuted_shock_weighted_sector_exposure,43200,28800,9600,-0.19831609281818824,0.5906768956717529,0.8204014834754234,0.7878896790096472,0.7927432154418707,0.775096163076263,0.6167963102753405,0.24723813395172992,0.4066596473883254,803
random_permuted_shock_weighted_sector_exposure,43200,28800,9600,-0.19806685714558364,0.5901228690298921,0.8221190414434527,0.7877750940407824,0.7997607295654192,0.7714983972596321,0.6286291801037263,0.24664395026518765,0.4003318347199559,804
random_permuted_shock_weighted_sector_exposure,43200,28800,9600,-0.2002237022563768,0.5914856648935417,0.8206798661829161,0.7867367904310575,0.7921960267810947,0.7720655331452099,0.6127507913236462,0.24821934804903983,0.4088005846014443,805
random_permuted_shock_weighted_sector_exposure,43200,28800,9600,-0.1973521646538941,0.5898399888448314,0.825644093135544,0.7878274263437777,0.7963940399681655,0.7755869564129129,0.6225868632875546,0.2472985361956401,0.4035754549729139,806
random_permuted_shock_weighted_sector_exposure,43200,28800,9600,-0.20043393485017907,0.5923262324956985,0.8232500662576103,0.787181353857715,0.8014316140413585,0.7752829120979675,0.6288758356866333,0.2449296565736239,0.40019886724100057,807
random_permuted_shock_weighted_sector_exposure,43200,28800,9600,-0.1988564521363005,0.5928065639472161,0.8206113519519111,0.7870148953792304,0.7964134792078451,0.775076114924028,0.6211202744500677,0.24659066197912802,0.4043588211554195,808
random_permuted_shock_weighted_sector_exposure,43200,28800,9600,-0.1992829076384512,0.5897700619935587,0.8256765239584216,0.7892715874211996,0.8004520987872747,0.7803500937192586,0.6311516110593371,0.24431710010667493,0.39896994800537694,809
random_permuted_shock_weighted_sector_exposure,43200,28800,9600,-0.19886979435888147,0.5896831439717877,0.8204621207857993,0.790259487676438,0.7915962709964036,0.7778166305389473,0.6141015529860626,0.24601252337518806,0.40808699434605805,810
random_permuted_shock_weighted_sector_exposure,43200,28800,9600,-0.20009264280802092,0.5913418308718891,0.8252885323567828,0.7915779214658012,0.8019106677199362,0.7772070653972795,0.6308103054740671,0.24429251819622688,0.399154494271048,811
random_permuted_shock_weighted_sector_exposure,43200,28800,9600,-0.1969987916376516,0.5891854606854294,0.8238142284093168,0.7892980790456594,0.7984291256712963,0.7766854649931935,0.6281930036840404,0.24322247154905777,0.40056686135035663,812
random_permuted_shock_weighted_sector_exposure,43200,28800,9600,-0.20111461898912647,0.5928028888405505,0.8236745604681857,0.790468932428782,0.7935727352203135,0.7780309119880283,0.6159471896899693,0.24569635397579337,0.4071099457727953,813
random_permuted_shock_weighted_sector_exposure,43200,28800,9600,-0.1969008705197623,0.5879506386263996,0.8198449674521328,0.7870877634632648,0.7886710315225218,0.7700814065812417,0.6092557743189615,0.2480957704166036,0.41064120259628656,814
random_permuted_shock_weighted_sector_exposure,43200,28800,9600,-0.1989376114541072,0.5918933903350639,0.8235082918644574,0.7880754378319974,0.8053672486127718,0.775133639358292,0.6370975136726185,0.24268008609525593,0.39574114914205855,815
random_permuted_shock_weighted_sector_exposure,43200,28800,9600,-0.20016707275552809,0.5894769933997133,0.8286809232609698,0.7892179700660602,0.8060859042640736,0.7759945862252103,0.6407136569987291,0.2410012958310254,0.39376453064967626,816
random_permuted_shock_weighted_sector_exposure,43200,28800,9600,-0.19821340396020598,0.5910676770853573,0.8201842688103307,0.7886657068337349,0.7910669964243849,0.7770079348199727,0.6118850671014677,0.24740691323260602,0.40925728145685786,817
random_permuted_shock_weighted_sector_exposure,43200,28800,9600,-0.19690610693485783,0.5892285481815253,0.8242946632793958,0.7865904633550675,0.8006955225403534,0.7738216986804203,0.6315261438765127,0.2433906838156141,0.39876733726489566,818
random_permuted_shock_weighted_sector_exposure,43200,28800,9600,-0.19729501466954674,0.5879953125093385,0.8257652396670387,0.788690080542674,0.8008796650998226,0.778245195124454,0.631552495984943,0.2447156314563287,0.3987530777077745,819
random_permuted_shock_weighted_sector_exposure,43200,28800,9600,-0.1973232844401323,0.5875805702998691,0.8259601283281592,0.7882045108275426,0.8030619744439497,0.7694675548088521,0.6338773790368021,0.24622192300543333,0.3974930320983311,820
random_permuted_shock_weighted_sector_exposure,43200,28800,9600,-0.19589769607307644,0.5878991811055303,0.8240955532445987,0.7868725609780886,0.7984421568161378,0.7746133441049584,0.6276711794387919,0.24536362097446518,0.40084785688396823,821
random_permuted_shock_weighted_sector_exposure,43200,28800,9600,-0.19866839291606092,0.5899499829157219,0.8276367349815733,0.7889302487858983,0.8082372795356079,0.7769126416926205,0.6441508920394643,0.24168725404203675,0.39187646291011624,822
random_permuted_shock_weighted_sector_exposure,43200,28800,9600,-0.19645953427035384,0.5871270033151398,0.8210352593457234,0.7872945351095475,0.7928968507199383,0.7707836360842643,0.6154163670615469,0.24941251652038957,0.4073911942689854,823
random_permuted_shock_weighted_sector_exposure,43200,28800,9600,-0.19621352134702968,0.588170158227047,0.8229703984752512,0.7877655934625801,0.8006344269469564,0.7764020776762321,0.6315440851514144,0.2441892812783351,0.39875762900284245,824
random_permuted_shock_weighted_sector_exposure,43200,28800,9600,-0.19988203505345464,0.5908345074115657,0.8212620616663564,0.7878118787610284,0.7892291225047188,0.7720172929880852,0.6104066437883374,0.24675765924613713,0.41003602036769793,825
random_permuted_shock_weighted_sector_exposure,43200,28800,9600,-0.19776828891427173,0.5886682233479398,0.8221659675425572,0.7866505806495023,0.7950412659476099,0.7692382949153045,0.6208445154394738,0.2505328796245583,0.40450594608597895,826
random_permuted_shock_weighted_sector_exposure,43200,28800,9600,-0.19699883075588492,0.5881925265045839,0.8224286374467915,0.7877433253021203,0.7958364722572363,0.7741682610828312,0.6213366623160446,0.2448425496318914,0.40424333485040037,827
random_permuted_shock_weighted_sector_exposure,43200,28800,9600,-0.19727758274310042,0.5899726108378184,0.8184103407453931,0.7852538853671569,0.7926195291649059,0.7710424350939252,0.6169584403546806,0.2482294708283856,0.4065736112436784,828
random_permuted_shock_weighted_sector_exposure,43200,28800,9600,-0.19458122422464935,0.5857308405945812,0.8209946754160101,0.7892248357372101,0.7947705277268153,0.7783563592330234,0.6194241378859174,0.24652989229571604,0.40526291005549886,829
random_permuted_shock_weighted_sector_exposure,43200,28800,9600,-0.1943833225283726,0.586965035915727,0.8182882968181311,0.786008288555867,0.785819218618265,0.7741442495166656,0.6051903184019856,0.2490520020703488,0.4127719106848841,830
random_permuted_shock_weighted_sector_exposure,43200,28800,9600,-0.19800106282600155,0.5902973388862908,0.823811779168638,0.7893424425414567,0.7995711944454047,0.7768154963257228,0.6255578937599264,0.24620832747257537,0.4019838251119617,831
random_permuted_shock_weighted_sector_exposure,43200,28800,9600,-0.19942022236462736,0.5895615006583889,0.8236982148633568,0.7871341716277992,0.8015040624357661,0.7641559588716326,0.6293589237404095,0.2461089399003283,0.39993831529403034,832
random_permuted_shock_weighted_sector_exposure,43200,28800,9600,-0.19753736793169768,0.5896681981922847,0.8202625109057587,0.7882590493210236,0.7970083163419409,0.7744467086911392,0.625421426930943,0.24637194947827187,0.4020570706947375,833
random_permuted_shock_weighted_sector_exposure,43200,28800,9600,-0.19838665794540794,0.5895083765166996,0.8230297501151499,0.7876283485168685,0.8027914872854994,0.7732082005042363,0.6331840129679646,0.24627331229569469,0.3978692418726374,834
random_permuted_shock_weighted_sector_exposure,43200,28800,9600,-0.201091284129917,0.592397269341519,0.8244261212923976,0.7880356575137407,0.8009810841616213,0.7708854014758857,0.6293957143040441,0.24734312462479124,0.399918465468777,835
random_permuted_shock_weighted_sector_exposure,43200,28800,9600,-0.19717593344641254,0.5893275392241669,0.8230086854112103,0.7885370659329942,0.790786887632537,0.7688308997738916,0.614228925739051,0.24881355628999377,0.40801964054584927,836
random_permuted_shock_weighted_sector_exposure,43200,28800,9600,-0.20021028211166142,0.5928876590349016,0.8249694704747034,0.7905660315187193,0.8049479174739564,0.7731646067290773,0.6361942746790525,0.24549182175925768,0.3962333291501486,837
random_permuted_shock_weighted_sector_exposure,43200,28800,9600,-0.19883149737285094,0.5912896060863794,0.8207829159617253,0.7876987449678176,0.7973997245350045,0.774117227222116,0.6229918788645352,0.24569555251945657,0.40335885119634524,838
random_permuted_shock_weighted_sector_exposure,43200,28800,9600,-0.19790049109682412,0.5901580279672107,0.8179471781246443,0.7862873620167772,0.789555753717709,0.7692699606622393,0.6087328688201354,0.25070420875015664,0.41091587684410263,839
random_permuted_shock_weighted_sector_exposure,43200,28800,9600,-0.2024559262054843,0.5936228462950505,0.8235777764871282,0.7858532391415596,0.7957519017271659,0.7730026547575828,0.6187667072985332,0.24690313148290927,0.4056127972867422,840
random_permuted_shock_weighted_sector_exposure,43200,28800,9600,-0.19871336910185683,0.5909076273252697,0.823336464798022,0.7886972676449079,0.7919929767148156,0.7696695299974474,0.6160578262629035,0.24915535169365627,0.407051302153615,841
random_permuted_shock_weighted_sector_exposure,43200,28800,9600,-0.20002361407319852,0.5923867037319321,0.8250385112807909,0.7889932348185226,0.8037995973116616,0.7778293909162919,0.6356791998141402,0.2443003829337439,0.39651372281627645,842
random_permuted_shock_weighted_sector_exposure,43200,28800,9600,-0.19783512115891083,0.5894057071466856,0.8214808920736771,0.7863569375444917,0.7956902540698522,0.7674912409806111,0.6184462362299302,0.24884860858316624,0.4057832439177209,843
random_permuted_shock_weighted_sector_exposure,43200,28800,9600,-0.1970532714818361,0.5885143791085352,0.8224826241002767,0.7874369141361558,0.7922099697004363,0.7652666133434513,0.6143581661140212,0.24881008962423343,0.4079512877944435,844
random_permuted_shock_weighted_sector_exposure,43200,28800,9600,-0.20180347521754055,0.592267612679627,0.8259414632219089,0.7879663175428141,0.8071934456247863,0.7742768257249446,0.6422252251653675,0.24221240528099808,0.3929353462314527,845
random_permuted_shock_weighted_sector_exposure,43200,28800,9600,-0.19607803355373093,0.5877029122263561,0.8191555346706217,0.7877008339336163,0.7885540886554827,0.7715819785074829,0.609497860623766,0.24867124405092914,0.41051397613063356,846
random_permuted_shock_weighted_sector_exposure,43200,28800,9600,-0.19548243640665014,0.585680469834961,0.8260389822801992,0.7887742380013569,0.8109291480393368,0.7792635569488315,0.6480936755577409,0.239721361351843,0.3896994337194049,847
random_permuted_shock_weighted_sector_exposure,43200,28800,9600,-0.1991268736687028,0.5913938171199186,0.8213342210025318,0.7886503995830096,0.7943998013482134,0.7743676497486837,0.6169590714178336,0.24751868300814475,0.4065732763273694,848
random_permuted_shock_weighted_sector_exposure,43200,28800,9600,-0.2009762129815626,0.593117016463983,0.8241715906512842,0.7898397176687939,0.7937370190150749,0.7739022661314374,0.6179541276028975,0.24706660056969126,0.406044838885669,849
random_permuted_shock_weighted_sector_exposure,43200,28800,9600,-0.1999912905942876,0.5931588279475402,0.8228897839561389,0.7885552671959696,0.795085817759125,0.776168320407492,0.6195901323983168,0.2463920653073061,0.4051745193260361,850
random_permuted_shock_weighted_sector_exposure,43200,28800,9600,-0.19945713851322938,0.5917986277269895,0.8242716480632538,0.7873583618515164,0.8011829966355852,0.7729207554156547,0.6320533501131904,0.24436897242921438,0.39848196032855115,851
random_permuted_shock_weighted_sector_exposure,43200,28800,9600,-0.1956367362039509,0.5873270017117003,0.8209897271805823,0.7871558032914603,0.7896857733546099,0.7713105502311991,0.6088013752974784,0.24925105792192304,0.4108799018933899,852
random_permuted_shock_weighted_sector_exposure,43200,28800,9600,-0.1973849554227401,0.5875191697394815,0.8218481724470909,0.7866943035609377,0.8007154789387857,0.7751462159990765,0.6298823487065746,0.2443469931498246,0.39965581603495226,853
random_permuted_shock_weighted_sector_exposure,43200,28800,9600,-0.1965405203737099,0.588256178523231,0.8220893228206817,0.7878005943616426,0.8047897120131126,0.7811044551305778,0.6375523898004799,0.24181872022252027,0.39549305268004287,854
random_permuted_shock_weighted_sector_exposure,43200,28800,9600,-0.19717648174905572,0.5892542645185008,0.8227011886163008,0.7848730999704209,0.7944649954958252,0.7710562554722974,0.62141366261717,0.24699632774958563,0.40420223179398074,855
random_permuted_shock_weighted_sector_exposure,43200,28800,9600,-0.1990639310693751,0.5917049734474786,0.8255440475024831,0.7907866483660166,0.8019842594439393,0.7793055526400804,0.6316057316757202,0.24095204411745266,0.3987242694485904,856
random_permuted_shock_weighted_sector_exposure,43200,28800,9600,-0.20107931471057322,0.5909466376215223,0.8255813979963759,0.7881381887189971,0.7942956912701395,0.772456929440789,0.6198101899651538,0.24551613653458276,0.40505731072467294,857
random_permuted_shock_weighted_sector_exposure,43200,28800,9600,-0.19895848127918464,0.5906594462089072,0.8231909204031036,0.7880653425710732,0.797753464088389,0.7729964709765629,0.6251528883187596,0.2458768104744329,0.40220116396609207,858
random_permuted_shock_weighted_sector_exposure,43200,28800,9600,-0.19727030811951413,0.5883493833508591,0.8225912793789286,0.788020546142003,0.8021261114839788,0.7785187380011444,0.6335184205957074,0.24379450473256228,0.39768784186320416,859
random_permuted_shock_weighted_sector_exposure,43200,28800,9600,-0.20120549017581196,0.5919183970494784,0.8265487759444737,0.7892527723646131,0.8052126591004671,0.7760255371154957,0.638738136569149,0.24344970288557774,0.3948455952672049,860
random_permuted_shock_weighted_sector_exposure,43200,28800,9600,-0.19549880453020158,0.5875144070035497,0.8228431854766838,0.7883147669195114,0.8018575210451495,0.7773922701650439,0.6329109879203265,0.24421603386309718,0.39801728348857035,861
random_permuted_shock_weighted_sector_exposure,43200,28800,9600,-0.19933421800772283,0.5913840736883913,0.823860297748935,0.7897621696359088,0.7997840815568146,0.7767752197985208,0.6270793378677054,0.24474577502231587,0.4011663176242557,862
random_permuted_shock_weighted_sector_exposure,43200,28800,9600,-0.19760057930848968,0.5878608671533343,0.8242109078974547,0.789176201082253,0.8016654107051351,0.7769931713150999,0.6323955545793956,0.24423621598851716,0.39829661548730616,863
random_permuted_shock_weighted_sector_exposure,43200,28800,9600,-0.19952827675944113,0.591441269367443,0.8214064660265801,0.78809924832463,0.7879123858946674,0.7704214154204891,0.6077716241356794,0.24828314814281208,0.41142032555742675,864
random_permuted_shock_weighted_sector_exposure,43200,28800,9600,-0.19765598760762154,0.5903158809599072,0.8203018636424909,0.7873661094088545,0.7941730451688053,0.7761734187511218,0.6178395763807953,0.24745995260285014,0.4061057078150818,865
random_permuted_shock_weighted_sector_exposure,43200,28800,9600,-0.199394252000416,0.5922559587197177,0.8235471463721781,0.7884313896456363,0.8012465646622172,0.7736541044247929,0.6302495097569715,0.24518821641491095,0.39945753522042254,866
random_permuted_shock_weighted_sector_exposure,43200,28800,9600,-0.1992390051051391,0.5881260754245814,0.8206995302768887,0.7866191823385603,0.7888921067380117,0.773833994490948,0.6106629648100463,0.2456535257238544,0.4099011128511,867
random_permuted_shock_weighted_sector_exposure,43200,28800,9600,-0.19944353884291882,0.5919882041505026,0.8240246099150671,0.7878530166769822,0.8088349542266619,0.776321863527462,0.6436065105989384,0.24078075190141102,0.3921760965782648,868
random_permuted_shock_weighted_sector_exposure,43200,28800,9600,-0.19986910325587698,0.5898718015064205,0.8194220448078053,0.7860620035749404,0.7918354806356666,0.7650542812398285,0.6150215361389304,0.25094545827116527,0.40760026372016844,869
random_permuted_shock_weighted_sector_exposure,43200,28800,9600,-0.19768117523982703,0.5882809987083663,0.818429027381277,0.7860716397578925,0.7758598296372954,0.7653600941299489,0.5905701274283828,0.2531212110287098,0.420345112224942,870
random_permuted_shock_weighted_sector_exposure,43200,28800,9600,-0.1967829827190915,0.5869307819912338,0.8186080533223171,0.7873796359905647,0.787879185586456,0.7738873861686061,0.6058151173142852,0.2480778073690712,0.41244516900758077,871
random_permuted_shock_weighted_sector_exposure,43200,28800,9600,-0.20034509612096524,0.5902061574748714,0.820737115966663,0.7904937801714872,0.7900360805128964,0.7759689327382437,0.609851570589146,0.24798539776086073,0.4103280158437434,872
random_permuted_shock_weighted_sector_exposure,43200,28800,9600,-0.19787836437435175,0.5901791458812942,0.8190525291483669,0.7864564306018598,0.7841405206008072,0.7763108196723815,0.6047776457650638,0.24845633446065965,0.41298757812208775,873
random_permuted_shock_weighted_sector_exposure,43200,28800,9600,-0.19791779538799786,0.5889558667089551,0.8232904051525622,0.7894110672225345,0.7993157682044443,0.7771745003875324,0.6256202495236063,0.24510371088271707,0.40195035257825057,874
random_permuted_shock_weighted_sector_exposure,43200,28800,9600,-0.19991460785089205,0.5909324111037559,0.8243224314129733,0.7881174675588852,0.800544503301784,0.7787980116435665,0.628239358714427,0.24235965373798862,0.40054189023900033,875
random_permuted_shock_weighted_sector_exposure,43200,28800,9600,-0.1978209882223378,0.5894800173201948,0.8229941867922768,0.7898144779663907,0.7988606443495229,0.7794933467996212,0.6256644654065705,0.24382157804191554,0.4019266158316577,876
random_permuted_shock_weighted_sector_exposure,43200,28800,9600,-0.1923702447845433,0.5815266895217678,0.8169605394775991,0.7886500835426591,0.7848127017831512,0.7717513177864124,0.6050498675524449,0.24968456783950294,0.4128453245513146,877
random_permuted_shock_weighted_sector_exposure,43200,28800,9600,-0.1981686525728273,0.5884228570854091,0.8245826303569532,0.7891121390583928,0.7958446480111157,0.7789475146084627,0.6216159257249056,0.2440081713334548,0.40409424305533576,878
random_permuted_shock_weighted_sector_exposure,43200,28800,9600,-0.19828915557810362,0.5902206318899705,0.8226500803120615,0.7894738087061174,0.8018165102917826,0.781638362082024,0.6305782552626324,0.2423080301078293,0.39927991669791885,879
random_permuted_shock_weighted_sector_exposure,43200,28800,9600,-0.19646265517912692,0.5881324583242578,0.8204434554340009,0.7872562628296836,0.7925775066653197,0.7691627494427578,0.6155994092007824,0.24788880114863626,0.40729423404463266,880
random_permuted_shock_weighted_sector_exposure,43200,28800,9600,-0.19904481427749093,0.5909822370495589,0.8227478216051319,0.7883273947362002,0.7919802964170594,0.77766287027119,0.6119429429249622,0.2468869345267286,0.40922676603054564,881
random_permuted_shock_weighted_sector_exposure,43200,28800,9600,-0.1953096876876665,0.5868337683339173,0.8208349641080804,0.7865241411837831,0.7937373499661284,0.774127447782021,0.6192242241379855,0.2475505356039036,0.4053693369188542,882
random_permuted_shock_weighted_sector_exposure,43200,28800,9600,-0.20053668632673122,0.5919061245723422,0.8245007386178114,0.7885877377177253,0.7964938869651703,0.7773549253686886,0.6223276029655226,0.2438841774648368,0.4037140473132186,883
random_permuted_shock_weighted_sector_exposure,43200,28800,9600,-0.19791058147064927,0.5913930902083253,0.8198320548963107,0.7859520188105501,0.7999248296813541,0.7723911278200122,0.629140097482406,0.24758154371119853,0.4000563595380288,884
random_permuted_shock_weighted_sector_exposure,43200,28800,9600,-0.19795921540012745,0.5902180824511819,0.8267226518793157,0.7889708560164282,0.8029511259335304,0.7770135194830914,0.6345981089067116,0.24470694277460733,0.3971015973524995,885
random_permuted_shock_weighted_sector_exposure,43200,28800,9600,-0.2000995569030995,0.5920132501576068,0.8273586480509599,0.7901635647710912,0.8033454894414485,0.7742379201873634,0.6343786697900342,0.24561046800861344,0.3972208175139953,886
random_permuted_shock_weighted_sector_exposure,43200,28800,9600,-0.19952269993651545,0.5888448530554417,0.8267539453023705,0.7893936034436136,0.8055273298203462,0.7727677608895156,0.6401705676874947,0.2442062300871003,0.394062021161699,887
random_permuted_shock_weighted_sector_exposure,43200,28800,9600,-0.19924366866497506,0.5919661578373397,0.8240049202144221,0.78727494007582,0.8032009665706625,0.7743150298283686,0.6320554525740447,0.24487811885554323,0.3984808218565474,888
random_permuted_shock_weighted_sector_exposure,43200,28800,9600,-0.19881070634262737,0.5900639267714083,0.818888500876074,0.7874609046827176,0.7916708328467769,0.7743763424157608,0.6119938668726335,0.2458611000677342,0.40919991414657203,889
random_permuted_shock_weighted_sector_exposure,43200,28800,9600,-0.1970209901124345,0.5890471417808205,0.8195719162619106,0.7853605551082921,0.7967105921730668,0.7722027472246522,0.6257363177373012,0.245203041678129,0.40188803981172877,890
random_permuted_shock_weighted_sector_exposure,43200,28800,9600,-0.19951852028379352,0.5906601126753817,0.8234524310916392,0.7879937978103716,0.802353577535666,0.7724796448714399,0.6334194932574699,0.24374297268005174,0.3977415137900136,891
random_permuted_shock_weighted_sector_exposure,43200,28800,9600,-0.19826221903595814,0.5902635306442217,0.822373847621736,0.7897005655053427,0.7947846859406424,0.7762392889046154,0.6210969365681159,0.244656286661895,0.4043712746234746,892
random_permuted_shock_weighted_sector_exposure,43200,28800,9600,-0.1959507826718339,0.5877909269235501,0.8225266632022132,0.7884253724388524,0.7976764709075564,0.772249265694021,0.6243562108827373,0.24491048418304776,0.4026283441550306,893
random_permuted_shock_weighted_sector_exposure,43200,28800,9600,-0.19664538867892095,0.5881152875771749,0.8228677416377224,0.7880385248625568,0.8122178671659422,0.7778761905289702,0.6501674332632879,0.239344641896633,0.38854950226221563,894
random_permuted_shock_weighted_sector_exposure,43200,28800,9600,-0.1941328698233889,0.586084136258399,0.8178228346895005,0.7858420113706095,0.792949490745639,0.7787664940748497,0.6172713018446647,0.2459712162930819,0.40640753630072207,895
random_permuted_shock_weighted_sector_exposure,43200,28800,9600,-0.19890235785225924,0.5916972438342346,0.818738302351384,0.7868962519424477,0.7903566661958438,0.7690987830114868,0.6098817179417707,0.24912486682555748,0.410312162207755,896
random_permuted_shock_weighted_sector_exposure,43200,28800,9600,-0.2018484291394796,0.5949574953860012,0.8234105509750792,0.7884552098619501,0.794896886343279,0.7774533925521164,0.6183252379890751,0.24592403054222273,0.4058475797615663,897
random_permuted_shock_weighted_sector_exposure,43200,28800,9600,-0.19820270973824522,0.5897070902696183,0.8221955912968152,0.7872678573240395,0.8023747446371963,0.7767511220935311,0.634063279850415,0.24332324415306014,0.397392104627203,898
random_permuted_shock_weighted_sector_exposure,43200,28800,9600,-0.19750246507750852,0.5878767554265818,0.8228189823989551,0.7878533357405046,0.7921775905341701,0.7743865673488705,0.6163772549306976,0.2458069577765239,0.4068819395264613,899
random_permuted_shock_weighted_sector_exposure,43200,28800,9600,-0.20092364657221712,0.5926476130084236,0.8250354321008903,0.7893525785366566,0.7949103825808301,0.7758869500044572,0.6203053609900633,0.24676961106237377,0.4047934451646575,900
random_permuted_shock_weighted_sector_exposure,43200,28800,9600,-0.1955565995937914,0.5877916740713699,0.8202108608975281,0.7860314329494057,0.7916066199762649,0.7749359779462626,0.6143307319224581,0.24713587791083463,0.40796579816878276,901
random_permuted_shock_weighted_sector_exposure,43200,28800,9600,-0.19891326933642123,0.5925927497365581,0.8221482057177547,0.7875090019772306,0.7887122229465766,0.7739863043377464,0.603140035757378,0.24787963091296097,0.41384230389034565,902
random_permuted_shock_weighted_sector_exposure,43200,28800,9600,-0.19874967213372435,0.5913546317973739,0.8214077918573546,0.7882276576369069,0.7968869929857163,0.779062340218561,0.6224694722741202,0.24521396179251626,0.40363821437850916,903
random_permuted_shock_weighted_sector_exposure,43200,28800,9600,-0.19810451955146574,0.5891792023772253,0.8259703901158807,0.7874633308995326,0.801689600056591,0.7756911014781072,0.6332900999854728,0.24496788196974384,0.39781170374048674,904
random_permuted_shock_weighted_sector_exposure,43200,28800,9600,-0.19744748732197576,0.5904950349951473,0.8204136703954182,0.7894751983002093,0.7933682123763408,0.7775851236363475,0.61748456476144,0.24627116191003628,0.4062942919397652,905
random_permuted_shock_weighted_sector_exposure,43200,28800,9600,-0.19870979437569708,0.5900627232720521,0.8226531502145854,0.7876769093145615,0.8003394736383237,0.7797699900458075,0.628720864016449,0.24361765639358035,0.4002824147700365,906
random_permuted_shock_weighted_sector_exposure,43200,28800,9600,-0.19785593424601094,0.587957302605334,0.8242422858159049,0.7859525129676344,0.8053464037635634,0.7726534956447249,0.6389976158634327,0.24388954185189798,0.3947037692532437,907
random_permuted_shock_weighted_sector_exposure,43200,28800,9600,-0.19617973040873088,0.5861108458927684,0.8210967658481775,0.7875412210107372,0.7976352439366843,0.7742627574779403,0.6264350009137706,0.24363279313760292,0.40151273812566135,908
random_permuted_shock_weighted_sector_exposure,43200,28800,9600,-0.1995112557744883,0.5905469829061822,0.8237594957562471,0.7861075054744966,0.800431004546274,0.7705588821690712,0.6289145132886713,0.2473196364445327,0.4001780128513904,909
random_permuted_shock_weighted_sector_exposure,43200,28800,9600,-0.20074102115207043,0.592853703145496,0.8233478822312079,0.788289303281613,0.7933563274084717,0.7768957183843617,0.6154858407993113,0.24673622719477617,0.40735439568358117,910
random_permuted_shock_weighted_sector_exposure,43200,28800,9600,-0.19925407575254034,0.5891220405102993,0.824900223973556,0.790444965951717,0.7897432033157982,0.7794533791857765,0.6127366808441685,0.24583799207222473,0.40880803241487373,911
random_permuted_shock_weighted_sector_exposure,43200,28800,9600,-0.1967532089763015,0.5892168311946313,0.822273369910208,0.7867865453416281,0.8019155846549957,0.7758169917687302,0.6314784917511097,0.24552606436836347,0.39879312131515277,912
random_permuted_shock_weighted_sector_exposure,43200,28800,9600,-0.19536952326421703,0.5875427819280449,0.8187813803524211,0.7877818322808577,0.7838511607198103,0.7750546590060707,0.6009533124135922,0.249067901414374,0.41498088618118883,913
random_permuted_shock_weighted_sector_exposure,43200,28800,9600,-0.19802738123903446,0.5908687191017378,0.8250505385819267,0.7885681130662973,0.8036208216128036,0.778717014827184,0.6349309372793331,0.24122906515773593,0.3969207050370243,914
random_permuted_shock_weighted_sector_exposure,43200,28800,9600,-0.19503109583693062,0.5860641036270983,0.8231151580533451,0.7878676842471354,0.8004442534066708,0.7738372628969976,0.6334321216081216,0.24352485406058083,0.3977346628221211,915
random_permuted_shock_weighted_sector_exposure,43200,28800,9600,-0.19692431940890015,0.5890238803214578,0.8207513805865099,0.7871620310157574,0.7960399605614988,0.7738179702118352,0.622325606668616,0.24570678452494746,0.4037151142856067,916
random_permuted_shock_weighted_sector_exposure,43200,28800,9600,-0.1986123452463862,0.5906598379918173,0.8211031975617322,0.7872419403215131,0.7984108372383696,0.7767402175740853,0.6249079556883312,0.24349887675497126,0.40233254566649324,917
random_permuted_shock_weighted_sector_exposure,43200,28800,9600,-0.19965828860549045,0.5903888850802292,0.8238440162360409,0.7873377827064618,0.7909358124324182,0.769534217215279,0.6125086618439817,0.24785872668186434,0.40892836692236667,918
random_permuted_shock_weighted_sector_exposure,43200,28800,9600,-0.196697346575685,0.5886947215515946,0.8228560518923043,0.7887442293363567,0.7997323252796648,0.7787068058946911,0.631205894297826,0.24312195994217695,0.39894058881827993,919
random_permuted_shock_weighted_sector_exposure,43200,28800,9600,-0.1964488719680017,0.5879106068942518,0.8208711312907714,0.7867651124906155,0.7903932180322444,0.7709605190402662,0.6133371367823737,0.24702055112876015,0.4084909788446305,920
random_permuted_shock_weighted_sector_exposure,43200,28800,9600,-0.1987323481974383,0.5912358548227593,0.8238626644815079,0.7873770046482472,0.7967101476934867,0.7707429520473434,0.6218528224405306,0.24704912554508132,0.40396772664846387,921
random_permuted_shock_weighted_sector_exposure,43200,28800,9600,-0.19391535538527888,0.5867459933227948,0.819465224120394,0.7878802489260501,0.7944300955742043,0.7790856612336908,0.6221871080810417,0.24565307142374385,0.40378913154614243,922
random_permuted_shock_weighted_sector_exposure,43200,28800,9600,-0.19782872310361405,0.5899064607533897,0.821102084600092,0.7891045875326079,0.7938757654435041,0.7744162682052538,0.617660272562911,0.24586445197103426,0.4062009659322303,923
random_permuted_shock_weighted_sector_exposure,43200,28800,9600,-0.19792448662504908,0.5889601688129862,0.8231486088113882,0.7874944314221205,0.7988323680660813,0.7764277313035853,0.6290151052233844,0.2434076862218447,0.40012377008205363,924
random_permuted_shock_weighted_sector_exposure,43200,28800,9600,-0.196117590573962,0.5886831759895121,0.8240107797092048,0.7877387647656987,0.7958526921480693,0.7718665063525125,0.6197245749156003,0.2444815814429783,0.4051029156418627,925
random_permuted_shock_weighted_sector_exposure,43200,28800,9600,-0.20026486651150005,0.5915596910826808,0.8196310193747899,0.7883344255800114,0.7853018314840916,0.7680036804215336,0.6010612980138716,0.2521143602299918,0.4149247336136668,926
random_permuted_shock_weighted_sector_exposure,43200,28800,9600,-0.20033361121048993,0.591196469174198,0.825550079085185,0.7875081343183831,0.7969695263715959,0.7702688491225208,0.6221596341998705,0.24591804171128787,0.4038038126927963,927
random_permuted_shock_weighted_sector_exposure,43200,28800,9600,-0.196201921339984,0.5858503685387826,0.8212095757284454,0.7869422831554671,0.7936172639959344,0.769883268796525,0.621541735949928,0.24452477141565684,0.4041338564978879,928
random_permuted_shock_weighted_sector_exposure,43200,28800,9600,-0.19953138065681236,0.5919990186323429,0.823185532559534,0.7866069351491294,0.7954170408091096,0.7746638164468229,0.6217186950166775,0.2451659820244107,0.4040393632359102,929
random_permuted_shock_weighted_sector_exposure,43200,28800,9600,-0.19781262854178377,0.5896738086730398,0.8236717476577775,0.7861700014979686,0.8071401043926014,0.7760043923413243,0.6433666334200878,0.24415643033896448,0.3923080550373948,930
random_permuted_shock_weighted_sector_exposure,43200,28800,9600,-0.19744824828969415,0.5909530862303488,0.8196625224295894,0.7870462804483058,0.7937372129756297,0.7765124039435014,0.6165457847597553,0.2464036911179367,0.40679255577987994,931
random_permuted_shock_weighted_sector_exposure,43200,28800,9600,-0.20004244878949212,0.5894195889849422,0.8259222386071069,0.7894632137206142,0.8005772023135314,0.7708779859656245,0.6316239226504926,0.2438223894511356,0.39871442500570475,932
random_permuted_shock_weighted_sector_exposure,43200,28800,9600,-0.19706529114273413,0.5884327281124205,0.8243417379299134,0.7913001228314762,0.7993915471480139,0.777402795131369,0.6287372222698351,0.24396758778022132,0.40027359661590695,933
random_permuted_shock_weighted_sector_exposure,43200,28800,9600,-0.1990257862831794,0.590204216603631,0.8211262877828298,0.7897695420978552,0.796758440089702,0.7727546388370299,0.624257989044462,0.24682434284761864,0.4026809795405303,934
random_permuted_shock_weighted_sector_exposure,43200,28800,9600,-0.20097957984109943,0.5910595295376616,0.8240183658272567,0.7882621458149339,0.8004318695427606,0.7742601334962467,0.6300204510799581,0.24499275218579528,0.39958124708897974,935
random_permuted_shock_weighted_sector_exposure,43200,28800,9600,-0.19789941009143425,0.587972642552875,0.82353886596386,0.787701331949361,0.7959622339309858,0.7731692943420753,0.6221384785438184,0.2463892457318952,0.40381511722213115,936
random_permuted_shock_weighted_sector_exposure,43200,28800,9600,-0.19626754476266245,0.588928641509385,0.8195305046713399,0.787541790915544,0.7968160183437247,0.7738626466756304,0.6245660575001675,0.24681372045289304,0.4025158679187956,937
random_permuted_shock_weighted_sector_exposure,43200,28800,9600,-0.19836239253025217,0.5891277099046309,0.8237611695641034,0.7870523127844041,0.7971217162973628,0.7692802124101445,0.6244617336102429,0.24457031575175822,0.40257178868089416,938
random_permuted_shock_weighted_sector_exposure,43200,28800,9600,-0.1992919108732884,0.591112266300482,0.823706113423812,0.7878155166084949,0.7989806371018873,0.7743992992333025,0.6248223004695483,0.24758495098583647,0.4023784809449926,939
random_permuted_shock_weighted_sector_exposure,43200,28800,9600,-0.19739381689063612,0.5900152270774176,0.8206660642651024,0.7890831612697532,0.7950014495618715,0.7767782337755236,0.617976303034121,0.24572159031904087,0.4060330545022837,940
random_permuted_shock_weighted_sector_exposure,43200,28800,9600,-0.1959005379300109,0.5871968470853605,0.819945671339851,0.7877569301076227,0.7922740003126517,0.7748794985482669,0.6186060657557413,0.24653169727214666,0.4056982454942263,941
random_permuted_shock_weighted_sector_exposure,43200,28800,9600,-0.19819699760289294,0.5874738918596918,0.8235621607814654,0.787989152791089,0.7958486707280652,0.7748470645744733,0.621407482680201,0.24722754984357556,0.4042055308223327,942
random_permuted_shock_weighted_sector_exposure,43200,28800,9600,-0.197476179107758,0.5892368721424539,0.8213776668483208,0.7856642045932394,0.7940037838900658,0.7725394518666087,0.619672926518348,0.24755672312279453,0.4051304249213928,943
random_permuted_shock_weighted_sector_exposure,43200,28800,9600,-0.19947569824010353,0.5924201412116391,0.821308100736959,0.785835229549749,0.797501298136121,0.774413730562663,0.624382017082977,0.246885875701636,0.4026145139168788,944
random_permuted_shock_weighted_sector_exposure,43200,28800,9600,-0.19782823433984204,0.5885630310943563,0.8196828365443456,0.7868361307311914,0.7906226442153841,0.7728854864235648,0.6151175634377273,0.2468887436427274,0.4075494255602891,945
random_permuted_shock_weighted_sector_exposure,43200,28800,9600,-0.19610850295452992,0.5898965749402635,0.8201221419784512,0.7890148053900758,0.7869855770709475,0.7721253123298353,0.6029623247661333,0.24871218820732224,0.4139349512992038,946
random_permuted_shock_weighted_sector_exposure,43200,28800,9600,-0.19931129817017373,0.5896296257739775,0.8219476492523397,0.7871428629670875,0.7899072773882938,0.7732524582614034,0.6129922110094104,0.2469967671669855,0.4086731370908612,947
random_permuted_shock_weighted_sector_exposure,43200,28800,9600,-0.1977209640324254,0.5897786145013016,0.8220916374359042,0.7876777229864791,0.7975595817523127,0.7787910603431201,0.6236456710977561,0.24405316069269645,0.40300895513493756,948
random_permuted_shock_weighted_sector_exposure,43200,28800,9600,-0.19759552561392796,0.5913092269781437,0.8200978930738518,0.787985259274414,0.7884452190857988,0.7733803163652706,0.6094389264497828,0.2484940218422138,0.41054495213167713,949
random_permuted_shock_weighted_sector_exposure,43200,28800,9600,-0.1993540878330739,0.5905376917439638,0.8224871648006915,0.7869588654586601,0.7940253526479818,0.7742356112258832,0.6160731450206085,0.24752358995270082,0.40704318168275233,950
random_permuted_shock_weighted_sector_exposure,43200,28800,9600,-0.20094532639356627,0.5903124447215269,0.826035631220059,0.7886907766861243,0.804156820867398,0.7747994255811044,0.6356084505165056,0.24437491102778006,0.3965522214493053,951
random_permuted_shock_weighted_sector_exposure,43200,28800,9600,-0.1978785441060798,0.5895964601416829,0.824395613669998,0.787901391678631,0.8029499164454319,0.7760148043248977,0.6349139364462179,0.24448677761984394,0.39692994699258266,952
random_permuted_shock_weighted_sector_exposure,43200,28800,9600,-0.1988717150719081,0.5904229835055497,0.825615702699116,0.7892124051189423,0.7978470997079342,0.7746576493219098,0.6239553834956781,0.24557654756376493,0.40284309739174523,953
random_permuted_shock_weighted_sector_exposure,43200,28800,9600,-0.1981159240568256,0.5888794834365327,0.8228486663548304,0.7883746848144971,0.8029406669281545,0.7746090586233046,0.6348297520506387,0.24368600943629715,0.396975707958204,954
random_permuted_shock_weighted_sector_exposure,43200,28800,9600,-0.19698925367142378,0.5893764582059399,0.8253228647299928,0.7875416653934182,0.7988668566045483,0.7722220945485991,0.626841279592468,0.2460139022257023,0.40129434180630846,955
random_permuted_shock_weighted_sector_exposure,43200,28800,9600,-0.19574989772010504,0.5862935799446595,0.8206835555092089,0.7878382763288395,0.7895032903605621,0.7748232484170721,0.6119062049448867,0.24600443322405682,0.4092461366471759,956
random_permuted_shock_weighted_sector_exposure,43200,28800,9600,-0.19873124546178295,0.5899628996125009,0.82269229843534,0.7874496085565478,0.7945748226401901,0.7742195542437151,0.6212172218157797,0.24558718641481353,0.4043070843799969,957
random_permuted_shock_weighted_sector_exposure,43200,28800,9600,-0.1940945342219847,0.5856774531802634,0.8208638174054322,0.7855221410946748,0.7951404665804775,0.7682533991543722,0.6172419582621568,0.2489930586009224,0.4064231155146145,958
random_permuted_shock_weighted_sector_exposure,43200,28800,9600,-0.19804730475921922,0.5903006373464791,0.8246367575879572,0.7891553624159344,0.8005344720457238,0.7812060353278806,0.629323074763724,0.24284136053524455,0.39995765615179324,959
random_permuted_shock_weighted_sector_exposure,43200,28800,9600,-0.1991651392222526,0.5904380359842014,0.8241964741468568,0.7875920441004345,0.80009070005393,0.770388703132365,0.6285760785401064,0.24704754202553297,0.4003604550172268,960
random_permuted_shock_weighted_sector_exposure,43200,28800,9600,-0.19925030947942918,0.5908321831987394,0.8219050846218141,0.7891112301194522,0.7931896662971745,0.7737052377936346,0.6158807964214112,0.24980596663850557,0.4071451338916688,961
random_permuted_shock_weighted_sector_exposure,43200,28800,9600,-0.19898188030864633,0.5916208431814285,0.8203322870356199,0.7874606937611163,0.7869120708646402,0.7761709803299666,0.6029971203549616,0.2490770328187013,0.4139168126856109,962
random_permuted_shock_weighted_sector_exposure,43200,28800,9600,-0.19964119241381556,0.5925474569048582,0.8211898519656358,0.7878538362402339,0.7941486580725062,0.7757104335876204,0.615574520859106,0.24631361766007528,0.4073074191362109,963
random_permuted_shock_weighted_sector_exposure,43200,28800,9600,-0.1958669873934588,0.5878792080860152,0.8203561928375266,0.7867879348264138,0.8032440098032039,0.7755572237433993,0.6364434966608099,0.24506764716452997,0.3960975877826836,964
random_permuted_shock_weighted_sector_exposure,43200,28800,9600,-0.19588023260208248,0.5893509596400041,0.8206573098956581,0.7886358597032866,0.7947465003026406,0.7742654628133661,0.6198565104148157,0.2475369548715568,0.4050326348814602,965
random_permuted_shock_weighted_sector_exposure,43200,28800,9600,-0.1971031783926343,0.5891708628789976,0.8212232901765556,0.7886096232561502,0.7889811789777029,0.7741206232816866,0.6102017568862143,0.2473909267240246,0.4101438250391608,966
random_permuted_shock_weighted_sector_exposure,43200,28800,9600,-0.19708613204348263,0.5868336471009256,0.8244430618277221,0.7906984384125536,0.799308829651367,0.7797440879953247,0.6285844014374561,0.24444120043479478,0.4003559693373278,967
random_permuted_shock_weighted_sector_exposure,43200,28800,9600,-0.19821903933787294,0.5901176264728478,0.8193475153537142,0.7868071510342975,0.7902572852766722,0.7733397524493671,0.6139221502644492,0.2470646566551898,0.4081818423701936,968
random_permuted_shock_weighted_sector_exposure,43200,28800,9600,-0.19824140194747403,0.5894036497421766,0.8194292550435374,0.7870232947057175,0.7896715437379447,0.7737084634290768,0.6125332852823784,0.24640480227350708,0.4089153738804206,969
random_permuted_shock_weighted_sector_exposure,43200,28800,9600,-0.1958244121419474,0.5885654778078605,0.8232551476930478,0.7879839848366408,0.7992037191335527,0.7699075956950254,0.6275124168113974,0.24609386535453992,0.4009333094098265,970
random_permuted_shock_weighted_sector_exposure,43200,28800,9600,-0.19679056009965928,0.587640382364216,0.820927822307201,0.7875905738140294,0.8010163703407128,0.7772504450393589,0.6312711937144193,0.2441864914718863,0.39890526864837117,971
random_permuted_shock_weighted_sector_exposure,43200,28800,9600,-0.20077752073227678,0.5930343051892316,0.818249715358566,0.7888944198634066,0.7859949100708611,0.7722576642603013,0.6009127404988516,0.24953754257301858,0.4150019816340848,972
random_permuted_shock_weighted_sector_exposure,43200,28800,9600,-0.2033078962027582,0.5939480551207621,0.8244994567435346,0.7897936932770152,0.8049008495453506,0.7772674116223948,0.6356455988187522,0.24328170315854947,0.3965320074552278,973
random_permuted_shock_weighted_sector_exposure,43200,28800,9600,-0.20111030960150894,0.5926602998243358,0.8263469359298139,0.7874792393135897,0.8015578329304309,0.7778840208088393,0.6330076993331271,0.24313088335892785,0.3979648502255838,974
random_permuted_shock_weighted_sector_exposure,43200,28800,9600,-0.1960090020484792,0.5883587307233766,0.8163784925901927,0.7868634400883043,0.7770932597751852,0.768098772601312,0.5890933564138896,0.2516491776841338,0.42110250045946834,975
random_permuted_shock_weighted_sector_exposure,43200,28800,9600,-0.19651719641285154,0.5883794605648994,0.8231225851630531,0.7883977963366353,0.8008982339960041,0.7771098606565016,0.6323345957837696,0.24350738837309543,0.3983296383136216,976
random_permuted_shock_weighted_sector_exposure,43200,28800,9600,-0.20066834153393381,0.5926432113480092,0.8222062656364497,0.7883394980564571,0.7898408166193303,0.774359158777761,0.6079649998785148,0.24850190274176365,0.4113188941919769,977
random_permuted_shock_weighted_sector_exposure,43200,28800,9600,-0.19861823857507527,0.5899762130778383,0.8230832397050376,0.7895903450650754,0.7973653036138909,0.7772826334426287,0.6251641742769662,0.24329020435149232,0.4021951091512714,978
random_permuted_shock_weighted_sector_exposure,43200,28800,9600,-0.20030249366184677,0.5929717602181326,0.8240671382651429,0.7865400308413876,0.8047455648697401,0.7781203141256926,0.6354997246661633,0.24424730454047572,0.39661137795535273,979
random_permuted_shock_weighted_sector_exposure,43200,28800,9600,-0.19537698921401964,0.5867824944367338,0.8235334121917218,0.7865534907231445,0.805043789019802,0.7745225893243686,0.6370871878019964,0.24215827458002703,0.3957467792258859,980
random_permuted_shock_weighted_sector_exposure,43200,28800,9600,-0.20008592837256517,0.5931242542226595,0.8247888871103626,0.7885955553870445,0.802911482469413,0.7802301053285321,0.63143599448378,0.2428334328585515,0.39881611472115763,981
random_permuted_shock_weighted_sector_exposure,43200,28800,9600,-0.19904370804937138,0.5900704975364429,0.8191793882849326,0.7878584634243314,0.7928469149079388,0.7736076877415414,0.6175278697763109,0.24572904687792685,0.40627129276543467,982
random_permuted_shock_weighted_sector_exposure,43200,28800,9600,-0.19722960655828986,0.5887716398516218,0.8206755807774568,0.7872746345648242,0.7927125204997417,0.773535313882164,0.6144888864927822,0.24814892015897755,0.40788214064542583,983
random_permuted_shock_weighted_sector_exposure,43200,28800,9600,-0.19754243470525684,0.5876115129841079,0.8221522065502034,0.78889177132259,0.7919572124137968,0.778091903918899,0.6155190566635536,0.2455207608122379,0.4073368008561844,984
random_permuted_shock_weighted_sector_exposure,43200,28800,9600,-0.20123783277144797,0.5948966143491844,0.8242988407499688,0.7883796688948616,0.7968622927915471,0.7718595834237362,0.6239743622916152,0.24617080816273632,0.4028329316121106,985
random_permuted_shock_weighted_sector_exposure,43200,28800,9600,-0.1989572900063124,0.5899447407532604,0.8225589316765877,0.788224631666545,0.7956589168621303,0.7723440661253816,0.6198005703624987,0.24600735764782097,0.40506243509364853,986
random_permuted_shock_weighted_sector_exposure,43200,28800,9600,-0.19895705502444477,0.5886124594539044,0.8283358322819934,0.7905959813095822,0.8072195643390869,0.7775189587314311,0.6422574415295782,0.24222930883930932,0.39291765460797595,987
random_permuted_shock_weighted_sector_exposure,43200,28800,9600,-0.1979804989998441,0.5879543711049516,0.8213156120284906,0.7863638919869086,0.793334059129174,0.7688857887185749,0.6196480735731892,0.24769367985405752,0.40514366158064274,988
random_permuted_shock_weighted_sector_exposure,43200,28800,9600,-0.19820406859460965,0.590958301421706,0.827037429007548,0.7888553429774287,0.8039318970261361,0.7797599400575235,0.6353472513189693,0.243365262871477,0.39669432211986766,989
random_permuted_shock_weighted_sector_exposure,43200,28800,9600,-0.19598415284099674,0.5885539425901983,0.8206526405682792,0.78704335339502,0.7887011185537529,0.7745179509519272,0.6095141374123457,0.24873811519683556,0.41050542058361617,990
random_permuted_shock_weighted_sector_exposure,43200,28800,9600,-0.19926827533918717,0.5914625291317647,0.8202835372015393,0.7897861556443381,0.7920466094848584,0.77491283594929,0.6128097630580427,0.2478520161069138,0.4087694565877163,991
random_permuted_shock_weighted_sector_exposure,43200,28800,9600,-0.19839576768641015,0.5904984285756638,0.8220667444015027,0.7874640358976566,0.7911976039567339,0.774757365724675,0.6143841829195333,0.2468005083337015,0.40793752662099936,992
random_permuted_shock_weighted_sector_exposure,43200,28800,9600,-0.19612647982539694,0.5876501216763552,0.8214996255190288,0.7873418199704391,0.7963108777902083,0.7742012920577441,0.6212647761201284,0.24519483695790087,0.40428170420600856,993
random_permuted_shock_weighted_sector_exposure,43200,28800,9600,-0.1950243761748704,0.5868968721902502,0.8190522161783397,0.7862038370335747,0.7879201081654749,0.7722905749177271,0.6089494559226116,0.2465845282540826,0.4108021292380923,994
random_permuted_shock_weighted_sector_exposure,43200,28800,9600,-0.19480057928581268,0.5854406492131495,0.8224038900005345,0.7892424232587979,0.7983394986005331,0.7776241532562227,0.6283538110681157,0.24374753652163567,0.4004802289361221,995
random_permuted_shock_weighted_sector_exposure,43200,28800,9600,-0.19609052672559685,0.5895155909360147,0.8235921246245742,0.7848611899213794,0.8016350254847993,0.769881837472011,0.633793733906038,0.24378630698614975,0.39753843554510526,996
random_permuted_shock_weighted_sector_exposure,43200,28800,9600,-0.19990723233312774,0.5908523775022181,0.8253447530932232,0.7870305621707391,0.8000259763046134,0.7725673769740411,0.626280215045682,0.24590453584861435,0.40159591248812854,997
random_permuted_shock_weighted_sector_exposure,43200,28800,9600,-0.1961476063864505,0.5886634195805858,0.8206528459915409,0.7867268594053067,0.7945015721395999,0.769376176619618,0.619454693542018,0.24728256654712277,0.40524664086464157,998
random_permuted_shock_weighted_sector_exposure,43200,28800,9600,-0.19836333166403392,0.5893894497755562,0.8234952840677675,0.7898569447002048,0.8017880848315313,0.7799880524421299,0.6318712653820591,0.24295413001738814,0.3985805459608302,999
